ID	adj.P.Val	P.Value	t	B	logFC	Gene.symbol	Gene.title
210406_s_at	0.00000146	2.25e-10	12.6716171	13.83633	0.54760614	WTH3DI///RAB6C///RAB6A	RAB6C-like///RAB6C, member RAS oncogene family///RAB6A, member RAS oncogene family
203284_s_at	0.00000146	5.18e-10	12.031594	13.07189	0.73924198	HS2ST1	heparan sulfate 2-O-sulfotransferase 1
202123_s_at	0.00000146	6.73e-10	11.8359193	12.82998	0.69103825	ABL1	ABL proto-oncogene 1, non-receptor tyrosine kinase
203140_at	0.00000146	7.03e-10	-11.8036549	12.78971	-0.74952048	BCL6	B-cell CLL/lymphoma 6
201666_at	0.00000146	9.47e-10	11.5848952	12.51381	0.84889341	TIMP1	TIMP metallopeptidase inhibitor 1
214697_s_at	0.00000146	1.00e-09	11.5417674	12.45882	0.96405057	PTBP3	polypyrimidine tract binding protein 3
201829_at	0.00000432	3.46e-09	10.6704719	11.30407	1.39378408	NET1	neuroepithelial cell transforming 1
220189_s_at	0.0000045	4.11e-09	10.5521136	11.14054	0.92607202	MGAT4B	mannosyl (alpha-1,3-)-glycoprotein beta-1,4-N-acetylglucosaminyltransferase, isozyme B
210978_s_at	0.00000613	6.31e-09	10.2642328	10.73588	1.25664587	TAGLN2	transgelin 2
212224_at	0.00000728	8.68e-09	10.0536262	10.43349	1.7572551	ALDH1A1	aldehyde dehydrogenase 1 family member A1
218322_s_at	0.00000728	9.16e-09	10.0186409	10.38273	0.5927309	ACSL5	acyl-CoA synthetase long-chain family member 5
207974_s_at	0.00000751	1.03e-08	9.9416828	10.27054	0.56176306	SKP1	S-phase kinase-associated protein 1
203680_at	0.00000758	1.13e-08	9.8832239	10.18483	1.46636326	PRKAR2B	protein kinase cAMP-dependent type II regulatory subunit beta
209894_at	0.00000758	1.21e-08	9.8360137	10.11529	1.99519066	LEPROT///LEPR	leptin receptor overlapping transcript///leptin receptor
209267_s_at	0.0000082	1.49e-08	9.7058092	9.92206	0.81054334	SLC39A8	solute carrier family 39 member 8
203196_at	0.0000082	1.50e-08	9.7000339	9.91344	1.19818713	ABCC4	ATP binding cassette subfamily C member 4
212586_at	0.00000882	1.79e-08	9.5879376	9.74527	0.95989836	CAST	calpastatin
204082_at	0.00000882	1.88e-08	9.5562899	9.6975	0.85121793	PBX3	PBX homeobox 3
203440_at	0.00000882	1.97e-08	-9.5277919	9.65437	-0.47327733	CDH2	cadherin 2
204959_at	0.00000882	2.02e-08	-9.511623	9.62986	-1.3179243	MNDA	myeloid cell nuclear differentiation antigen
208780_x_at	0.00001004	2.51e-08	9.3755269	9.42215	0.747909	VAPA	VAMP associated protein A
204716_at	0.00001004	2.53e-08	9.370562	9.41453	0.64023727	CCDC6	coiled-coil domain containing 6
201835_s_at	0.00001207	3.17e-08	9.2289926	9.19581	0.69749269	PRKAB1	protein kinase AMP-activated non-catalytic subunit beta 1
217887_s_at	0.00001538	4.28e-08	9.0462795	8.90959	0.67983262	EPS15	epidermal growth factor receptor pathway substrate 15
205159_at	0.00001538	4.56e-08	9.0068003	8.84716	1.24486248	CSF2RB	colony stimulating factor 2 receptor beta common subunit
208447_s_at	0.00001538	4.57e-08	9.0056315	8.8453	0.84233948	PRPS1	phosphoribosyl pyrophosphate synthetase 1
202290_at	0.00001701	5.25e-08	8.9216626	8.7118	0.61268173	PDAP1	PDGFA associated protein 1
203544_s_at	0.0000188	6.02e-08	8.8395203	8.58028	0.9319546	STAM	signal transducing adaptor molecule
205084_at	0.00002392	7.93e-08	8.6747876	8.31373	0.6366445	BCAP29	B-cell receptor-associated protein 29
219654_at	0.00002544	8.73e-08	8.6182637	8.22141	0.97108306	HACD1	3-hydroxyacyl-CoA dehydratase 1
209786_at	0.00003142	1.11e-07	8.4750502	7.98551	0.5566843	HMGN4	high mobility group nucleosomal binding domain 4
202625_at	0.00003229	1.27e-07	8.3997057	7.86025	0.64189735	LYN	LYN proto-oncogene, Src family tyrosine kinase
201816_s_at	0.00003229	1.27e-07	8.3964086	7.85475	0.63139165	GBAS	glioblastoma amplified sequence
209407_s_at	0.00003229	1.29e-07	8.3891529	7.84265	0.60977041	DEAF1	DEAF1, transcription factor
217730_at	0.00003229	1.30e-07	8.3867976	7.83871	0.43219132	MIR6513///TMBIM1	microRNA 6513///transmembrane BAX inhibitor motif containing 1
209043_at	0.00003229	1.33e-07	8.3721189	7.81419	0.76218741	PAPSS1	3'-phosphoadenosine 5'-phosphosulfate synthase 1
205269_at	0.00003435	1.47e-07	8.3146231	7.71785	0.54575142	LCP2	lymphocyte cytosolic protein 2
207194_s_at	0.00003435	1.49e-07	8.3050109	7.70169	0.89610859	ICAM4	intercellular adhesion molecule 4 (Landsteiner-Wiener blood group)
201312_s_at	0.00003472	1.58e-07	8.2729893	7.64779	0.59938546	SH3BGRL	SH3 domain binding glutamate rich protein like
204624_at	0.00003472	1.65e-07	8.2469877	7.60391	1.12003514	ATP7B	ATPase copper transporting beta
202100_at	0.00003472	1.66e-07	8.2446181	7.59991	0.58325032	RALB	RALB Ras like proto-oncogene B
201931_at	0.00003472	1.67e-07	8.2412947	7.59429	0.60791433	ETFA	electron transfer flavoprotein alpha subunit
202377_at	0.00003634	1.79e-07	8.2010477	7.52615	0.72195636	LEPROT	leptin receptor overlapping transcript
202949_s_at	0.00003634	1.85e-07	8.1808872	7.49194	1.16166111	FHL2	four and a half LIM domains 2
203549_s_at	0.00003634	1.87e-07	-8.1757056	7.48313	-0.26459137	LPL	lipoprotein lipase
209517_s_at	0.00004114	2.17e-07	8.0899367	7.33685	0.60450735	ASH2L	ASH2 like histone lysine methyltransferase complex subunit
202277_at	0.00004114	2.25e-07	8.0694275	7.30171	0.469582	SPTLC1	serine palmitoyltransferase long chain base subunit 1
201722_s_at	0.00004114	2.26e-07	8.0683184	7.29981	0.5558576	GALNT1	polypeptide N-acetylgalactosaminyltransferase 1
201563_at	0.00004161	2.33e-07	8.0501354	7.26861	0.76903673	SORD	sorbitol dehydrogenase
220800_s_at	0.00004261	2.44e-07	8.0252982	7.22591	0.47674369	TMOD3	tropomodulin 3
201772_at	0.00004499	2.67e-07	7.9737063	7.13693	0.74207536	AZIN1	antizyme inhibitor 1
213461_at	0.00004499	2.67e-07	7.9724979	7.13484	0.65988853	NUDT21	nudix hydrolase 21
205677_s_at	0.00004788	2.90e-07	7.9268616	7.05581	0.66266436	DLEU1	deleted in lymphocytic leukemia 1
204407_at	0.00004964	3.07e-07	7.896076	7.00233	0.44573725	TTF2	transcription termination factor 2
204186_s_at	0.00004992	3.21e-07	7.8701877	6.95724	0.52938596	PPID	peptidylprolyl isomerase D
207677_s_at	0.00004992	3.23e-07	7.8672646	6.95215	1.05990419	NCF4	neutrophil cytosolic factor 4
202800_at	0.00004992	3.25e-07	-7.8627562	6.94429	-0.31874188	SLC1A3	solute carrier family 1 member 3
201564_s_at	0.0000524	3.47e-07	7.8260108	6.88009	0.72482846	FSCN1	fascin actin-bundling protein 1
202732_at	0.00005374	3.63e-07	7.8024056	6.83875	0.81161222	PKIG	protein kinase (cAMP-dependent, catalytic) inhibitor gamma
213180_s_at	0.00005421	3.72e-07	7.7881975	6.81383	0.33574984	GOSR2	golgi SNAP receptor complex member 2
203588_s_at	0.00005455	3.80e-07	7.775619	6.79174	0.61985736	TFDP2	transcription factor Dp-2
200850_s_at	0.00005556	3.95e-07	7.7550149	6.75551	0.63106593	AHCYL1	adenosylhomocysteinase like 1
200902_at	0.00005556	4.00e-07	7.7475013	6.74228	0.5056486	SEP15	15 kDa selenoprotein
212160_at	0.00006133	4.49e-07	7.6842068	6.63053	0.60432049	XPOT	exportin for tRNA
217971_at	0.00006265	4.66e-07	7.663984	6.59471	0.58870213	LAMTOR3	late endosomal/lysosomal adaptor, MAPK and MTOR activator 3
210504_at	0.0000631	4.76e-07	7.6516432	6.57281	1.18812141	KLF1	Kruppel like factor 1
219179_at	0.00006314	4.84e-07	-7.6430425	6.55754	-0.27869728	DACT1	dishevelled binding antagonist of beta catenin 1
205769_at	0.00006362	4.95e-07	7.6307402	6.53568	0.96111768	SLC27A2	solute carrier family 27 member 2
202615_at	0.0000659	5.22e-07	7.6009518	6.48265	0.58910585	GNAQ	G protein subunit alpha q
213400_s_at	0.0000659	5.27e-07	7.5954859	6.47291	0.5286911	TBL1X	transducin (beta)-like 1X-linked
202593_s_at	0.00006602	5.41e-07	7.5811931	6.44741	0.65919795	GDE1	glycerophosphodiester phosphodiesterase 1
201413_at	0.00006602	5.51e-07	7.571987	6.43097	0.41126282	HSD17B4	hydroxysteroid 17-beta dehydrogenase 4
202820_at	0.00006602	5.51e-07	7.5715833	6.43025	0.48608152	AHR	aryl hydrocarbon receptor
203843_at	0.00006932	5.87e-07	7.5375141	6.3693	0.44878137	RPS6KA3	ribosomal protein S6 kinase A3
202890_at	0.00007079	6.07e-07	7.5187349	6.33563	0.82018751	MAP7	microtubule associated protein 7
215127_s_at	0.00007164	6.23e-07	7.5050232	6.31101	0.46708535	RBMS1	RNA binding motif single stranded interacting protein 1
221613_s_at	0.00007167	6.34e-07	7.4952128	6.29338	0.5176838	ZFAND6	zinc finger AN1-type containing 6
202429_s_at	0.00007167	6.39e-07	7.490699	6.28527	0.58687565	PPP3CA	protein phosphatase 3 catalytic subunit alpha
218813_s_at	0.00007278	6.61e-07	7.4724736	6.25247	0.48576734	SH3GLB2	SH3 domain containing GRB2 like endophilin B2
212312_at	0.00007278	6.68e-07	7.4668806	6.24239	0.42847553	BCL2L1	BCL2 like 1
210039_s_at	0.00007278	6.77e-07	7.4591585	6.22848	0.56410485	PRKCQ	protein kinase C theta
208796_s_at	0.00007278	6.82e-07	7.4552083	6.22135	0.78789081	CCNG1	cyclin G1
206067_s_at	0.00007672	7.28e-07	7.4200794	6.15791	0.65741625	WT1	Wilms tumor 1
202596_at	0.00007748	7.44e-07	7.4082804	6.13656	0.46943978	ENSA	endosulfine alpha
209037_s_at	0.0000775	7.57e-07	7.3993518	6.12039	0.27652364	EHD1	EH domain containing 1
218250_s_at	0.0000775	7.62e-07	7.3954367	6.1133	0.70639107	CNOT7	CCR4-NOT transcription complex subunit 7
212410_at	0.00007872	7.83e-07	7.3808178	6.08679	0.77785695	MICU2	mitochondrial calcium uptake 2
212449_s_at	0.00007904	7.98e-07	7.3709283	6.06884	0.57904259	LYPLA1	lysophospholipase I
203138_at	0.00007904	8.04e-07	7.3663708	6.06056	0.68171582	HAT1	histone acetyltransferase 1
201128_s_at	0.00007919	8.22e-07	7.3544708	6.03893	0.63907413	ACLY	ATP citrate lyase
210762_s_at	0.00007919	8.24e-07	7.3533422	6.03688	1.14215076	DLC1	DLC1 Rho GTPase activating protein
214452_at	0.00007992	8.45e-07	7.3395035	6.0117	0.56859074	BCAT1	branched chain amino acid transaminase 1
205408_at	0.00007992	8.66e-07	7.3266194	5.98824	0.47543186	MLLT10	myeloid/lymphoid or mixed-lineage leukemia; translocated to, 10
202315_s_at	0.00007992	8.73e-07	-7.3221831	5.98015	-0.66568811	BCR	BCR, RhoGEF and GTPase activating protein
204675_at	0.00007992	8.77e-07	7.3200635	5.97629	0.58529747	SRD5A1	steroid 5 alpha-reductase 1
201178_at	0.00007992	8.77e-07	7.3196747	5.97558	0.91176162	FBXO7	F-box protein 7
217758_s_at	0.0000809	8.97e-07	7.3076104	5.95357	0.52982427	TM9SF3	transmembrane 9 superfamily member 3
208398_s_at	0.00008405	9.42e-07	7.2816204	5.90609	0.57519186	TBPL1	TATA-box binding protein like 1
219615_s_at	0.0000867	9.89e-07	7.2557	5.85864	0.84138092	KCNK5	potassium two pore domain channel subfamily K member 5
201180_s_at	0.0000867	9.91e-07	7.2542309	5.85594	0.55999404	GNAI3	G protein subunit alpha i3
209585_s_at	0.00008932	1.03e-06	7.2330495	5.81709	1.09518904	MINPP1	multiple inositol-polyphosphate phosphatase 1
205026_at	0.00009269	1.08e-06	7.2080456	5.77114	0.50827221	STAT5B	signal transducer and activator of transcription 5B
208614_s_at	0.00009304	1.10e-06	-7.2008693	5.75793	-0.52405763	FLNB	filamin B
208669_s_at	0.00010119	1.20e-06	7.1511064	5.66616	0.52229041	EID1	EP300 interacting inhibitor of differentiation 1
217869_at	0.00010391	1.29e-06	7.1150453	5.59943	0.70423403	HSD17B12	hydroxysteroid 17-beta dehydrogenase 12
210446_at	0.00010391	1.29e-06	7.1125559	5.59481	0.95500662	GATA1	GATA binding protein 1
201980_s_at	0.00010391	1.30e-06	7.1118239	5.59346	0.72459613	RSU1	Ras suppressor protein 1
211337_s_at	0.00010391	1.30e-06	7.1094427	5.58904	0.39321387	TUBGCP4	tubulin gamma complex associated protein 4
209106_at	0.00010391	1.31e-06	7.1077053	5.58582	0.35446663	NCOA1	nuclear receptor coactivator 1
205632_s_at	0.00010391	1.31e-06	7.1073845	5.58523	0.90360875	PIP5K1B	phosphatidylinositol-4-phosphate 5-kinase type 1 beta
208721_s_at	0.00010404	1.32e-06	7.1019334	5.57512	0.72224874	ANAPC5	anaphase promoting complex subunit 5
206283_s_at	0.0001061	1.37e-06	7.0839566	5.54175	0.94139737	TAL1	TAL bHLH transcription factor 1, erythroid differentiation factor
202502_at	0.0001061	1.37e-06	7.0821262	5.53834	0.47296602	ACADM	acyl-CoA dehydrogenase, C-4 to C-12 straight chain
202187_s_at	0.00010768	1.41e-06	7.0656439	5.5077	0.33352564	PPP2R5A	protein phosphatase 2 regulatory subunit B'alpha
202562_s_at	0.00010768	1.42e-06	7.0651101	5.50671	0.43047768	C14orf1	chromosome 14 open reading frame 1
206184_at	0.00010937	1.45e-06	7.0523175	5.4829	0.51433898	CRKL	CRK like proto-oncogene, adaptor protein
220768_s_at	0.00011035	1.49e-06	7.0366583	5.45372	0.45782457	CSNK1G3	casein kinase 1 gamma 3
201351_s_at	0.00011035	1.51e-06	7.031516	5.44413	0.64997246	YME1L1	YME1 like 1 ATPase
205202_at	0.00011035	1.51e-06	7.0302734	5.44181	0.62431901	PCMT1	protein-L-isoaspartate (D-aspartate) O-methyltransferase
216902_s_at	0.00011035	1.52e-06	7.0265389	5.43484	0.63727436	RRN3P1///RRN3P2///RRN3	RRN3 homolog, RNA polymerase I transcription factor pseudogene 1///RRN3 homolog, RNA polymerase I transcription factor pseudogene 2///RRN3 homolog, RNA polymerase I transcription factor
201946_s_at	0.00011035	1.54e-06	7.0224606	5.42723	0.83954672	CCT2	chaperonin containing TCP1 subunit 2
209130_at	0.00011035	1.54e-06	7.0192448	5.42123	0.53103779	SNAP23	synaptosome associated protein 23
209218_at	0.00011035	1.55e-06	7.0168139	5.41669	0.84985023	SQLE	squalene epoxidase
219399_at	0.00011062	1.57e-06	7.0113121	5.40641	0.47240928	LIN7C	lin-7 homolog C, crumbs cell polarity complex component
221194_s_at	0.0001108	1.60e-06	7.0014342	5.38795	0.31742672	TBC1D3P1-DHX40P1///RNFT1	TBC1D3P1-DHX40P1 readthrough, transcribed pseudogene///ring finger protein, transmembrane 1
212190_at	0.0001108	1.61e-06	6.998387	5.38225	0.93222523	SERPINE2	serpin family E member 2
209710_at	0.0001108	1.61e-06	6.9979041	5.38135	0.86603254	GATA2	GATA binding protein 2
210137_s_at	0.00011098	1.62e-06	6.9929126	5.37201	0.56518577	DCTD	dCMP deaminase
221471_at	0.00011347	1.67e-06	6.9772348	5.34266	0.53486481	SERINC3	serine incorporator 3
217786_at	0.00011565	1.73e-06	6.9589737	5.30843	0.48410438	PRMT5	protein arginine methyltransferase 5
202926_at	0.00011565	1.73e-06	6.9588341	5.30817	0.52194789	NBAS	neuroblastoma amplified sequence
200084_at	0.00011565	1.75e-06	6.9537913	5.29871	0.4251906	C11orf58	chromosome 11 open reading frame 58
201118_at	0.00011565	1.76e-06	6.9512738	5.29398	0.68900841	PGD	phosphogluconate dehydrogenase
201200_at	0.00011676	1.83e-06	6.9310164	5.25593	0.51526804	CREG1	cellular repressor of E1A stimulated genes 1
219485_s_at	0.00011676	1.84e-06	6.9271833	5.24872	0.53221544	PSMD10	proteasome 26S subunit, non-ATPase 10
203010_at	0.00011676	1.84e-06	6.9269243	5.24824	0.51284698	STAT5A	signal transducer and activator of transcription 5A
221425_s_at	0.00011676	1.85e-06	6.9244454	5.24357	0.3982177	ISCA1	iron-sulfur cluster assembly 1
202793_at	0.00011676	1.86e-06	6.922907	5.24068	0.53048621	LPCAT3	lysophosphatidylcholine acyltransferase 3
202467_s_at	0.00011676	1.86e-06	6.9212822	5.23762	0.60390423	COPS2	COP9 signalosome subunit 2
203085_s_at	0.00011676	1.88e-06	6.9162932	5.22824	0.96256972	TGFB1	transforming growth factor beta 1
206272_at	0.00011676	1.89e-06	6.9147746	5.22538	0.37316346	SPHAR///RAB4A	S-phase response (cyclin related)///RAB4A, member RAS oncogene family
208684_at	0.00011676	1.90e-06	6.9121027	5.22035	0.69268892	COPA	coatomer protein complex subunit alpha
202355_s_at	0.00011841	1.94e-06	6.9011544	5.19973	0.31610056	GTF2F1	general transcription factor IIF subunit 1
55705_at	0.00012311	2.04e-06	6.874309	5.14909	0.28442741	R3HDM4	R3H domain containing 4
210296_s_at	0.00012311	2.05e-06	6.8723668	5.14542	0.46104121	PEX2	peroxisomal biogenesis factor 2
211168_s_at	0.00012311	2.06e-06	6.8701017	5.14115	0.42407684	UPF1	UPF1, RNA helicase and ATPase
210215_at	0.0001245	2.09e-06	6.8607047	5.12339	1.27500676	TFR2	transferrin receptor 2
202614_at	0.00012475	2.12e-06	6.8549417	5.1125	0.50798939	SLC30A9	solute carrier family 30 member 9
207543_s_at	0.00012475	2.13e-06	6.8526658	5.10819	0.44208234	P4HA1	prolyl 4-hydroxylase subunit alpha 1
218729_at	0.00012491	2.14e-06	6.8485033	5.10032	0.90537556	LXN	latexin
211297_s_at	0.00012778	2.21e-06	6.8332839	5.07151	0.5263725	CDK7	cyclin dependent kinase 7
217800_s_at	0.00012841	2.23e-06	6.8273146	5.0602	0.91561989	NDFIP1	Nedd4 family interacting protein 1
202527_s_at	0.00012948	2.27e-06	6.8181747	5.04287	0.63370596	SMAD4	SMAD family member 4
201263_at	0.00012948	2.29e-06	6.8150821	5.03701	0.53089191	TARS	threonyl-tRNA synthetase
217937_s_at	0.00012948	2.30e-06	6.8120878	5.03133	0.39140235	HDAC7	histone deacetylase 7
201938_at	0.00012948	2.31e-06	6.8095758	5.02656	0.53571856	CDK2AP1	cyclin dependent kinase 2 associated protein 1
219931_s_at	0.00013027	2.35e-06	6.7998307	5.00806	0.35214661	KLHL12	kelch like family member 12
221589_s_at	0.00013027	2.35e-06	6.7998214	5.00805	0.52284675	ALDH6A1	aldehyde dehydrogenase 6 family member A1
219890_at	0.00013053	2.39e-06	-6.7927171	4.99455	-0.38210862	CLEC5A	C-type lectin domain family 5 member A
202602_s_at	0.00013053	2.40e-06	6.7894873	4.98841	0.5223257	HTATSF1	HIV-1 Tat specific factor 1
218381_s_at	0.00013053	2.40e-06	6.7890668	4.98762	0.5637622	U2AF2	U2 small nuclear RNA auxiliary factor 2
213800_at	0.00013298	2.46e-06	6.7762923	4.96333	0.60504822	CFH	complement factor H
218013_x_at	0.00013305	2.48e-06	6.7728102	4.9567	0.48341023	DCTN4	dynactin subunit 4
217791_s_at	0.00013399	2.51e-06	6.7660549	4.94384	0.57363526	ALDH18A1	aldehyde dehydrogenase 18 family member A1
221268_s_at	0.00013453	2.56e-06	6.7566531	4.92594	0.89293954	SGPP1	sphingosine-1-phosphate phosphatase 1
222258_s_at	0.00013453	2.56e-06	-6.7562165	4.92511	-0.95553691	SH3BP4	SH3 domain binding protein 4
204187_at	0.00013453	2.57e-06	6.7546345	4.92209	0.6607799	GMPR	guanosine monophosphate reductase
202620_s_at	0.00013457	2.59e-06	6.7498593	4.91299	0.8766328	PLOD2	procollagen-lysine,2-oxoglutarate 5-dioxygenase 2
210907_s_at	0.00013457	2.60e-06	6.7483423	4.9101	0.66029615	PDCD10	programmed cell death 10
206674_at	0.00013571	2.64e-06	-6.740949	4.896	-1.22549191	FLT3	fms related tyrosine kinase 3
212461_at	0.00013647	2.68e-06	6.7322734	4.87945	0.53365607	AZIN1	antizyme inhibitor 1
203511_s_at	0.00013647	2.72e-06	6.7252849	4.86611	0.35734467	TRAPPC3	trafficking protein particle complex 3
206834_at	0.00013647	2.73e-06	6.7224718	4.86073	1.87574743	HBD	hemoglobin subunit delta
203593_at	0.00013647	2.73e-06	6.7224513	4.86069	0.47800809	CD2AP	CD2 associated protein
212373_at	0.00013647	2.74e-06	6.7205217	4.85701	0.43098908	FEM1B	fem-1 homolog B
212072_s_at	0.00013647	2.76e-06	6.717308	4.85087	0.37087114	CSNK2A1	casein kinase 2 alpha 1
209248_at	0.00013647	2.78e-06	6.7148528	4.84618	0.54938224	GHITM	growth hormone inducible transmembrane protein
219947_at	0.00013647	2.78e-06	-6.7135024	4.8436	-0.44060109	CLEC4A	C-type lectin domain family 4 member A
217993_s_at	0.00013647	2.79e-06	6.7115194	4.8398	0.52629359	MAT2B	methionine adenosyltransferase 2B
212181_s_at	0.00013658	2.81e-06	6.7082599	4.83357	0.51442967	NUDT4P1///NUDT4P2///NUDT4	nudix hydrolase 4 pseudogene 1///nudix hydrolase 4 pseudogene 2///nudix hydrolase 4
209095_at	0.00013755	2.85e-06	6.7017621	4.82115	0.67288151	DLD	dihydrolipoamide dehydrogenase
204252_at	0.00013918	2.90e-06	6.6929047	4.80419	0.66650591	CDK2	cyclin dependent kinase 2
203537_at	0.00013945	2.94e-06	6.6852039	4.78945	0.33831566	PRPSAP2	phosphoribosyl pyrophosphate synthetase associated protein 2
204639_at	0.00013945	2.94e-06	-6.6849382	4.78894	-0.89340033	ADA	adenosine deaminase
211509_s_at	0.00013945	2.95e-06	6.6834931	4.78617	0.63006946	RTN4	reticulon 4
34225_at	0.0001401	2.98e-06	6.6783495	4.77632	0.34247849	MIR943///NELFA	microRNA 943///negative elongation factor complex member A
207067_s_at	0.00014077	3.01e-06	6.6731422	4.76633	1.4778217	HDC	histidine decarboxylase
222212_s_at	0.00014113	3.03e-06	6.6691257	4.75863	0.6562391	CERS2	ceramide synthase 2
212016_s_at	0.00014133	3.07e-06	6.6633043	4.74747	0.89194157	MIR4745///PTBP1	microRNA 4745///polypyrimidine tract binding protein 1
203105_s_at	0.00014133	3.07e-06	6.6629814	4.74685	0.58640224	DNM1L	dynamin 1 like
35160_at	0.00014765	3.23e-06	6.6368995	4.69676	0.50418074	LDB1	LIM domain binding 1
206871_at	0.00014765	3.24e-06	-6.6352042	4.6935	-3.17298223	ELANE	elastase, neutrophil expressed
202703_at	0.000151	3.33e-06	6.6211019	4.66637	0.37734897	DUSP11	dual specificity phosphatase 11
217816_s_at	0.00015168	3.36e-06	6.6161806	4.6569	0.53819844	PCNP	PEST proteolytic signal containing nuclear protein
202763_at	0.00015502	3.46e-06	6.6024319	4.63041	1.15433956	CASP3	caspase 3
217785_s_at	0.00015634	3.50e-06	6.5955027	4.61706	0.32252809	YKT6	YKT6 v-SNARE homolog (S. cerevisiae)
214435_x_at	0.00015861	3.57e-06	6.5855553	4.59787	0.42893628	RALA	RALA Ras like proto-oncogene A
200720_s_at	0.00015987	3.62e-06	6.5789291	4.58508	0.38703937	ACTR1A	ARP1 actin-related protein 1 homolog A, centractin alpha
204957_at	0.00016062	3.67e-06	6.5715332	4.57079	0.51073798	ORC5	origin recognition complex subunit 5
201798_s_at	0.00016062	3.68e-06	-6.5702833	4.56838	-0.31505096	MYOF	myoferlin
202422_s_at	0.00016062	3.69e-06	6.5688917	4.56569	0.46182272	ACSL4	acyl-CoA synthetase long-chain family member 4
201329_s_at	0.0001624	3.75e-06	6.5607688	4.54999	0.4960875	ETS2	ETS proto-oncogene 2, transcription factor
202845_s_at	0.0001636	3.80e-06	6.5542028	4.5373	0.40303045	RALBP1	ralA binding protein 1
213754_s_at	0.0001636	3.82e-06	6.5520186	4.53307	0.29715135	PAIP1	poly(A) binding protein interacting protein 1
203635_at	0.00016618	3.90e-06	6.5415671	4.51285	0.32363327	DSCR3	DSCR3 arrestin fold containing
205255_x_at	0.00016641	3.92e-06	-6.5384139	4.50674	-0.42654737	TCF7	transcription factor 7 (T-cell specific, HMG-box)
203704_s_at	0.00016774	3.98e-06	6.530706	4.49181	0.59940404	RREB1	ras responsive element binding protein 1
218587_s_at	0.00016774	3.99e-06	6.5294583	4.48939	0.45190888	POGLUT1	protein O-glucosyltransferase 1
200608_s_at	0.00016873	4.03e-06	6.5240446	4.4789	0.4432641	RAD21	RAD21 cohesin complex component
208761_s_at	0.0001705	4.09e-06	6.5162815	4.46385	0.54093441	SUMO1	small ubiquitin-like modifier 1
205984_at	0.0001705	4.11e-06	-6.5139044	4.45924	-0.84565064	CRHBP	corticotropin releasing hormone binding protein
202136_at	0.00017182	4.20e-06	6.5032717	4.4386	0.40780907	ZMYND11	zinc finger MYND-type containing 11
202346_at	0.00017182	4.20e-06	6.5029552	4.43799	0.46346342	UBE2K	ubiquitin conjugating enzyme E2 K
202904_s_at	0.00017182	4.21e-06	6.5026926	4.43748	0.49901899	LSM5	LSM5 homolog, U6 small nuclear RNA and mRNA degradation associated
218487_at	0.00017182	4.24e-06	6.4987863	4.42989	0.74938445	ALAD	aminolevulinate dehydratase
204831_at	0.00017182	4.24e-06	6.4981453	4.42865	0.42795075	CDK8	cyclin dependent kinase 8
207726_at	0.00017355	4.31e-06	-6.4907126	4.41421	-0.24730044	ESRRB	estrogen related receptor beta
207199_at	0.00017519	4.38e-06	-6.4818691	4.39702	-0.31187745	TERT	telomerase reverse transcriptase
201290_at	0.00017519	4.39e-06	6.4813242	4.39596	0.60168281	SEC11A	SEC11 homolog A, signal peptidase complex subunit
213923_at	0.00017674	4.47e-06	6.4723747	4.37855	0.62908299	RAP2B	RAP2B, member of RAS oncogene family
220010_at	0.00017674	4.47e-06	-6.4722636	4.37834	-0.93859332	KCNE5	potassium voltage-gated channel subfamily E regulatory subunit 5
209194_at	0.00017775	4.51e-06	6.4671041	4.36829	0.33668829	CETN2	centrin 2
207627_s_at	0.00018076	4.62e-06	6.455497	4.34569	0.40890449	TFCP2	transcription factor CP2
37986_at	0.00018076	4.63e-06	6.4539131	4.34261	0.28275811	EPOR	erythropoietin receptor
221437_s_at	0.00018076	4.65e-06	6.4518574	4.3386	0.46959409	MRPS15	mitochondrial ribosomal protein S15
208624_s_at	0.00018076	4.69e-06	6.4472535	4.32963	0.65252634	EIF4G1	eukaryotic translation initiation factor 4 gamma 1
202740_at	0.00018076	4.70e-06	6.4463304	4.32783	0.56480592	ABHD14A-ACY1///ACY1	ABHD14A-ACY1 readthrough///aminoacylase 1
201121_s_at	0.00018076	4.76e-06	6.4397006	4.3149	0.50306349	PGRMC1	progesterone receptor membrane component 1
221675_s_at	0.00018076	4.78e-06	6.4375539	4.31071	0.70551236	CHPT1	choline phosphotransferase 1
204172_at	0.00018076	4.80e-06	6.4360927	4.30786	0.77993559	CPOX	coproporphyrinogen oxidase
209623_at	0.00018076	4.80e-06	6.4354766	4.30666	0.49861946	MCCC2	methylcrotonoyl-CoA carboxylase 2
217736_s_at	0.00018076	4.83e-06	6.433006	4.30184	0.58052274	EIF2AK1	eukaryotic translation initiation factor 2 alpha kinase 1
202829_s_at	0.00018076	4.83e-06	6.4324027	4.30066	0.51428435	VAMP7	vesicle associated membrane protein 7
203729_at	0.00018076	4.84e-06	6.4320539	4.29998	0.86993611	EMP3	epithelial membrane protein 3
202167_s_at	0.00018198	4.89e-06	6.426517	4.28918	0.40337062	MMS19	MMS19 homolog, cytosolic iron-sulfur assembly component
210113_s_at	0.00018227	4.93e-06	-6.4220018	4.28036	-0.21498545	NLRP1	NLR family pyrin domain containing 1
202742_s_at	0.00018227	4.94e-06	6.4214553	4.27929	0.98398204	PRKACB	protein kinase cAMP-activated catalytic subunit beta
201857_at	0.00018236	4.96e-06	6.4190722	4.27464	0.46850298	ZFR	zinc finger RNA binding protein
210093_s_at	0.00018236	4.98e-06	6.4168806	4.27036	0.46792144	MAGOHB///MAGOH	mago homolog B, exon junction complex core component///mago homolog, exon junction complex core component
217942_at	0.00018236	5.00e-06	6.4148666	4.26642	0.54127771	MRPS35	mitochondrial ribosomal protein S35
209022_at	0.00018299	5.04e-06	6.411028	4.25892	0.54000477	STAG2	stromal antigen 2
203267_s_at	0.0001876	5.20e-06	6.3959806	4.2295	0.29709245	DRG2	developmentally regulated GTP binding protein 2
215794_x_at	0.0001876	5.21e-06	6.3943612	4.22633	0.73220173	GLUD2	glutamate dehydrogenase 2
203613_s_at	0.00019549	5.45e-06	6.3715949	4.18174	0.53123249	NDUFB6	NADH:ubiquinone oxidoreductase subunit B6
207945_s_at	0.00019944	5.59e-06	6.3594778	4.15798	0.49177202	CSNK1D	casein kinase 1 delta
202213_s_at	0.00020283	5.72e-06	6.3480399	4.13554	0.41284609	CUL4B	cullin 4B
210793_s_at	0.00020283	5.73e-06	6.3469566	4.13341	0.71854694	NUP98	nucleoporin 98
209375_at	0.00021263	6.04e-06	6.3204221	4.08127	0.32671282	XPC	XPC complex subunit, DNA damage recognition and repair factor
209208_at	0.00021263	6.05e-06	6.3192759	4.07901	0.5637915	MPDU1	mannose-P-dolichol utilization defect 1
202314_at	0.00021313	6.10e-06	6.3153565	4.0713	0.50327529	LRRD1///CYP51A1	leucine rich repeats and death domain containing 1///cytochrome P450 family 51 subfamily A member 1
205162_at	0.00021313	6.12e-06	6.3141156	4.06886	0.34413091	ERCC8	ERCC excision repair 8, CSA ubiquitin ligase complex subunit
206145_at	0.0002156	6.21e-06	6.3063598	4.05359	1.1411244	RHAG	Rh-associated glycoprotein
201941_at	0.00022043	6.38e-06	6.2933125	4.02789	0.31263399	CPD	carboxypeptidase D
208644_at	0.00022049	6.40e-06	6.2911999	4.02373	0.47768119	PARP1	poly(ADP-ribose) polymerase 1
211535_s_at	0.00022103	6.49e-06	-6.284455	4.01043	-0.40901981	FGFR1	fibroblast growth factor receptor 1
206337_at	0.00022103	6.53e-06	-6.2817796	4.00515	-0.31729123	CCR7	C-C motif chemokine receptor 7
209653_at	0.00022103	6.53e-06	6.281553	4.0047	0.5687611	KPNA4	karyopherin subunit alpha 4
213792_s_at	0.00022103	6.54e-06	-6.2805857	4.0028	-0.38560351	INSR	insulin receptor
208948_s_at	0.00022103	6.57e-06	6.2784231	3.99853	0.5554762	STAU1	staufen double-stranded RNA binding protein 1
203904_x_at	0.00022103	6.57e-06	6.2783129	3.99831	0.52358742	CD82	CD82 molecule
209871_s_at	0.00022244	6.64e-06	6.2732442	3.98831	0.38019349	APBA2	amyloid beta precursor protein binding family A member 2
200895_s_at	0.00022268	6.69e-06	6.2691844	3.9803	0.53162816	FKBP4	FK506 binding protein 4
200071_at	0.00022268	6.70e-06	6.2688926	3.97972	0.62630455	SMNDC1	survival motor neuron domain containing 1
206118_at	0.00022599	6.83e-06	6.2587611	3.95971	0.39678616	STAT4	signal transducer and activator of transcription 4
202673_at	0.00022599	6.88e-06	6.2554055	3.95308	0.48066061	DPM1	dolichyl-phosphate mannosyltransferase subunit 1, catalytic
218544_s_at	0.00022599	6.88e-06	6.2552347	3.95274	0.55687054	RCL1	RNA terminal phosphate cyclase like 1
217981_s_at	0.00022599	6.90e-06	6.2540012	3.95031	0.4423094	TIMM10B	translocase of inner mitochondrial membrane 10 homolog B (yeast)
200056_s_at	0.00022975	7.04e-06	6.2439312	3.9304	0.63749088	C1D	C1D nuclear receptor corepressor
204178_s_at	0.00023246	7.17e-06	6.2346082	3.91196	0.4474851	RBM14	RNA binding motif protein 14
206643_at	0.00023246	7.18e-06	-6.234388	3.91152	-0.44886499	HAL	histidine ammonia-lyase
218075_at	0.00023364	7.24e-06	6.2300402	3.90291	0.24324718	AAAS	aladin WD repeat nucleoporin
209111_at	0.00023511	7.31e-06	6.2250709	3.89308	0.39054675	RNF5P1///RNF5	ring finger protein 5 pseudogene 1///ring finger protein 5
216526_x_at	0.00023869	7.45e-06	-6.2157405	3.87459	-0.85990518	HLA-C	major histocompatibility complex, class I, C
203509_at	0.00023882	7.51e-06	-6.2119688	3.86712	-0.99866286	SORL1	sortilin related receptor 1
201348_at	0.00023882	7.54e-06	-6.210086	3.86339	-0.28708407	GPX3	glutathione peroxidase 3
203676_at	0.00023882	7.54e-06	6.2100452	3.86331	0.37645577	GNS	glucosamine (N-acetyl)-6-sulfatase
220658_s_at	0.00024184	7.66e-06	6.202014	3.84738	0.29550929	ARNTL2	aryl hydrocarbon receptor nuclear translocator like 2
219863_at	0.00024419	7.76e-06	-6.1954101	3.83428	-0.43105484	HERC5	HECT and RLD domain containing E3 ubiquitin protein ligase 5
209790_s_at	0.0002446	7.80e-06	6.1927923	3.82908	0.50592553	CASP6	caspase 6
213150_at	0.00024675	7.91e-06	6.1861184	3.81584	0.45349669	HOXA10	homeobox A10
210220_at	0.00024675	7.93e-06	-6.1849172	3.81345	-0.43157316	FZD2	frizzled class receptor 2
201588_at	0.00024818	8.00e-06	6.1802961	3.80427	0.54913897	TXNL1	thioredoxin like 1
206698_at	0.0002537	8.23e-06	6.1665781	3.77701	1.41273478	XK	X-linked Kx blood group
218082_s_at	0.0002537	8.24e-06	6.1658844	3.77563	0.50024032	UBP1	upstream binding protein 1 (LBP-1a)
203581_at	0.00025525	8.32e-06	6.1611292	3.76618	0.39874699	SPHAR///RAB4A	S-phase response (cyclin related)///RAB4A, member RAS oncogene family
221191_at	0.00025636	8.38e-06	-6.1572455	3.75845	-0.61244445	STAG3L3	stromal antigen 3-like 3 (pseudogene)
203289_s_at	0.00025787	8.46e-06	6.1526037	3.74921	0.3048662	NPRL3	NPR3 like, GATOR1 complex subunit
31845_at	0.00025932	8.54e-06	6.1481101	3.74027	0.4864952	ELF4	E74 like ETS transcription factor 4
209323_at	0.00026035	8.61e-06	6.1441238	3.73233	0.3914145	THAP12	THAP domain containing 12
217843_s_at	0.00026035	8.65e-06	6.1416576	3.72742	0.4107031	MED4	mediator complex subunit 4
201801_s_at	0.00026035	8.66e-06	6.1410298	3.72617	0.68020512	SLC29A1	solute carrier family 29 member 1 (Augustine blood group)
203711_s_at	0.00026252	8.76e-06	6.1352248	3.71461	0.41100898	HIBCH	3-hydroxyisobutyryl-CoA hydrolase
202125_s_at	0.00026269	8.82e-06	6.1320468	3.70827	0.63632151	TRAK2	trafficking kinesin protein 2
205105_at	0.00026269	8.84e-06	6.1312308	3.70665	0.49957592	MAN2A1	mannosidase alpha class 2A member 1
217976_s_at	0.00026269	8.86e-06	6.1298489	3.70389	0.35301008	DYNC1LI1	dynein cytoplasmic 1 light intermediate chain 1
207645_s_at	0.00026434	8.96e-06	6.1242931	3.69282	0.3107146	CHD1L	chromodomain helicase DNA binding protein 1 like
200869_at	0.00026434	8.99e-06	-6.1224098	3.68906	-0.50649545	SNORA68///RPL18A	small nucleolar RNA, H/ACA box 68///ribosomal protein L18a
202930_s_at	0.00026434	9.02e-06	6.1209197	3.68609	0.51850925	SUCLA2	succinate-CoA ligase ADP-forming beta subunit
209141_at	0.00026434	9.04e-06	6.1201004	3.68446	0.33985537	UBE2G1	ubiquitin conjugating enzyme E2 G1
207295_at	0.00026532	9.10e-06	-6.1166314	3.67754	-0.2068537	SCNN1G	sodium channel epithelial 1 gamma subunit
218152_at	0.0002684	9.24e-06	6.1092954	3.6629	0.42600379	HMG20A	high mobility group 20A
209674_at	0.00026919	9.30e-06	6.106209	3.65674	0.44306443	CRY1	cryptochrome circadian clock 1
201222_s_at	0.0002776	9.62e-06	6.0893933	3.62315	0.8918513	RAD23B	RAD23 homolog B, nucleotide excision repair protein
201503_at	0.00028127	9.78e-06	6.0813101	3.60699	0.55405029	G3BP1	G3BP stress granule assembly factor 1
205565_s_at	0.00028145	9.82e-06	6.0793678	3.6031	0.55982725	FXN	frataxin
203333_at	0.00028189	9.86e-06	6.0769947	3.59835	0.7133834	KIFAP3	kinesin associated protein 3
208666_s_at	0.00028487	1.00e-05	6.0702142	3.58479	0.59862527	ST13	suppression of tumorigenicity 13 (colon carcinoma) (Hsp70 interacting protein)
201994_at	0.00028574	1.01e-05	6.0655078	3.57537	0.45491158	MORF4L2	mortality factor 4 like 2
207224_s_at	0.00028574	1.01e-05	-6.0651597	3.57467	-0.25833372	SIGLEC7	sialic acid binding Ig like lectin 7
204153_s_at	0.00028574	1.01e-05	6.0639209	3.57219	0.42394765	MFNG	MFNG O-fucosylpeptide 3-beta-N-acetylglucosaminyltransferase
219110_at	0.0002874	1.02e-05	6.0594775	3.56329	0.46746872	GAR1	GAR1 ribonucleoprotein
201877_s_at	0.00028818	1.03e-05	6.0565781	3.55749	0.50286867	PPP2R5C	protein phosphatase 2 regulatory subunit B'gamma
202350_s_at	0.00028939	1.04e-05	6.052941	3.5502	0.26906107	LOC100506558///MATN2	uncharacterized LOC100506558///matrilin 2
203739_at	0.00029127	1.05e-05	6.0481873	3.54067	0.65401639	ZNF217	zinc finger protein 217
200984_s_at	0.00029284	1.05e-05	6.0439734	3.53223	0.61605025	CD59	CD59 molecule
201614_s_at	0.00029383	1.06e-05	6.0407625	3.52579	0.4120152	RUVBL1	RuvB like AAA ATPase 1
208766_s_at	0.00029623	1.07e-05	6.0352197	3.51467	0.43376975	HNRNPR	heterogeneous nuclear ribonucleoprotein R
203561_at	0.00030115	1.09e-05	6.0255803	3.49533	0.48045288	FCGR2A	Fc fragment of IgG receptor IIa
215813_s_at	0.00030217	1.10e-05	6.0223755	3.4889	0.79855046	PTGS1	prostaglandin-endoperoxide synthase 1
200722_s_at	0.00031027	1.14e-05	6.0078657	3.45975	0.57548228	CAPRIN1	cell cycle associated protein 1
218626_at	0.00031324	1.15e-05	6.0016722	3.4473	0.34024659	EIF4ENIF1	eukaryotic translation initiation factor 4E nuclear import factor 1
208986_at	0.00031444	1.16e-05	5.9982715	3.44047	0.3967411	TCF12	transcription factor 12
212506_at	0.00031661	1.17e-05	5.9920784	3.42801	0.62995222	PICALM	phosphatidylinositol binding clathrin assembly protein
204057_at	0.00031661	1.17e-05	-5.9918693	3.42759	-2.29162463	IRF8	interferon regulatory factor 8
203524_s_at	0.00031677	1.18e-05	5.9901078	3.42405	0.65838521	MPST	mercaptopyruvate sulfurtransferase
218976_at	0.00032036	1.19e-05	5.9830879	3.40992	0.5988393	DNAJC12	DnaJ heat shock protein family (Hsp40) member C12
201912_s_at	0.00032512	1.22e-05	5.9725078	3.38862	0.7282651	GSPT1	G1 to S phase transition 1
216241_s_at	0.00032512	1.22e-05	5.9723988	3.3884	0.69290762	TCEA1	transcription elongation factor A1
203572_s_at	0.00032512	1.22e-05	5.9713814	3.38635	0.35937089	TAF6	TATA-box binding protein associated factor 6
219666_at	0.00032902	1.24e-05	-5.9640726	3.37162	-0.75182858	MS4A6A	membrane spanning 4-domains A6A
207830_s_at	0.00033175	1.26e-05	5.9570462	3.35746	0.51206341	PPP1R8	protein phosphatase 1 regulatory subunit 8
221419_s_at	0.00033175	1.26e-05	-5.956276	3.3559	-0.63766144		
212271_at	0.00033175	1.26e-05	5.9556046	3.35455	0.50714323	MAPK1	mitogen-activated protein kinase 1
216841_s_at	0.00033851	1.29e-05	5.9442876	3.33172	0.52816507	LOC100129518///SOD2	uncharacterized LOC100129518///superoxide dismutase 2, mitochondrial
201518_at	0.00034078	1.31e-05	5.9384011	3.31984	0.47652064	CBX1	chromobox 1
205367_at	0.00034078	1.31e-05	-5.9381126	3.31926	-0.23283232	SH2B2	SH2B adaptor protein 2
203192_at	0.00034187	1.32e-05	5.9330253	3.30899	0.3594972	ABCB6	ATP binding cassette subfamily B member 6 (Langereis blood group)
202006_at	0.00034187	1.33e-05	5.9315803	3.30607	0.34956601	PTPN12	protein tyrosine phosphatase, non-receptor type 12
202974_at	0.00034187	1.33e-05	5.9309969	3.30489	0.53401564	MPP1	membrane palmitoylated protein 1
203921_at	0.00034187	1.33e-05	5.9307698	3.30443	0.68574693	CHST2	carbohydrate sulfotransferase 2
200668_s_at	0.00034439	1.35e-05	5.9240688	3.29089	0.44521237	UBE2D3	ubiquitin conjugating enzyme E2 D3
200945_s_at	0.00034439	1.35e-05	5.9237528	3.29026	0.45613826	SEC31A	SEC31 homolog A, COPII coat complex component
201696_at	0.00034439	1.35e-05	5.9229107	3.28855	0.41877233	SRSF4	serine and arginine rich splicing factor 4
203351_s_at	0.0003453	1.36e-05	5.9193658	3.28139	0.57262278	ORC4	origin recognition complex subunit 4
201807_at	0.0003453	1.36e-05	5.9187766	3.2802	0.51141614	VPS26A	VPS26, retromer complex component A
202983_at	0.00034913	1.39e-05	5.9096681	3.26178	0.85823015	HLTF	helicase like transcription factor
202032_s_at	0.00034913	1.39e-05	5.9087434	3.25991	0.51499387	MAN2A2	mannosidase alpha class 2A member 2
202218_s_at	0.00034913	1.39e-05	5.9086297	3.25968	0.57216827	FADS2	fatty acid desaturase 2
209056_s_at	0.00034913	1.39e-05	5.9075833	3.25757	0.48425024	CDC5L	cell division cycle 5 like
201138_s_at	0.00034913	1.40e-05	5.9064	3.25517	0.55059628	SSB	Sjogren syndrome antigen B
209509_s_at	0.00035159	1.41e-05	5.9015826	3.24543	0.34666717	DPAGT1	dolichyl-phosphate N-acetylglucosaminephosphotransferase 1
204408_at	0.00035594	1.43e-05	5.8942056	3.23049	0.19551561	APEX2	apurinic/apyrimidinic endodeoxyribonuclease 2
209288_s_at	0.00035628	1.44e-05	5.8923688	3.22678	0.57372648	CDC42EP3	CDC42 effector protein 3
219938_s_at	0.00035702	1.45e-05	5.8899709	3.22192	0.63569794	PSTPIP2	proline-serine-threonine phosphatase interacting protein 2
211375_s_at	0.00035935	1.46e-05	5.8840889	3.21001	0.4781465	ILF3	interleukin enhancer binding factor 3
220606_s_at	0.00035935	1.47e-05	5.882902	3.2076	0.48479432	ADPRM	ADP-ribose/CDP-alcohol diphosphatase, manganese dependent
215000_s_at	0.00035935	1.47e-05	5.882703	3.2072	0.40393759	FEZ2	fasciculation and elongation protein zeta 2
200050_at	0.00036003	1.47e-05	5.8804231	3.20258	0.53217049	ZNF146	zinc finger protein 146
209409_at	0.00036077	1.48e-05	5.8780753	3.19782	0.69188378	GRB10	growth factor receptor bound protein 10
204493_at	0.00037294	1.54e-05	5.8605871	3.16236	0.33940942	BID	BH3 interacting domain death agonist
200793_s_at	0.00037343	1.55e-05	5.8574227	3.15594	0.33110784	ACO2	aconitase 2
206493_at	0.00037343	1.55e-05	5.8572597	3.15561	1.41077073	ITGA2B	integrin subunit alpha 2b
203430_at	0.00037792	1.57e-05	5.8501228	3.14112	0.47262133	HEBP2	heme binding protein 2
208841_s_at	0.00038303	1.59e-05	5.8422666	3.12517	0.48512754	G3BP2	G3BP stress granule assembly factor 2
218757_s_at	0.0003859	1.61e-05	5.8373147	3.11511	0.5797191	UPF3B	UPF3 regulator of nonsense transcripts homolog B (yeast)
221502_at	0.00038694	1.62e-05	5.834675	3.10975	0.45994376	KPNA3	karyopherin subunit alpha 3
221593_s_at	0.00039097	1.64e-05	5.8283282	3.09685	0.45046265	RPL31	ribosomal protein L31
205963_s_at	0.00039162	1.65e-05	5.826206	3.09253	0.38795218	DNAJA3	DnaJ heat shock protein family (Hsp40) member A3
201284_s_at	0.00039648	1.67e-05	5.8189086	3.07769	0.47744934	APEH	acylaminoacyl-peptide hydrolase
201443_s_at	0.00040181	1.70e-05	5.8111342	3.06187	0.44856291	ATP6AP2	ATPase H+ transporting accessory protein 2
202696_at	0.00040198	1.71e-05	5.8096167	3.05879	0.34295954	OXSR1	oxidative stress responsive 1
201805_at	0.00040199	1.71e-05	5.8083073	3.05612	0.42747769	PRKAG1	protein kinase AMP-activated non-catalytic subunit gamma 1
209421_at	0.00040361	1.72e-05	5.8050578	3.04951	0.50818076	MSH2	mutS homolog 2
214512_s_at	0.00040361	1.73e-05	5.8032347	3.04579	0.49540707	SUB1	SUB1 homolog, transcriptional regulator
217839_at	0.00040361	1.73e-05	5.8013684	3.04199	0.36712532	TFG	TRK-fused gene
201146_at	0.00040361	1.74e-05	5.8011721	3.04159	0.74147938	NFE2L2	nuclear factor, erythroid 2 like 2
204852_s_at	0.00040473	1.75e-05	5.7982945	3.03573	0.52498642	PTPN7	protein tyrosine phosphatase, non-receptor type 7
204566_at	0.00040473	1.75e-05	5.7972689	3.03365	0.54482897	PPM1D	protein phosphatase, Mg2+/Mn2+ dependent 1D
205857_at	0.00040804	1.77e-05	5.7920479	3.02301	0.58110346	SLC18A2	solute carrier family 18 member A2
208788_at	0.00040831	1.78e-05	5.7901657	3.01917	0.63224026	ELOVL5	ELOVL fatty acid elongase 5
200718_s_at	0.00040831	1.78e-05	5.7885519	3.01588	0.26865553	SKP1	S-phase kinase-associated protein 1
209860_s_at	0.00040831	1.78e-05	5.7878004	3.01435	0.44063742	ANXA7	annexin A7
205770_at	0.00040831	1.79e-05	5.7866448	3.012	0.42886644	GSR	glutathione-disulfide reductase
202522_at	0.0004113	1.81e-05	5.7808625	3.00021	0.39895522	PITPNB	phosphatidylinositol transfer protein beta
201455_s_at	0.0004113	1.81e-05	5.7805991	2.99967	0.42614774	NPEPPS	aminopeptidase puromycin sensitive
208996_s_at	0.0004125	1.82e-05	5.7779395	2.99425	0.39802246	POLR2C	RNA polymerase II subunit C
201872_s_at	0.0004131	1.83e-05	5.7748351	2.98792	0.52268966	ABCE1	ATP binding cassette subfamily E member 1
200595_s_at	0.0004131	1.83e-05	5.7747399	2.98772	0.60203558	EIF3A	eukaryotic translation initiation factor 3 subunit A
203095_at	0.00042109	1.87e-05	5.7642414	2.9663	0.48768869	MTIF2	mitochondrial translational initiation factor 2
209048_s_at	0.00042606	1.90e-05	5.7573331	2.9522	0.59735435	ZMYND8	zinc finger MYND-type containing 8
211563_s_at	0.00042705	1.91e-05	5.7545213	2.94646	0.39379981	URI1	URI1, prefoldin like chaperone
203415_at	0.00042705	1.91e-05	5.7537442	2.94487	0.44822966	PDCD6	programmed cell death 6
210139_s_at	0.00042874	1.93e-05	5.7505149	2.93827	0.74786166	PMP22	peripheral myelin protein 22
221020_s_at	0.00042874	1.93e-05	5.7493907	2.93598	0.45368696	SLC25A32	solute carrier family 25 member 32
202746_at	0.00043371	1.96e-05	5.7424427	2.92178	0.94636622	ITM2A	integral membrane protein 2A
206499_s_at	0.00043371	1.97e-05	5.7402773	2.91735	0.54312433	RCC1	regulator of chromosome condensation 1
205530_at	0.00043371	1.97e-05	5.740169	2.91713	0.37056169	ETFDH	electron transfer flavoprotein dehydrogenase
214649_s_at	0.00043383	1.97e-05	5.7388166	2.91437	0.41009634	MTMR2	myotubularin related protein 2
212652_s_at	0.000436	1.99e-05	5.7352032	2.90698	0.47215685	SNX4	sorting nexin 4
221021_s_at	0.00044283	2.03e-05	5.724805	2.88571	0.61348068	CTNNBL1	catenin beta like 1
210162_s_at	0.00044283	2.03e-05	5.7246473	2.88539	0.34594442	NFATC1	nuclear factor of activated T-cells 1
209336_at	0.00044283	2.04e-05	5.7241052	2.88428	0.29535206	PWP2	PWP2 periodic tryptophan protein homolog (yeast)
219960_s_at	0.00044583	2.05e-05	5.7196535	2.87517	0.45049185	UCHL5	ubiquitin C-terminal hydrolase L5
206471_s_at	0.00045322	2.09e-05	5.7105422	2.85652	0.70006025	PLXNC1	plexin C1
202544_at	0.00045479	2.11e-05	5.7062194	2.84767	0.36260998	GMFB	glia maturation factor beta
209526_s_at	0.00045479	2.12e-05	5.7047208	2.8446	0.46008993	HDGFRP3	hepatoma-derived growth factor, related protein 3
212694_s_at	0.00045479	2.12e-05	5.7046641	2.84448	0.6894879	PCCB	propionyl-CoA carboxylase beta subunit
209139_s_at	0.00045479	2.12e-05	5.7041331	2.84339	0.50916637	PRKRA	protein activator of interferon induced protein kinase EIF2AK2
201177_s_at	0.0004562	2.13e-05	5.7014699	2.83794	0.55512909	UBA2	ubiquitin like modifier activating enzyme 2
201651_s_at	0.00045667	2.14e-05	5.6998018	2.83452	0.54406766	PACSIN2	protein kinase C and casein kinase substrate in neurons 2
218147_s_at	0.0004586	2.16e-05	5.6965995	2.82796	0.33537951	GLT8D1	glycosyltransferase 8 domain containing 1
206714_at	0.00045896	2.16e-05	-5.6950466	2.82477	-0.20880199	ALOX15B	arachidonate 15-lipoxygenase, type B
202660_at	0.0004592	2.17e-05	5.6936316	2.82187	0.46627998	ITPR2	inositol 1,4,5-trisphosphate receptor type 2
215416_s_at	0.0004614	2.19e-05	5.6878366	2.80999	0.4084701	STOML2	stomatin like 2
218095_s_at	0.0004614	2.20e-05	5.6877662	2.80985	0.42914263	TMEM165	transmembrane protein 165
204929_s_at	0.0004614	2.20e-05	-5.6870144	2.80831	-0.65555459	VAMP5	vesicle associated membrane protein 5
202922_at	0.0004614	2.20e-05	5.6862579	2.80676	0.36024235	GCLC	glutamate-cysteine ligase catalytic subunit
209033_s_at	0.0004614	2.22e-05	5.6824155	2.79887	0.47047448	DYRK1A	dual specificity tyrosine phosphorylation regulated kinase 1A
218443_s_at	0.0004614	2.22e-05	5.6824097	2.79886	0.50831656	DAZAP1	DAZ associated protein 1
202446_s_at	0.0004614	2.23e-05	5.6804233	2.79479	0.44161826	PLSCR1	phospholipid scramblase 1
208723_at	0.0004614	2.23e-05	5.6800662	2.79406	0.43163998	USP11	ubiquitin specific peptidase 11
221270_s_at	0.0004614	2.23e-05	5.6798521	2.79362	0.31353263	QTRT1	queuine tRNA-ribosyltransferase catalytic subunit 1
212257_s_at	0.0004614	2.23e-05	5.6798294	2.79357	0.72264192	SMARCA2	SWI/SNF related, matrix associated, actin dependent regulator of chromatin, subfamily a, member 2
219201_s_at	0.00046439	2.25e-05	5.6755945	2.78488	0.38431933	TWSG1	twisted gastrulation BMP signaling modulator 1
201701_s_at	0.00046483	2.26e-05	5.674014	2.78164	0.47170961	PGRMC2	progesterone receptor membrane component 2
204548_at	0.00047054	2.29e-05	5.6670124	2.76726	0.43576957	STAR	steroidogenic acute regulatory protein
396_f_at	0.00047625	2.33e-05	5.6601024	2.75307	0.40776907	EPOR	erythropoietin receptor
207405_s_at	0.00047644	2.33e-05	5.6587887	2.75038	0.39370019	RAD17	RAD17 checkpoint clamp loader component
201471_s_at	0.00048128	2.36e-05	5.6528156	2.7381	0.32498427	SQSTM1	sequestosome 1
208801_at	0.00048924	2.41e-05	5.6438346	2.71965	0.40259174	SRP72	signal recognition particle 72
218111_s_at	0.00049694	2.45e-05	5.6342719	2.69998	0.54940201	CMAS	cytidine monophosphate N-acetylneuraminic acid synthetase
201612_at	0.00049694	2.46e-05	5.6336438	2.69869	0.44665316	ALDH9A1	aldehyde dehydrogenase 9 family member A1
218036_x_at	0.00049694	2.46e-05	5.6326935	2.69673	0.37196506	NMD3	NMD3 ribosome export adaptor
201424_s_at	0.00049694	2.47e-05	5.6319111	2.69512	0.43355041	CUL4A	cullin 4A
218748_s_at	0.00052018	2.59e-05	5.608921	2.64779	0.4997475	EXOC5	exocyst complex component 5
209607_x_at	0.00052056	2.60e-05	5.6072795	2.64441	0.52922683	SLX1B-SULT1A4///SLX1A-SULT1A3///SULT1A4///SULT1A3	SLX1B-SULT1A4 readthrough (NMD candidate)///SLX1A-SULT1A3 readthrough (NMD candidate)///sulfotransferase family 1A member 4///sulfotransferase family 1A member 3
221840_at	0.00052056	2.61e-05	-5.6055916	2.64093	-0.74131132	PTPRE	protein tyrosine phosphatase, receptor type E
218909_at	0.00052056	2.61e-05	5.605283	2.6403	0.49229175	RPS6KC1	ribosomal protein S6 kinase C1
205961_s_at	0.00052534	2.64e-05	5.5998203	2.62904	0.5607492	PSIP1	PC4 and SFRS1 interacting protein 1
208453_s_at	0.00052556	2.64e-05	5.5985291	2.62638	0.34352631	XPNPEP1	X-prolyl aminopeptidase 1
218926_at	0.00052752	2.66e-05	5.5956621	2.62047	0.24541648	MYNN	myoneurin
202717_s_at	0.00053066	2.68e-05	5.5917409	2.61238	0.38706485	CDC16	cell division cycle 16
219080_s_at	0.00053142	2.69e-05	5.5899796	2.60875	0.30086146	CTPS2	CTP synthase 2
201236_s_at	0.00053185	2.70e-05	-5.5882278	2.60514	-0.66141013	BTG2	BTG anti-proliferation factor 2
202308_at	0.00053185	2.71e-05	5.5860058	2.60055	0.35204198	SREBF1	sterol regulatory element binding transcription factor 1
208921_s_at	0.00053185	2.71e-05	5.5859249	2.60039	0.48185752	SRI	sorcin
217788_s_at	0.00053185	2.72e-05	5.585292	2.59908	0.53453742	GALNT2	polypeptide N-acetylgalactosaminyltransferase 2
219607_s_at	0.00053214	2.73e-05	-5.5839675	2.59635	-0.53104347	MS4A4A	membrane spanning 4-domains A4A
203067_at	0.00053616	2.76e-05	5.5778731	2.58377	0.41656047	PDHX	pyruvate dehydrogenase complex component X
211148_s_at	0.00053616	2.76e-05	5.5778164	2.58365	0.48452589	ANGPT2	angiopoietin 2
204788_s_at	0.00053616	2.76e-05	5.5771766	2.58233	0.58180204	PPOX	protoporphyrinogen oxidase
207785_s_at	0.00053626	2.77e-05	5.5760354	2.57998	0.47281989	RBPJ	recombination signal binding protein for immunoglobulin kappa J region
210976_s_at	0.00054179	2.81e-05	5.5700778	2.56768	0.34980097	PFKM	phosphofructokinase, muscle
204394_at	0.0005447	2.83e-05	5.5664696	2.56023	0.39408889	SLC43A1	solute carrier family 43 member 1
203577_at	0.00054803	2.85e-05	5.5625058	2.55204	0.45979151	GTF2H4	general transcription factor IIH subunit 4
201375_s_at	0.00054817	2.86e-05	5.5613359	2.54963	0.4339495	PPP2CB	protein phosphatase 2 catalytic subunit beta
212589_at	0.00055	2.87e-05	5.5587024	2.54418	0.50676817	RRAS2	related RAS viral (r-ras) oncogene homolog 2
209452_s_at	0.00056501	2.97e-05	5.5430895	2.51191	0.32761131	VTI1B	vesicle transport through interaction with t-SNAREs 1B
202569_s_at	0.00056501	2.97e-05	5.5428887	2.5115	0.41611926	MARK3	microtubule affinity regulating kinase 3
200697_at	0.00056501	2.97e-05	5.5427431	2.5112	0.63954658	HK1	hexokinase 1
220217_x_at	0.00056608	2.98e-05	-5.5408029	2.50718	-0.25316579	SPANXA2///SPANXC///SPANXA1	SPANX family member A2///SPANX family member C///sperm protein associated with the nucleus, X-linked, family member A1
211152_s_at	0.00057018	3.01e-05	5.5363356	2.49794	0.30494464	HTRA2	HtrA serine peptidase 2
211812_s_at	0.00057458	3.05e-05	5.5310803	2.48707	0.53241953	B3GALNT1	beta-1,3-N-acetylgalactosaminyltransferase 1 (globoside blood group)
201007_at	0.00057458	3.05e-05	5.5304908	2.48585	0.31629713	HADHB	hydroxyacyl-CoA dehydrogenase/3-ketoacyl-CoA thiolase/enoyl-CoA hydratase (trifunctional protein), beta subunit
203935_at	0.00057458	3.05e-05	5.5295813	2.48397	0.4440461	ACVR1	activin A receptor type 1
203305_at	0.00058593	3.12e-05	-5.5190487	2.46216	-0.88673052	F13A1	coagulation factor XIII A chain
217289_s_at	0.00058593	3.13e-05	5.5182254	2.46046	0.325331	SLC37A4	solute carrier family 37 member 4
44111_at	0.00058663	3.14e-05	5.5166365	2.45717	0.27454144	VPS33B	VPS33B, late endosome and lysosome associated
202794_at	0.0005919	3.17e-05	5.5113627	2.44624	0.45367294	INPP1	inositol polyphosphate-1-phosphatase
205859_at	0.00059304	3.19e-05	-5.5094352	2.44225	-0.76130791	LY86	lymphocyte antigen 86
205750_at	0.00059376	3.20e-05	5.5078481	2.43896	0.23080423	BPHL	biphenyl hydrolase like
202892_at	0.00059392	3.21e-05	5.5067074	2.4366	0.40361121	CDC23	cell division cycle 23
214483_s_at	0.00059567	3.23e-05	5.5024383	2.42775	0.34448959	ARFIP1	ADP ribosylation factor interacting protein 1
204971_at	0.00059567	3.24e-05	-5.5017444	2.42631	-1.43942534	CSTA	cystatin A
221750_at	0.00059567	3.25e-05	5.5006547	2.42405	0.47996757	HMGCS1	3-hydroxy-3-methylglutaryl-CoA synthase 1
218653_at	0.00059567	3.25e-05	5.5001919	2.42309	0.65276871	SLC25A15	solute carrier family 25 member 15
201472_at	0.00059567	3.25e-05	5.5000576	2.42282	0.60340895	VBP1	VHL binding protein 1
201157_s_at	0.00059567	3.26e-05	5.499137	2.42091	0.35763774	NMT1	N-myristoyltransferase 1
214464_at	0.00059567	3.26e-05	5.4983064	2.41919	0.65657815	CDC42BPA	CDC42 binding protein kinase alpha
205895_s_at	0.00059619	3.27e-05	5.4968998	2.41627	0.50003505	NOLC1	nucleolar and coiled-body phosphoprotein 1
205848_at	0.00059909	3.30e-05	5.4927931	2.40775	1.16962126	GAS2	growth arrest specific 2
200764_s_at	0.00059909	3.31e-05	5.4920501	2.40621	0.41323568	CTNNA1	catenin alpha 1
213581_at	0.00059909	3.31e-05	5.4916302	2.40534	0.51764507	PDCD2	programmed cell death 2
202317_s_at	0.00059935	3.32e-05	5.4895785	2.40109	0.2894346	UBE4B	ubiquitination factor E4B
202939_at	0.00059935	3.32e-05	5.4894647	2.40085	0.46579167	ZMPSTE24	zinc metallopeptidase STE24
208964_s_at	0.00060519	3.37e-05	5.4831483	2.38775	0.55099506	MIR1908///FADS1	microRNA 1908///fatty acid desaturase 1
204417_at	0.00060519	3.38e-05	5.4819986	2.38536	0.76700028	GALC	galactosylceramidase
201575_at	0.00060519	3.38e-05	5.4818512	2.38506	0.39347094	SNW1	SNW domain containing 1
205798_at	0.00060519	3.39e-05	-5.4804209	2.38209	-0.50551741	IL7R	interleukin 7 receptor
212588_at	0.00060519	3.39e-05	5.4799819	2.38118	0.67103663	PTPRC	protein tyrosine phosphatase, receptor type C
218832_x_at	0.00061545	3.46e-05	5.4710324	2.3626	0.51055191	ARRB1	arrestin beta 1
202168_at	0.00062327	3.51e-05	5.4639247	2.34784	0.57549472	AK6///TAF9	adenylate kinase 6///TATA-box binding protein associated factor 9
200079_s_at	0.00062327	3.52e-05	5.4623802	2.34463	0.39572621	KARS	lysyl-tRNA synthetase
206385_s_at	0.00062327	3.52e-05	-5.4621427	2.34414	-0.26124447	ANK3	ankyrin 3, node of Ranvier (ankyrin G)
205504_at	0.00063026	3.57e-05	5.4558911	2.33115	0.53956931	BTK	Bruton tyrosine kinase
202816_s_at	0.00063059	3.58e-05	5.4546844	2.32864	0.57516516	SS18	SS18, nBAF chromatin remodeling complex subunit
200047_s_at	0.00063201	3.59e-05	5.4526689	2.32445	0.43225284	YY1	YY1 transcription factor
207071_s_at	0.00063727	3.64e-05	5.4469372	2.31254	0.28554379	ACO1	aconitase 1
221579_s_at	0.00063727	3.64e-05	5.4468329	2.31232	0.46069265	RPS10-NUDT3///NUDT3	RPS10-NUDT3 readthrough///nudix hydrolase 3
207532_at	0.00063965	3.66e-05	-5.4441097	2.30666	-0.38328643	CRYGD	crystallin gamma D
211983_x_at	0.00064681	3.71e-05	-5.4378886	2.29372	-0.48808978	ACTG1///ACTB	actin gamma 1///actin beta
201652_at	0.00064711	3.72e-05	5.4361931	2.29019	0.4292616	COPS5	COP9 signalosome subunit 5
208985_s_at	0.00064711	3.72e-05	5.4357801	2.28934	0.45844852	EIF3J	eukaryotic translation initiation factor 3 subunit J
219837_s_at	0.00065619	3.78e-05	5.428237	2.27364	0.90838319	CYTL1	cytokine like 1
221669_s_at	0.00065763	3.80e-05	5.4262622	2.26953	0.32562704	ACAD8	acyl-CoA dehydrogenase family member 8
213465_s_at	0.00065954	3.82e-05	5.4239494	2.26472	0.29128777	PPP1R7	protein phosphatase 1 regulatory subunit 7
202151_s_at	0.00066396	3.85e-05	5.4198524	2.25619	0.75833329	UBAC1	UBA domain containing 1
205562_at	0.00067281	3.91e-05	5.4126531	2.24119	0.19136796	RPP38	ribonuclease P/MRP subunit p38
211208_s_at	0.00068032	3.96e-05	-5.4064685	2.22831	-0.23164469	CASK	calcium/calmodulin dependent serine protein kinase
205120_s_at	0.00068039	3.97e-05	-5.4054938	2.22628	-0.30349212	SGCB	sarcoglycan beta
218343_s_at	0.00068059	3.98e-05	5.4040549	2.22328	0.42864636	GTF3C3	general transcription factor IIIC subunit 3
203566_s_at	0.00068059	3.98e-05	5.4034993	2.22212	0.62108508	AGL	amylo-alpha-1, 6-glucosidase, 4-alpha-glucanotransferase
203964_at	0.00068267	4.00e-05	5.4011375	2.2172	0.51923092	NMI	N-myc and STAT interactor
209316_s_at	0.00068803	4.04e-05	5.3965128	2.20756	0.75781286	HBS1L	HBS1 like translational GTPase
208970_s_at	0.00069161	4.08e-05	5.392039	2.19823	0.72145171	UROD	uroporphyrinogen decarboxylase
208029_s_at	0.00069161	4.08e-05	5.3918862	2.19792	0.90353705	LAPTM4B	lysosomal protein transmembrane 4 beta
209577_at	0.00069161	4.09e-05	5.3913129	2.19672	0.28323693	PCYT2	phosphate cytidylyltransferase 2, ethanolamine
204179_at	0.0006931	4.11e-05	-5.3893794	2.19269	-0.23036237	MB	myoglobin
214323_s_at	0.00069675	4.14e-05	5.3856206	2.18485	0.48741074	UPF3A	UPF3 regulator of nonsense transcripts homolog A (yeast)
203552_at	0.00069675	4.14e-05	5.3848683	2.18328	0.39496652	MAP4K5	mitogen-activated protein kinase kinase kinase kinase 5
218467_at	0.00069675	4.15e-05	5.3841708	2.18182	0.38044885	PSMG2	proteasome assembly chaperone 2
203116_s_at	0.00069912	4.17e-05	5.3816604	2.17659	0.80975274	FECH	ferrochelatase
206267_s_at	0.00070445	4.21e-05	5.3771677	2.16721	0.4423827	MATK	megakaryocyte-associated tyrosine kinase
217874_at	0.00070583	4.23e-05	5.3753382	2.16339	0.2841752	SUCLG1	succinate-CoA ligase alpha subunit
214022_s_at	0.0007138	4.28e-05	5.3691325	2.15044	1.09390949	IFITM1	interferon induced transmembrane protein 1
206693_at	0.00071966	4.33e-05	5.3643782	2.14051	0.43668445	IL7	interleukin 7
203405_at	0.00072029	4.34e-05	5.3630693	2.13778	0.5413183	PSMG1	proteasome assembly chaperone 1
220740_s_at	0.00072568	4.38e-05	5.3586538	2.12856	0.49812627	SLC12A6	solute carrier family 12 member 6
200876_s_at	0.00073434	4.44e-05	5.3521629	2.115	0.418674	PSMB1	proteasome subunit beta 1
200603_at	0.00073528	4.46e-05	5.3506724	2.11188	0.34143778	PRKAR1A	protein kinase cAMP-dependent type I regulatory subunit alpha
207419_s_at	0.00073805	4.49e-05	5.3475234	2.1053	0.48979458	RAC2	ras-related C3 botulinum toxin substrate 2 (rho family, small GTP binding protein Rac2)
200828_s_at	0.00073805	4.49e-05	5.3471196	2.10446	0.40336406	ZNF207	zinc finger protein 207
36920_at	0.00075246	4.59e-05	5.3362417	2.08172	0.23705342	MTM1	myotubularin 1
203501_at	0.00075246	4.59e-05	5.3362326	2.0817	0.23486307	CPQ	carboxypeptidase Q
204563_at	0.00075644	4.63e-05	-5.332868	2.07466	-1.45444655	SELL	selectin L
201198_s_at	0.00075652	4.64e-05	5.3319391	2.07272	0.57163267	PSMD1	proteasome 26S subunit, non-ATPase 1
202092_s_at	0.00076324	4.69e-05	5.3268908	2.06216	0.3623044	ARL2BP	ADP ribosylation factor like GTPase 2 binding protein
200014_s_at	0.00076755	4.72e-05	5.3233607	2.05477	0.39843281	HNRNPC	heterogeneous nuclear ribonucleoprotein C (C1/C2)
203506_s_at	0.00077014	4.75e-05	5.3209027	2.04963	0.33953062	MED12	mediator complex subunit 12
33304_at	0.00077225	4.77e-05	-5.3187389	2.0451	-0.56161431	ISG20	interferon stimulated exonuclease gene 20
207574_s_at	0.00077239	4.79e-05	-5.3164835	2.04038	-0.50219775	GADD45B	growth arrest and DNA damage inducible beta
204972_at	0.00077239	4.79e-05	-5.3163	2.03999	-0.36838749	OAS2	2'-5'-oligoadenylate synthetase 2
219214_s_at	0.00077239	4.80e-05	5.3160479	2.03946	0.30153107	NT5C	5', 3'-nucleotidase, cytosolic
200642_at	0.00078296	4.87e-05	5.3087824	2.02425	0.50483244	SOD1	superoxide dismutase 1, soluble
208758_at	0.00078386	4.88e-05	5.3073766	2.02131	0.48826904	ATIC	5-aminoimidazole-4-carboxamide ribonucleotide formyltransferase/IMP cyclohydrolase
201717_at	0.00079586	4.97e-05	5.2993645	2.00452	0.31095576	MRPL49	mitochondrial ribosomal protein L49
208787_at	0.00080023	5.00e-05	5.2959285	1.99732	0.52147988	MRPL3	mitochondrial ribosomal protein L3
201241_at	0.00080238	5.03e-05	5.293807	1.99288	0.59127538	DDX1	DEAD/H-box helicase 1
202141_s_at	0.00080818	5.07e-05	5.2895663	1.98399	0.37892386	COPS8	COP9 signalosome subunit 8
205103_at	0.00081222	5.11e-05	-5.2863666	1.97728	-0.16199333	C1orf61	chromosome 1 open reading frame 61
218656_s_at	0.00081799	5.15e-05	-5.2821854	1.96851	-0.45417542	LHFP	lipoma HMGIC fusion partner
200726_at	0.0008234	5.20e-05	5.2782331	1.96022	0.57575401	PPP1CC	protein phosphatase 1 catalytic subunit gamma
218176_at	0.00082725	5.23e-05	5.275193	1.95385	0.38496203	MAGEF1	MAGE family member F1
218670_at	0.00083258	5.27e-05	5.2713243	1.94573	0.35610349	PUS1	pseudouridylate synthase 1
208678_at	0.0008411	5.34e-05	5.2656942	1.93392	0.28953783	ATP6V1E1	ATPase H+ transporting V1 subunit E1
202324_s_at	0.00084164	5.35e-05	5.2645477	1.93151	0.30382535	ACBD3	acyl-CoA binding domain containing 3
209953_s_at	0.00085746	5.46e-05	5.2549618	1.91139	0.41001104	CDC37	cell division cycle 37
203818_s_at	0.00086066	5.50e-05	5.2519685	1.9051	0.36656001	SF3A3	splicing factor 3a subunit 3
201760_s_at	0.00086066	5.52e-05	5.2501663	1.90132	0.49201795	WSB2	WD repeat and SOCS box containing 2
207922_s_at	0.00086066	5.52e-05	5.2500597	1.90109	0.36485804	MAEA	macrophage erythroblast attacher
217873_at	0.00086066	5.52e-05	5.2498583	1.90067	0.55533853	CAB39	calcium binding protein 39
208833_s_at	0.00086418	5.55e-05	5.2471069	1.89489	0.36359756	ATXN10	ataxin 10
208619_at	0.00087057	5.61e-05	5.2426093	1.88544	0.34250176	DDB1	damage specific DNA binding protein 1
201945_at	0.00087057	5.61e-05	5.2419866	1.88413	0.256584	FURIN	furin, paired basic amino acid cleaving enzyme
202731_at	0.00088625	5.73e-05	5.2327832	1.86479	1.01665242	MIR4680///PDCD4	microRNA 4680///programmed cell death 4 (neoplastic transformation inhibitor)
208501_at	0.0008942	5.80e-05	5.2269044	1.85243	0.73508108	GFI1B	growth factor independent 1B transcriptional repressor
201042_at	0.0008942	5.80e-05	5.226481	1.85154	0.61934229	TGM2	transglutaminase 2
203925_at	0.0008942	5.81e-05	5.2255104	1.8495	0.53257451	GCLM	glutamate-cysteine ligase modifier subunit
200620_at	0.0008942	5.82e-05	5.2252924	1.84904	0.36462986	TMEM59	transmembrane protein 59
208677_s_at	0.00089449	5.83e-05	5.2241303	1.8466	0.72411214	BSG	basigin (Ok blood group)
209944_at	0.00089449	5.84e-05	5.2234934	1.84526	0.36022662	PTGR2///ZNF410	prostaglandin reductase 2///zinc finger protein 410
212070_at	0.00089758	5.87e-05	5.2210611	1.84014	0.67530806	ADGRG1	adhesion G protein-coupled receptor G1
207655_s_at	0.00090101	5.90e-05	-5.2184521	1.83465	-1.85535156	BLNK	B-cell linker
200788_s_at	0.0009018	5.92e-05	5.2172247	1.83207	0.22313209	PEA15	phosphoprotein enriched in astrocytes 15
201923_at	0.00091464	6.01e-05	5.2097883	1.81642	0.51819603	PRDX4	peroxiredoxin 4
202020_s_at	0.00091584	6.03e-05	5.2083643	1.81343	0.43740722	LANCL1	LanC like 1
40465_at	0.00092918	6.13e-05	5.2007792	1.79746	0.34116212	DDX23	DEAD-box helicase 23
201784_s_at	0.00093326	6.17e-05	5.1979175	1.79143	0.45330097	C11orf58	chromosome 11 open reading frame 58
202352_s_at	0.00093706	6.20e-05	5.1952105	1.78573	0.55901457	PSMD12	proteasome 26S subunit, non-ATPase 12
201756_at	0.00093931	6.23e-05	5.1932818	1.78167	0.41168011	RPA2	replication protein A2
203790_s_at	0.00094155	6.25e-05	5.1913618	1.77763	0.4311576	RIDA	reactive intermediate imine deaminase A homolog
208689_s_at	0.00094313	6.29e-05	5.1885375	1.77168	0.5067837	RPN2	ribophorin II
210715_s_at	0.00094313	6.29e-05	5.1884462	1.77149	0.51519599	SPINT2	serine peptidase inhibitor, Kunitz type 2
202447_at	0.00094313	6.30e-05	5.1876703	1.76985	0.55637225	DECR1	2,4-dienoyl-CoA reductase 1, mitochondrial
202043_s_at	0.00094313	6.31e-05	5.1871436	1.76874	0.57483458	SMS	spermine synthase
203109_at	0.00094313	6.33e-05	5.1860525	1.76644	0.5633486	UBE2M	ubiquitin conjugating enzyme E2 M
205467_at	0.00094313	6.33e-05	5.1857679	1.76584	0.38426436	CASP10	caspase 10
206491_s_at	0.00094786	6.37e-05	5.182635	1.75924	0.33091164	NAPA	NSF attachment protein alpha
201594_s_at	0.00095096	6.40e-05	5.1803129	1.75435	0.34740228	PPP4R1	protein phosphatase 4 regulatory subunit 1
201174_s_at	0.00095496	6.44e-05	5.177558	1.74854	0.32551514	TERF2IP	TERF2 interacting protein
218127_at	0.00095688	6.48e-05	5.1751707	1.74351	0.41705074	NFYB	nuclear transcription factor Y subunit beta
208967_s_at	0.00095688	6.48e-05	5.1750379	1.74323	0.43377786	AK2	adenylate kinase 2
212519_at	0.00096238	6.53e-05	5.1712339	1.73521	0.44434481	UBE2E1	ubiquitin conjugating enzyme E2 E1
218398_at	0.00096238	6.54e-05	5.1707829	1.73426	0.45673734	MRPS30	mitochondrial ribosomal protein S30
218090_s_at	0.00096584	6.57e-05	5.1683175	1.72906	0.42666841	WDR11	WD repeat domain 11
209490_s_at	0.00097041	6.63e-05	5.164164	1.7203	0.36520435	EGFL8///PPT2	EGF like domain multiple 8///palmitoyl-protein thioesterase 2
208289_s_at	0.00097041	6.63e-05	5.164145	1.72026	0.34803157	EI24	EI24, autophagy associated transmembrane protein
220408_x_at	0.00097041	6.64e-05	5.1637624	1.71946	0.34105324	SUPT20H	SPT20 homolog, SAGA complex component
210759_s_at	0.00097157	6.65e-05	5.1624215	1.71663	0.31382379	PSMA1	proteasome subunit alpha 1
201603_at	0.00097351	6.68e-05	5.1607104	1.71302	0.50681237	PPP1R12A	protein phosphatase 1 regulatory subunit 12A
202334_s_at	0.00097408	6.69e-05	5.1596634	1.71081	0.27463477	UBE2B	ubiquitin conjugating enzyme E2 B
214709_s_at	0.00097903	6.74e-05	5.1564407	1.70401	0.40056346	KTN1	kinectin 1
205018_s_at	0.00097903	6.75e-05	5.1557435	1.70254	0.37570648	MBNL2	muscleblind like splicing regulator 2
212048_s_at	0.00097967	6.77e-05	5.1546612	1.70026	0.47494359	YARS	tyrosyl-tRNA synthetase
203529_at	0.00099395	6.88e-05	5.1471345	1.68437	0.34419641	PPP6C	protein phosphatase 6 catalytic subunit
201097_s_at	0.00099712	6.93e-05	5.1437081	1.67714	0.46857297	ARF4	ADP ribosylation factor 4
200626_s_at	0.00099712	6.93e-05	5.1432878	1.67625	0.40687413	SNHG4///MATR3	small nucleolar RNA host gene 4///matrin 3
218427_at	0.00099712	6.97e-05	5.1409243	1.67126	0.26551887	SDCCAG3	serologically defined colon cancer antigen 3
217815_at	0.00099712	6.98e-05	5.1403952	1.67015	0.51869675	SUPT16H	SPT16 homolog, facilitates chromatin remodeling subunit
203932_at	0.00099712	6.98e-05	-5.1402578	1.66986	-0.71787712	HLA-DMB	major histocompatibility complex, class II, DM beta
207628_s_at	0.00099712	6.98e-05	5.1398785	1.66906	0.30737311	WBSCR22	Williams-Beuren syndrome chromosome region 22
214457_at	0.00099712	6.99e-05	-5.1395362	1.66833	-0.18120703	HOXA2	homeobox A2
204137_at	0.00099712	7.00e-05	-5.1388573	1.6669	-0.27421829	GPR137B	G protein-coupled receptor 137B
212581_x_at	0.00099712	7.01e-05	-5.1381821	1.66547	-0.40399029	GAPDH	glyceraldehyde-3-phosphate dehydrogenase
202854_at	0.00099712	7.01e-05	5.1379995	1.66509	0.56764018	HPRT1	hypoxanthine phosphoribosyltransferase 1
202908_at	0.0010027	7.06e-05	-5.1345367	1.65778	-0.20312196	WFS1	wolframin ER transmembrane glycoprotein
201237_at	0.0010027	7.07e-05	5.1338807	1.65639	0.60352253	CAPZA2	capping actin protein of muscle Z-line alpha subunit 2
202169_s_at	0.00100598	7.11e-05	5.1316001	1.65157	0.57006817	AASDHPPT	aminoadipate-semialdehyde dehydrogenase-phosphopantetheinyl transferase
207722_s_at	0.00101201	7.16e-05	5.1280611	1.6441	0.4938032	BTBD2	BTB domain containing 2
203411_s_at	0.0010123	7.18e-05	5.1271734	1.64222	0.61399121	LMNA	lamin A/C
200763_s_at	0.00101342	7.21e-05	-5.125157	1.63796	-0.49324805	RPLP1	ribosomal protein lateral stalk subunit P1
209861_s_at	0.00101342	7.22e-05	5.1246044	1.63679	0.60480018	METAP2	methionyl aminopeptidase 2
217941_s_at	0.00101342	7.22e-05	5.1244076	1.63638	0.39675703	ERBIN	erbb2 interacting protein
209096_at	0.00101709	7.26e-05	5.1219743	1.63124	0.41338631	UBE2V2	ubiquitin conjugating enzyme E2 V2
218911_at	0.00101971	7.29e-05	5.120028	1.62712	0.43750431	YEATS4	YEATS domain containing 4
200070_at	0.00102581	7.34e-05	5.116502	1.61967	0.23613562	CNPPD1	cyclin Pas1/PHO80 domain containing 1
202933_s_at	0.0010295	7.38e-05	5.1140842	1.61456	0.46137274	YES1	YES proto-oncogene 1, Src family tyrosine kinase
217906_at	0.00103795	7.45e-05	5.1095319	1.60494	0.45115887	KLHDC2	kelch domain containing 2
202634_at	0.00104105	7.49e-05	5.1070861	1.59977	0.33904819	POLR2K	RNA polymerase II subunit K
205126_at	0.00104105	7.50e-05	5.106664	1.59887	0.47542814	VRK2	vaccinia related kinase 2
211937_at	0.00104383	7.54e-05	5.104067	1.59338	0.49494925	EIF4B	eukaryotic translation initiation factor 4B
219004_s_at	0.00104383	7.54e-05	5.1039447	1.59312	0.4255891	MIS18A	MIS18 kinetochore protein A
200950_at	0.00105448	7.63e-05	5.0984798	1.58156	0.39708979	ARPC1A	actin related protein 2/3 complex subunit 1A
203989_x_at	0.00105455	7.65e-05	5.097256	1.57897	0.52997872	F2R	coagulation factor II thrombin receptor
202539_s_at	0.00105455	7.67e-05	5.0963349	1.57703	0.50585967	HMGCR	3-hydroxy-3-methylglutaryl-CoA reductase
207953_at	0.00105455	7.67e-05	-5.0962441	1.57683	-0.18764412		
205512_s_at	0.00105541	7.69e-05	5.0951342	1.57449	0.39424039	AIFM1	apoptosis inducing factor, mitochondria associated 1
203032_s_at	0.00106464	7.77e-05	5.0903528	1.56437	0.35699998	FH	fumarate hydratase
220922_s_at	0.00106474	7.79e-05	-5.0889973	1.5615	-0.24862715	SPANXA2///SPANXB1///SPANXC///SPANXA1	SPANX family member A2///SPANX family member B1///SPANX family member C///sperm protein associated with the nucleus, X-linked, family member A1
219659_at	0.00106474	7.79e-05	-5.0888521	1.56119	-0.16223192	ATP8A2	ATPase phospholipid transporting 8A2
203310_at	0.00106648	7.82e-05	5.0873615	1.55804	0.38043067	STXBP3	syntaxin binding protein 3
203293_s_at	0.00107095	7.86e-05	5.0846922	1.55239	0.41810879	LMAN1	lectin, mannose binding 1
202749_at	0.00107719	7.92e-05	5.0812652	1.54513	0.51175714	WRB	tryptophan rich basic protein
217956_s_at	0.00108024	7.96e-05	5.079106	1.54056	0.44529036	ENOPH1	enolase-phosphatase 1
218878_s_at	0.00108024	7.97e-05	5.0785015	1.53928	0.34387183	SIRT1	sirtuin 1
203008_x_at	0.00109599	8.10e-05	5.0710477	1.5235	0.45348474	TXNDC9	thioredoxin domain containing 9
201099_at	0.00109845	8.14e-05	5.0686034	1.51832	0.36866133	USP9X	ubiquitin specific peptidase 9, X-linked
209158_s_at	0.00109845	8.14e-05	5.0685667	1.51824	0.29118658	CYTH2	cytohesin 2
202907_s_at	0.00111857	8.30e-05	5.0594119	1.49885	0.42397108	NBN	nibrin
203359_s_at	0.00113718	8.45e-05	5.0510292	1.48108	0.35318045	GJA9-MYCBP///MYCBP	GJA9-MYCBP readthrough///MYC binding protein
213377_x_at	0.00114085	8.50e-05	-5.0485524	1.47583	-0.41723781	RPS12	ribosomal protein S12
204226_at	0.00114085	8.51e-05	5.0478466	1.47434	0.31195021	STAU2	staufen double-stranded RNA binding protein 2
200819_s_at	0.00114085	8.52e-05	-5.0473942	1.47338	-0.34097918	RPS15	ribosomal protein S15
201675_at	0.00114193	8.54e-05	5.046243	1.47094	0.40284389	AKAP1	A-kinase anchoring protein 1
203258_at	0.00114472	8.60e-05	5.0432036	1.46449	0.55980216	DRAP1	DR1 associated protein 1
201725_at	0.00114472	8.60e-05	5.043147	1.46437	0.42513586	CDC123	cell division cycle 123
200600_at	0.00114472	8.60e-05	5.0427239	1.46347	0.59296768	MSN	moesin
200634_at	0.00114472	8.61e-05	5.0422772	1.46253	0.6204438	PFN1	profilin 1
213209_at	0.00114557	8.63e-05	5.0412245	1.46029	0.26826963	TAF6L	TATA-box binding protein associated factor 6 like
200663_at	0.00115037	8.69e-05	5.0379979	1.45345	0.54252976	CD63	CD63 molecule
201709_s_at	0.00115037	8.69e-05	5.0378758	1.45319	0.28298194	NIPSNAP1	nipsnap homolog 1 (C. elegans)
203261_at	0.00115057	8.71e-05	5.0370944	1.45154	0.35806329	DCTN6	dynactin subunit 6
201166_s_at	0.0011662	8.84e-05	5.0301284	1.43676	0.42561582	PUM1	pumilio RNA binding family member 1
205526_s_at	0.00117497	8.92e-05	5.0259505	1.42789	0.2960517	KATNA1	katanin catalytic subunit A1
202853_s_at	0.0011817	8.99e-05	5.0226032	1.42079	0.38355073	RYK	receptor-like tyrosine kinase
202772_at	0.00118839	9.05e-05	5.0192854	1.41375	0.23959542	HMGCL	3-hydroxymethyl-3-methylglutaryl-CoA lyase
202392_s_at	0.00119355	9.10e-05	5.016579	1.408	0.32547193	MIR7109///PISD	microRNA 7109///phosphatidylserine decarboxylase
200640_at	0.00120062	9.18e-05	5.012686	1.39974	0.67645736	YWHAZ	tyrosine 3-monooxygenase/tryptophan 5-monooxygenase activation protein zeta
200832_s_at	0.00120062	9.18e-05	5.012453	1.39924	0.64168444	SCD	stearoyl-CoA desaturase
201436_at	0.00120734	9.26e-05	5.0085099	1.39087	0.35958514	EIF4E	eukaryotic translation initiation factor 4E
218379_at	0.00120734	9.26e-05	5.0084781	1.3908	0.46972512	RBM7	RNA binding motif protein 7
202310_s_at	0.00121578	9.34e-05	-5.0044313	1.38221	-0.20208811	COL1A1	collagen type I alpha 1 chain
206702_at	0.00121578	9.36e-05	5.003869	1.38101	0.41251031	TEK	TEK receptor tyrosine kinase
208631_s_at	0.00121596	9.37e-05	5.0031129	1.37941	0.41525649	HADHA	hydroxyacyl-CoA dehydrogenase/3-ketoacyl-CoA thiolase/enoyl-CoA hydratase (trifunctional protein), alpha subunit
202364_at	0.00121829	9.40e-05	5.0015389	1.37606	0.37492554	MXI1	MAX interactor 1, dimerization protein
208652_at	0.00124263	9.60e-05	4.991683	1.35512	0.50776805	PPP2CA	protein phosphatase 2 catalytic subunit alpha
201018_at	0.00124612	9.65e-05	4.989697	1.3509	0.64044534	EIF1AX	eukaryotic translation initiation factor 1A, X-linked
204608_at	0.0012485	9.68e-05	4.9881315	1.34758	0.48557409	ASL	argininosuccinate lyase
205298_s_at	0.00124855	9.69e-05	-4.9874292	1.34608	-0.2607973	BTN2A2	butyrophilin subfamily 2 member A2
203031_s_at	0.00124926	9.72e-05	4.9861256	1.34331	0.48282201	UROS	uroporphyrinogen III synthase
210277_at	0.00124926	9.73e-05	4.985801	1.34262	0.21419394	AP4S1	adaptor related protein complex 4 sigma 1 subunit
217871_s_at	0.00125623	9.80e-05	4.9825468	1.3357	0.4594418	MIF	macrophage migration inhibitory factor (glycosylation-inhibiting factor)
201528_at	0.00125861	9.83e-05	4.9807907	1.33197	0.51512073	RPA1	replication protein A1
201315_x_at	0.00125861	9.84e-05	4.9803144	1.33096	0.60290763	IFITM2	interferon induced transmembrane protein 2
202736_s_at	0.00125888	9.89e-05	4.9782818	1.32664	0.47181131	LSM4	LSM4 homolog, U6 small nuclear RNA and mRNA degradation associated
220273_at	0.00125888	9.89e-05	-4.9779205	1.32587	-0.18302736	IL17B	interleukin 17B
219213_at	0.00125888	9.90e-05	-4.9778137	1.32564	-0.27093995	JAM2	junctional adhesion molecule 2
206174_s_at	0.00125888	9.91e-05	4.9774051	1.32477	0.52016307	PPP6C	protein phosphatase 6 catalytic subunit
218676_s_at	0.00125888	9.92e-05	4.9768419	1.32357	0.8306227	PCTP	phosphatidylcholine transfer protein
201925_s_at	0.0012601	9.94e-05	4.9757209	1.32119	0.47688921	CD55	CD55 molecule (Cromer blood group)
201823_s_at	0.00126352	9.99e-05	4.9736724	1.31683	0.27503277	RNF14	ring finger protein 14
203045_at	0.00126352	1.00e-04	-4.9730763	1.31557	-0.35309257	NINJ1	ninjurin 1
210119_at	0.00126352	1.00e-04	-4.972457	1.31425	-0.21617717	KCNJ15	potassium voltage-gated channel subfamily J member 15
212852_s_at	0.00126734	1.01e-04	4.9703924	1.30986	0.43603898	TROVE2	TROVE domain family member 2
202780_at	0.00126747	1.01e-04	4.969677	1.30834	0.3315543	OXCT1	3-oxoacid CoA-transferase 1
208093_s_at	0.00127404	1.01e-04	4.9663956	1.30136	0.49349934	NDEL1	nudE neurodevelopment protein 1 like 1
204231_s_at	0.00127404	1.02e-04	-4.9659536	1.30042	-0.30665068	FAAH	fatty acid amide hydrolase
219297_at	0.00127443	1.02e-04	4.9651483	1.2987	0.31541017	WDR44	WD repeat domain 44
210691_s_at	0.00127795	1.02e-04	4.9632114	1.29458	0.41580562	CACYBP	calcyclin binding protein
214473_x_at	0.00129207	1.03e-04	4.9574647	1.28236	0.3246599	PMS2P3	PMS1 homolog 2, mismatch repair system component pseudogene 3
205129_at	0.00130251	1.04e-04	4.9527646	1.27235	0.43501246	NPM3	nucleophosmin/nucleoplasmin 3
215983_s_at	0.00130251	1.05e-04	4.9524211	1.27162	0.37733207	UBXN8	UBX domain protein 8
203087_s_at	0.00130378	1.05e-04	4.9504088	1.26734	0.55279565	KIF2A	kinesin family member 2A
201972_at	0.00130378	1.05e-04	4.9500579	1.26659	0.36477794	ATP6V1A	ATPase H+ transporting V1 subunit A
205401_at	0.00130378	1.05e-04	4.9487682	1.26385	0.43688357	AGPS	alkylglycerone phosphate synthase
212125_at	0.00130378	1.05e-04	4.9487255	1.26376	0.40279247	RANGAP1	Ran GTPase activating protein 1
205055_at	0.00130378	1.05e-04	4.9486867	1.26367	0.39065573	ITGAE	integrin subunit alpha E
203282_at	0.00131148	1.06e-04	4.9453125	1.25649	0.45191158	GBE1	glucan (1,4-alpha-), branching enzyme 1
201384_s_at	0.00131982	1.07e-04	4.9413933	1.24814	0.33861637	NBR1	NBR1, autophagy cargo receptor
204297_at	0.00131982	1.07e-04	4.9410758	1.24747	0.35185406	PIK3C3	phosphatidylinositol 3-kinase catalytic subunit type 3
201339_s_at	0.00131998	1.07e-04	4.9402048	1.24561	0.33016049	SCP2	sterol carrier protein 2
203356_at	0.00131998	1.07e-04	4.9397204	1.24458	0.28683499	CAPN7	calpain 7
201548_s_at	0.00132222	1.08e-04	4.9382857	1.24153	0.48724708	KDM5B	lysine demethylase 5B
209205_s_at	0.00133203	1.09e-04	4.9342234	1.23287	0.69194176	LMO4	LIM domain only 4
201350_at	0.00133504	1.09e-04	4.9325331	1.22927	0.56071902	FLOT2	flotillin 2
202420_s_at	0.00133625	1.09e-04	4.9314685	1.22701	0.3527858	DHX9	DEAH-box helicase 9
201343_at	0.00133926	1.10e-04	4.9297819	1.22341	0.42066118	UBE2D2	ubiquitin conjugating enzyme E2 D2
204067_at	0.00134403	1.10e-04	4.9274952	1.21854	0.28384547	SUOX	sulfite oxidase
203269_at	0.00136302	1.12e-04	4.9203692	1.20336	0.43148503	NSMAF	neutral sphingomyelinase activation associated factor
212870_at	0.00136319	1.12e-04	4.9192796	1.20104	0.35958442	SOS2	SOS Ras/Rho guanine nucleotide exchange factor 2
203175_at	0.00136319	1.12e-04	4.9190317	1.20051	0.4953478	RHOG	ras homolog family member G
202697_at	0.00136425	1.13e-04	4.9169913	1.19616	0.41207629	NUDT21	nudix hydrolase 21
202417_at	0.00136425	1.13e-04	4.9168864	1.19593	0.42416063	KEAP1	kelch like ECH associated protein 1
213046_at	0.00136425	1.13e-04	4.9163522	1.1948	0.36238884	PABPN1	poly(A) binding protein nuclear 1
201075_s_at	0.00136425	1.13e-04	4.9161146	1.19429	0.70301717	SMARCC1	SWI/SNF related, matrix associated, actin dependent regulator of chromatin subfamily c member 1
214665_s_at	0.00136838	1.14e-04	4.9135451	1.18881	0.42707969	CHP1	calcineurin like EF-hand protein 1
204924_at	0.00136838	1.14e-04	-4.9134464	1.1886	-0.46678952	TLR2	toll like receptor 2
207057_at	0.00139471	1.16e-04	-4.9040137	1.16849	-0.37047245	SLC16A7	solute carrier family 16 member 7
219291_at	0.00140396	1.17e-04	4.9003283	1.16063	0.24275843	DTWD1	DTW domain containing 1
211985_s_at	0.00141222	1.18e-04	4.8966723	1.15283	0.62125893	CALM3///CALM2///CALM1	calmodulin 3///calmodulin 2///calmodulin 1
208616_s_at	0.00141222	1.18e-04	4.8963573	1.15216	0.47602252	PTP4A2	protein tyrosine phosphatase type IVA, member 2
208238_x_at	0.00141384	1.18e-04	-4.894911	1.14908	-0.18899107		
206042_x_at	0.00141384	1.18e-04	4.8945683	1.14834	0.47728392	SNURF///SNRPN	SNRPN upstream reading frame///small nuclear ribonucleoprotein polypeptide N
219358_s_at	0.00141579	1.19e-04	-4.8931576	1.14534	-0.30042525	ADAP2	ArfGAP with dual PH domains 2
201665_x_at	0.00141579	1.19e-04	-4.8926767	1.14431	-0.36049469	RPS17	ribosomal protein S17
208434_at	0.00141714	1.19e-04	-4.8916097	1.14203	-0.16376408	MECOM	MDS1 and EVI1 complex locus
218583_s_at	0.00142004	1.20e-04	4.8894219	1.13737	0.33979108	DCUN1D1	defective in cullin neddylation 1 domain containing 1
210409_at	0.00142004	1.20e-04	-4.8894129	1.13735	-0.22707117	AFDN-AS1	AFDN antisense RNA 1 (head to head)
204093_at	0.00144632	1.22e-04	4.8802224	1.11773	0.4472587	CCNH	cyclin H
214047_s_at	0.00144632	1.22e-04	4.8797099	1.11664	0.37190612	MBD4	methyl-CpG binding domain 4, DNA glycosylase
214583_at	0.00145002	1.23e-04	4.877909	1.1128	0.3607443	DDI2///RSC1A1	DNA damage inducible 1 homolog 2///regulatory solute carrier protein, family 1, member 1
206211_at	0.00145153	1.23e-04	-4.8768061	1.11044	-0.22606541	SELE	selectin E
218256_s_at	0.00145811	1.24e-04	4.8741004	1.10467	0.36807576	NUP54	nucleoporin 54
218405_at	0.00146669	1.25e-04	4.8707762	1.09757	0.19190507	ABT1	activator of basal transcription 1
201928_at	0.0014704	1.25e-04	4.8684121	1.09252	0.31875223	PKP4	plakophilin 4
218253_s_at	0.0014704	1.25e-04	4.8683732	1.09244	0.31950956	EIF2D	eukaryotic translation initiation factor 2D
41657_at	0.00147222	1.26e-04	4.8670156	1.08954	0.31260827	STK11	serine/threonine kinase 11
218150_at	0.00147222	1.26e-04	4.8663097	1.08803	0.41543158	LOC101929356///ARL5A	uncharacterized LOC101929356///ADP ribosylation factor like GTPase 5A
201887_at	0.00147222	1.26e-04	-4.8652831	1.08584	-0.29578576	IL13RA1	interleukin 13 receptor subunit alpha 1
209604_s_at	0.00147222	1.26e-04	-4.8647777	1.08476	-0.29183662	GATA3	GATA binding protein 3
202847_at	0.00147222	1.26e-04	4.8647249	1.08465	0.27083557	PCK2	phosphoenolpyruvate carboxykinase 2, mitochondrial
201624_at	0.00147917	1.27e-04	4.8613781	1.0775	0.46734332	DARS	aspartyl-tRNA synthetase
203706_s_at	0.00147917	1.27e-04	4.8613284	1.07739	0.55806024	FZD7	frizzled class receptor 7
202078_at	0.00148373	1.28e-04	4.8591069	1.07265	0.56320793	COPS3	COP9 signalosome subunit 3
212751_at	0.00148373	1.28e-04	4.8581009	1.0705	0.47845471	UBE2N	ubiquitin conjugating enzyme E2 N
201738_at	0.00148373	1.28e-04	4.8580782	1.07045	0.40687383	EIF1B	eukaryotic translation initiation factor 1B
203437_at	0.00148561	1.29e-04	4.8563757	1.06681	0.19778999	TMEM11	transmembrane protein 11
205361_s_at	0.00148561	1.29e-04	4.8562803	1.06661	0.39947694	PFDN4	prefoldin subunit 4
201669_s_at	0.00149056	1.29e-04	4.8541382	1.06203	1.20883864	MARCKS	myristoylated alanine rich protein kinase C substrate
202513_s_at	0.00149643	1.30e-04	4.8517215	1.05687	0.20611769	PPP2R5D	protein phosphatase 2 regulatory subunit B'delta
203594_at	0.00152503	1.33e-04	4.8421769	1.03647	0.45062564	RTCA	RNA 3'-terminal phosphate cyclase
208694_at	0.00152503	1.33e-04	4.8417962	1.03566	0.49125883	PRKDC	protein kinase, DNA-activated, catalytic polypeptide
203416_at	0.00153584	1.34e-04	-4.8379399	1.02742	-0.55295338	CD53	CD53 molecule
202606_s_at	0.00153944	1.34e-04	4.8362603	1.02383	0.37587652	TLK1	tousled like kinase 1
218119_at	0.00154582	1.35e-04	4.8337535	1.01847	0.40231668	TIMM23B///TIMM23	translocase of inner mitochondrial membrane 23 homolog B///translocase of inner mitochondrial membrane 23
204912_at	0.00155417	1.36e-04	-4.8306749	1.01188	-0.46535465	IL10RA	interleukin 10 receptor subunit alpha
203142_s_at	0.0015666	1.37e-04	4.8264091	1.00276	0.32690671	AP3B1	adaptor related protein complex 3 beta 1 subunit
221400_at	0.00158409	1.39e-04	-4.8207005	0.99055	-0.1716469	MYO3A	myosin IIIA
208004_at	0.00159808	1.41e-04	-4.8158246	0.98012	-0.19622077	OPRPN	opiorphin prepropeptide
208130_s_at	0.00159808	1.41e-04	4.8154613	0.97935	0.45453951	TBXAS1	thromboxane A synthase 1
218338_at	0.00159883	1.41e-04	4.8146482	0.97761	0.26790371	PHC1	polyhomeotic homolog 1
209077_at	0.00160305	1.41e-04	4.8128409	0.97374	0.29656818	TXN2	thioredoxin 2
221761_at	0.00161109	1.43e-04	4.809498	0.96659	0.43847179	ADSS	adenylosuccinate synthase
209833_at	0.00161109	1.43e-04	4.809196	0.96594	0.27407446	CRADD	CASP2 and RIPK1 domain containing adaptor with death domain
213883_s_at	0.00161109	1.43e-04	4.8087569	0.965	0.30471855	TM2D1	TM2 domain containing 1
219048_at	0.00161574	1.43e-04	4.8068385	0.9609	0.30077663	PIGN	phosphatidylinositol glycan anchor biosynthesis class N
220147_s_at	0.00162611	1.45e-04	4.8027327	0.95211	0.41142887	FAM60A	family with sequence similarity 60 member A
204809_at	0.00162611	1.45e-04	4.8027142	0.95207	0.41732599	CLPX	caseinolytic mitochondrial matrix peptidase chaperone subunit
213416_at	0.00163731	1.46e-04	4.7989707	0.94406	0.43147745	ITGA4	integrin subunit alpha 4
209827_s_at	0.00163913	1.46e-04	-4.7978689	0.9417	-0.54496636	IL16	interleukin 16
203338_at	0.00164721	1.47e-04	4.7950221	0.9356	0.4458822	PPP2R5E	protein phosphatase 2 regulatory subunit B'epsilon
219553_at	0.00166817	1.49e-04	4.7886236	0.9219	0.42054898	NME7	NME/NM23 family member 7
201479_at	0.00168243	1.51e-04	4.7841271	0.91227	0.47250222	MIR664B///SNORA56///DKC1	microRNA 664b///small nucleolar RNA, H/ACA box 56///dyskerin pseudouridine synthase 1
204283_at	0.00168901	1.51e-04	4.7817485	0.90718	0.38188439	FARS2	phenylalanyl-tRNA synthetase 2, mitochondrial
204168_at	0.00171224	1.54e-04	4.7745331	0.89172	0.3378589	MGST2	microsomal glutathione S-transferase 2
213816_s_at	0.00171224	1.54e-04	-4.7743045	0.89123	-0.24159982	MET	MET proto-oncogene, receptor tyrosine kinase
213251_at	0.00172406	1.55e-04	4.770564	0.88322	0.40624639	SMARCA5	SWI/SNF related, matrix associated, actin dependent regulator of chromatin, subfamily a, member 5
201699_at	0.00172719	1.56e-04	4.7691487	0.88019	0.46482021	PSMC6	proteasome 26S subunit, ATPase 6
209822_s_at	0.00173728	1.57e-04	-4.7658932	0.87321	-0.17408231	VLDLR	very low density lipoprotein receptor
203088_at	0.00174243	1.58e-04	-4.7631793	0.8674	-0.24851888	FBLN5	fibulin 5
207793_s_at	0.00174243	1.58e-04	4.762999	0.86701	0.32101442	EPB41	erythrocyte membrane protein band 4.1
205063_at	0.00174243	1.58e-04	4.7624015	0.86573	0.34731652	GEMIN2	gem nuclear organelle associated protein 2
202451_at	0.00174243	1.58e-04	4.762213	0.86533	0.35418939	GTF2H1	general transcription factor IIH subunit 1
204990_s_at	0.0017458	1.59e-04	4.760546	0.86175	0.23918527	ITGB4	integrin subunit beta 4
205376_at	0.0017458	1.59e-04	4.7601703	0.86095	0.27170153	INPP4B	inositol polyphosphate-4-phosphatase type II B
217865_at	0.00176262	1.61e-04	4.7548991	0.84965	0.59188922	RNF130	ring finger protein 130
203166_at	0.00176262	1.61e-04	4.7546171	0.84904	0.38882506	CFDP1	craniofacial development protein 1
208393_s_at	0.00176708	1.61e-04	4.7526019	0.84472	0.41802303	RAD50	RAD50 double strand break repair protein
202261_at	0.00176708	1.61e-04	4.7523085	0.84409	0.33553117	VPS72	vacuolar protein sorting 72 homolog
204009_s_at	0.00177244	1.62e-04	4.7502366	0.83965	0.52120001	KRAS	KRAS proto-oncogene, GTPase
207163_s_at	0.00177244	1.62e-04	4.7497737	0.83866	0.46843663	AKT1	AKT serine/threonine kinase 1
203466_at	0.00177665	1.63e-04	4.7481127	0.8351	0.40485658	MPV17	MPV17, mitochondrial inner membrane protein
201250_s_at	0.00177949	1.63e-04	4.7468089	0.8323	0.29751154	SLC2A1	solute carrier family 2 member 1
208436_s_at	0.00178509	1.64e-04	-4.744798	0.82799	-0.79315509	IRF7	interferon regulatory factor 7
211941_s_at	0.00178706	1.64e-04	4.7437206	0.82568	0.49625525	PEBP1	phosphatidylethanolamine binding protein 1
200008_s_at	0.00178927	1.65e-04	4.7425852	0.82325	0.55529262	GDI2	GDP dissociation inhibitor 2
210024_s_at	0.00179233	1.65e-04	4.7412341	0.82035	0.46386732	UBE2E3	ubiquitin conjugating enzyme E2 E3
220386_s_at	0.00179807	1.66e-04	4.7391983	0.81598	0.23307159	EML4	echinoderm microtubule associated protein like 4
200031_s_at	0.00184419	1.71e-04	-4.7270216	0.78986	-0.37129423	SNORD35B///RPS11	small nucleolar RNA, C/D box 35B///ribosomal protein S11
209392_at	0.00185881	1.72e-04	4.722838	0.78088	0.51813929	ENPP2	ectonucleotide pyrophosphatase/phosphodiesterase 2
202886_s_at	0.00185883	1.73e-04	4.7216208	0.77827	0.48145866	PPP2R1B	protein phosphatase 2 scaffold subunit Abeta
221339_at	0.00185883	1.73e-04	-4.7213584	0.77771	-0.20981538	OR10C1	olfactory receptor family 10 subfamily C member 1 (gene/pseudogene)
219371_s_at	0.00185883	1.73e-04	-4.7211391	0.77724	-0.57756493	KLF2	Kruppel like factor 2
217746_s_at	0.00186343	1.73e-04	4.7194447	0.7736	0.27515179	PDCD6IP	programmed cell death 6 interacting protein
200996_at	0.00187044	1.75e-04	4.7163075	0.76687	0.44596893	ACTR3	ARP3 actin related protein 3 homolog
212688_at	0.00187044	1.75e-04	4.7157215	0.76561	0.43015049	PIK3CB	phosphatidylinositol-4,5-bisphosphate 3-kinase catalytic subunit beta
220924_s_at	0.00187044	1.75e-04	4.7156752	0.76551	0.42686635	SLC38A2	solute carrier family 38 member 2
201508_at	0.00187044	1.75e-04	-4.7154779	0.76509	-0.19091117	IGFBP4	insulin like growth factor binding protein 4
202491_s_at	0.0018855	1.77e-04	4.7112115	0.75593	0.40694442	IKBKAP	inhibitor of kappa light polypeptide gene enhancer in B-cells, kinase complex-associated protein
215548_s_at	0.0018855	1.77e-04	4.7101313	0.75361	0.46532226	SCFD1	sec1 family domain containing 1
201687_s_at	0.0018855	1.77e-04	4.7101283	0.7536	0.38794446	API5	apoptosis inhibitor 5
212681_at	0.00190248	1.79e-04	-4.7054644	0.74359	-0.36526304	EPB41L3	erythrocyte membrane protein band 4.1 like 3
204812_at	0.00190938	1.80e-04	4.70325	0.73884	0.21709749	ZW10	zw10 kinetochore protein
200797_s_at	0.00191605	1.81e-04	-4.7010988	0.73422	-0.63761194	MCL1	BCL2 family apoptosis regulator
202118_s_at	0.00191844	1.81e-04	4.6997299	0.73128	0.44185137	CPNE3	copine 3
219412_at	0.00191844	1.81e-04	4.6990048	0.72972	0.52856136	RAB38	RAB38, member RAS oncogene family
214198_s_at	0.00191844	1.81e-04	4.6988633	0.72942	0.29161048	DGCR2	DiGeorge syndrome critical region gene 2
216521_s_at	0.00192451	1.82e-04	4.696865	0.72513	0.25278344	BRCC3	BRCA1/BRCA2-containing complex subunit 3
208695_s_at	0.00192876	1.83e-04	-4.6952931	0.72175	-0.49934762	RPL39	ribosomal protein L39
210944_s_at	0.00192876	1.83e-04	-4.6942345	0.71948	-0.28270158	CAPN3	calpain 3
201517_at	0.00192876	1.83e-04	4.6941571	0.71931	0.35726849	NCBP2	nuclear cap binding protein subunit 2
204612_at	0.00192876	1.84e-04	4.6930102	0.71685	0.25638502	PKIA	protein kinase (cAMP-dependent, catalytic) inhibitor alpha
202016_at	0.00192876	1.84e-04	4.6928067	0.71641	0.44174297	MEST	mesoderm specific transcript
204918_s_at	0.00192876	1.84e-04	4.6925504	0.71586	0.49211992	MLLT3	MLLT3, super elongation complex subunit
202958_at	0.00193522	1.85e-04	4.6904694	0.71139	0.2257498	PTPN9	protein tyrosine phosphatase, non-receptor type 9
209140_x_at	0.00194444	1.86e-04	-4.6877467	0.70554	-0.6713751	HLA-B	major histocompatibility complex, class I, B
220948_s_at	0.00194457	1.86e-04	4.6871701	0.7043	0.34325518	ATP1A1	ATPase Na+/K+ transporting subunit alpha 1
221107_at	0.00194893	1.87e-04	-4.6855414	0.7008	-0.20523636	CHRNA9	cholinergic receptor nicotinic alpha 9 subunit
202591_s_at	0.00194893	1.87e-04	4.6850541	0.69976	0.46265679	SSBP1	single stranded DNA binding protein 1
201653_at	0.00194899	1.87e-04	4.6843157	0.69817	0.37323479	CNIH1	cornichon family AMPA receptor auxiliary protein 1
216958_s_at	0.00194899	1.87e-04	4.6839505	0.69739	0.36361462	IVD	isovaleryl-CoA dehydrogenase
219762_s_at	0.00195449	1.88e-04	4.6821166	0.69345	0.26035041	RPL36	ribosomal protein L36
212137_at	0.00195546	1.88e-04	4.6813469	0.69179	0.31461632	LARP1	La ribonucleoprotein domain family member 1
218520_at	0.00195789	1.89e-04	4.6802364	0.68941	0.46335589	TBK1	TANK binding kinase 1
208785_s_at	0.00196401	1.90e-04	4.6782654	0.68517	0.41698652	MAP1LC3B	microtubule associated protein 1 light chain 3 beta
200820_at	0.0019696	1.91e-04	4.6764252	0.68122	0.31925561	PSMD8	proteasome 26S subunit, non-ATPase 8
221115_s_at	0.00199562	1.94e-04	-4.6692315	0.66576	-0.17430688	LENEP	lens epithelial protein
200613_at	0.00199562	1.94e-04	4.6691802	0.66565	0.50245677	AP2M1	adaptor related protein complex 2 mu 1 subunit
202362_at	0.00199562	1.94e-04	4.6688038	0.66484	0.33020841	RAP1A	RAP1A, member of RAS oncogene family
202506_at	0.00201159	1.96e-04	4.6641824	0.6549	0.33635096	SSFA2	sperm specific antigen 2
203243_s_at	0.00201159	1.96e-04	4.6640838	0.65469	0.43295076	PDLIM5	PDZ and LIM domain 5
216194_s_at	0.00206008	2.01e-04	4.6526585	0.63013	0.38579525	TBCB	tubulin folding cofactor B
211317_s_at	0.00206697	2.02e-04	4.6505948	0.62569	0.35666645	CFLAR	CASP8 and FADD like apoptosis regulator
203449_s_at	0.00207561	2.03e-04	4.6481065	0.62034	0.39207602	TERF1	telomeric repeat binding factor 1
206928_at	0.00207561	2.03e-04	-4.6476191	0.61929	-0.34150762	ZNF124	zinc finger protein 124
202230_s_at	0.00208018	2.04e-04	4.6460799	0.61598	0.37166779	CHERP	calcium homeostasis endoplasmic reticulum protein
206562_s_at	0.0020811	2.04e-04	4.6453456	0.6144	0.44215051	CSNK1A1	casein kinase 1 alpha 1
221474_at	0.00208386	2.04e-04	4.6442067	0.61195	0.24745897	MYL12B	myosin light chain 12B
202941_at	0.0020839	2.05e-04	4.6436647	0.61078	0.38956706	NDUFV2	NADH:ubiquinone oxidoreductase core subunit V2
205515_at	0.00208939	2.05e-04	-4.6419314	0.60706	-0.18333887	PRSS12	protease, serine 12
202180_s_at	0.00211904	2.09e-04	-4.6349634	0.59207	-0.27558184	MVP	major vault protein
200644_at	0.00212525	2.10e-04	4.632444	0.58665	0.6199406	MARCKSL1	MARCKS like 1
214437_s_at	0.00212525	2.10e-04	4.6323678	0.58648	0.45102078	SHMT2	serine hydroxymethyltransferase 2
201364_s_at	0.00212525	2.10e-04	4.6320386	0.58577	0.38016994	OAZ2	ornithine decarboxylase antizyme 2
203948_s_at	0.0021293	2.11e-04	-4.6306404	0.58277	-1.9174779	MPO	myeloperoxidase
200040_at	0.00213119	2.11e-04	4.6297075	0.58076	0.33113315	KHDRBS1	KH RNA binding domain containing, signal transduction associated 1
210418_s_at	0.00213276	2.11e-04	4.6288461	0.5789	0.34012096	IDH3B	isocitrate dehydrogenase 3 (NAD(+)) beta
206806_at	0.0021353	2.12e-04	-4.6277755	0.5766	-0.21259472	DGKI	diacylglycerol kinase iota
207396_s_at	0.0021389	2.13e-04	4.6264798	0.57381	0.27360216	ALG3	ALG3, alpha-1,3- mannosyltransferase
217870_s_at	0.0021726	2.16e-04	4.6187936	0.55727	0.44834258	CMPK1	cytidine/uridine monophosphate kinase 1
219889_at	0.0021726	2.17e-04	4.617519	0.55453	0.22810239	FRAT1	frequently rearranged in advanced T-cell lymphomas 1
200955_at	0.0021726	2.17e-04	4.6174985	0.55448	0.40121711	IMMT	inner membrane mitochondrial protein
202039_at	0.0021726	2.17e-04	-4.6167762	0.55293	-0.67463548	MYO18A///TIAF1	myosin XVIIIA///TGFB1-induced anti-apoptotic factor 1
204853_at	0.0021726	2.17e-04	4.6167234	0.55282	0.33554845	ORC2	origin recognition complex subunit 2
217978_s_at	0.00217806	2.18e-04	4.6150563	0.54923	0.26321046	UBE2Q1	ubiquitin conjugating enzyme E2 Q1
203531_at	0.00218049	2.18e-04	4.6140256	0.54701	0.35691772	CUL5	cullin 5
201619_at	0.00218607	2.19e-04	4.6120286	0.54271	0.43982085	PRDX3	peroxiredoxin 3
205089_at	0.00218607	2.19e-04	4.6118188	0.54226	0.24605202	ZNF7	zinc finger protein 7
200947_s_at	0.00220939	2.22e-04	4.6064576	0.53072	0.50355084	GLUD1	glutamate dehydrogenase 1
202767_at	0.00220964	2.22e-04	4.6058659	0.52944	0.21968721	ACP2	acid phosphatase 2, lysosomal
215111_s_at	0.00220964	2.23e-04	4.6053676	0.52837	0.68136207	TSC22D1	TSC22 domain family member 1
213677_s_at	0.00221397	2.23e-04	4.6039583	0.52533	0.32325852	PMS1	PMS1 homolog 1, mismatch repair system component
200049_at	0.00222455	2.25e-04	4.6009021	0.51875	0.24675416	KAT7	lysine acetyltransferase 7
201707_at	0.00222455	2.25e-04	4.6007493	0.51842	0.23694477	PEX19	peroxisomal biogenesis factor 19
218422_s_at	0.00223393	2.26e-04	4.5980029	0.51251	0.34940979	RBM26	RNA binding motif protein 26
209187_at	0.00223393	2.26e-04	4.5977981	0.51207	0.32784659	DR1	down-regulator of transcription 1
217807_s_at	0.0022487	2.28e-04	-4.5936616	0.50316	-0.39108985	SNORD23///GLTSCR2	small nucleolar RNA, C/D box 23///glioma tumor suppressor candidate region gene 2
203615_x_at	0.0022487	2.29e-04	4.5933904	0.50258	0.39747507	SULT1A1	sulfotransferase family 1A member 1
203373_at	0.0022487	2.29e-04	4.5923981	0.50044	1.01504831	SOCS2	suppressor of cytokine signaling 2
204284_at	0.0022487	2.29e-04	-4.5923331	0.5003	-0.17097192	PPP1R3C	protein phosphatase 1 regulatory subunit 3C
206052_s_at	0.0022487	2.29e-04	4.5922255	0.50007	0.49999308	SLBP	stem-loop binding protein
206189_at	0.0022554	2.30e-04	-4.5903576	0.49604	-0.17503816	UNC5C	unc-5 netrin receptor C
203040_s_at	0.00225823	2.31e-04	4.5892747	0.49371	0.57560158	HMBS	hydroxymethylbilane synthase
201192_s_at	0.00226617	2.32e-04	4.5870634	0.48895	0.34250657	PITPNA	phosphatidylinositol transfer protein alpha
217812_at	0.00226617	2.32e-04	4.586654	0.48807	0.4234222	YTHDF2	YTH N6-methyladenosine RNA binding protein 2
209523_at	0.0022741	2.33e-04	4.5845528	0.48354	0.31437608	TAF2	TATA-box binding protein associated factor 2
203858_s_at	0.00227503	2.34e-04	4.5833587	0.48097	0.18163527	COX10	COX10, heme A:farnesyltransferase cytochrome c oxidase assembly factor
202370_s_at	0.00227503	2.34e-04	4.5833488	0.48095	0.45582137	CBFB	core-binding factor beta subunit
209150_s_at	0.00229752	2.36e-04	4.5778297	0.46906	0.31476235	IPO4///TM9SF1	importin 4///transmembrane 9 superfamily member 1
206978_at	0.00229752	2.37e-04	-4.5771184	0.46752	-0.58522642	CCR2	C-C motif chemokine receptor 2
220741_s_at	0.00229752	2.37e-04	4.5768528	0.46695	0.40415284	PPA2	pyrophosphatase (inorganic) 2
209706_at	0.00229752	2.37e-04	-4.5768385	0.46692	-0.2405465	NKX3-1	NK3 homeobox 1
201327_s_at	0.0023094	2.38e-04	4.5739821	0.46076	0.46143945	CCT6A	chaperonin containing TCP1 subunit 6A
221027_s_at	0.00231751	2.40e-04	4.5718801	0.45624	0.2767218	PLA2G12A	phospholipase A2 group XIIA
221808_at	0.00232443	2.41e-04	4.5700181	0.45222	0.42224292	RAB9A	RAB9A, member RAS oncogene family
218007_s_at	0.0023301	2.41e-04	4.568404	0.44874	0.31990187	RPS27L	ribosomal protein S27 like
207595_s_at	0.00234224	2.43e-04	4.5655331	0.44256	0.24894629	BMP1	bone morphogenetic protein 1
212205_at	0.00234344	2.43e-04	4.564797	0.44097	0.50208479	H2AFV	H2A histone family member V
218122_s_at	0.00235249	2.45e-04	4.5625398	0.43611	0.22578463	SENP2	SUMO1/sentrin/SMT3 specific peptidase 2
210036_s_at	0.00237897	2.48e-04	4.5568099	0.42375	0.84035733	KCNH2	potassium voltage-gated channel subfamily H member 2
205708_s_at	0.00237897	2.48e-04	-4.556439	0.42295	-0.21439633	TRPM2	transient receptor potential cation channel subfamily M member 2
209592_s_at	0.00238488	2.49e-04	4.5548079	0.41944	0.24648568	DCAF7	DDB1 and CUL4 associated factor 7
201209_at	0.0023956	2.50e-04	4.5522661	0.41396	0.40166689	HDAC1	histone deacetylase 1
205547_s_at	0.00239848	2.51e-04	-4.5510204	0.41127	-0.23084339	TAGLN	transgelin
200061_s_at	0.00239848	2.51e-04	-4.5507229	0.41063	-0.41492374	RPS24	ribosomal protein S24
210849_s_at	0.0024054	2.52e-04	4.5489139	0.40673	0.29161006	VPS41	VPS41, HOPS complex subunit
218171_at	0.00241443	2.53e-04	4.5467101	0.40198	0.39483926	VPS4B	vacuolar protein sorting 4 homolog B
201185_at	0.002417	2.54e-04	-4.5457298	0.39987	-0.16898187	HTRA1	HtrA serine peptidase 1
200065_s_at	0.00242742	2.55e-04	4.5428881	0.39374	0.41851263	MIR3620///ARF1	microRNA 3620///ADP ribosylation factor 1
221272_s_at	0.00242742	2.55e-04	-4.5427795	0.3935	-0.18236336	C1orf21	chromosome 1 open reading frame 21
209259_s_at	0.00242782	2.56e-04	4.5421396	0.39212	0.48524221	SMC3	structural maintenance of chromosomes 3
209533_s_at	0.00242782	2.56e-04	4.541624	0.39101	0.28983629	PLAA	phospholipase A2 activating protein
206741_at	0.00242782	2.56e-04	-4.5412217	0.39014	-0.15643087	SSUH2	ssu-2 homolog (C. elegans)
201414_s_at	0.00243772	2.58e-04	4.538876	0.38509	0.45718795	NAP1L4	nucleosome assembly protein 1 like 4
207840_at	0.00243822	2.58e-04	-4.5382903	0.38382	-0.19198614	CD160	CD160 molecule
217923_at	0.00244498	2.59e-04	4.5363856	0.37971	0.35687093	PEF1	penta-EF-hand domain containing 1
201304_at	0.00244498	2.59e-04	4.5356762	0.37818	0.34096004	NDUFA5	NADH:ubiquinone oxidoreductase subunit A5
210152_at	0.00244498	2.60e-04	-4.5352829	0.37734	-0.29014987	LILRB4	leukocyte immunoglobulin like receptor B4
210653_s_at	0.00244498	2.60e-04	4.5350646	0.37687	0.39821435	BCKDHB	branched chain keto acid dehydrogenase E1 subunit beta
200687_s_at	0.0024569	2.62e-04	4.5318417	0.36991	0.37282799	SF3B3	splicing factor 3b subunit 3
219036_at	0.0024569	2.62e-04	4.5312707	0.36868	0.28968866	CEP70	centrosomal protein 70
210246_s_at	0.0024569	2.62e-04	-4.5310793	0.36827	-0.16231793	ABCC8	ATP binding cassette subfamily C member 8
201753_s_at	0.0024569	2.62e-04	-4.5308964	0.36787	-0.46208115	ADD3	adducin 3
203344_s_at	0.00246055	2.63e-04	4.5297329	0.36536	0.44781307	RBBP8	RB binding protein 8, endonuclease
213011_s_at	0.0024608	2.63e-04	4.529199	0.36421	0.47206907	TPI1	triosephosphate isomerase 1
200976_s_at	0.00246711	2.64e-04	4.5275478	0.36065	0.36688532	TAX1BP1	Tax1 binding protein 1
201659_s_at	0.00246775	2.64e-04	4.5267999	0.35904	0.28694937	ARL1	ADP ribosylation factor like GTPase 1
200053_at	0.00246775	2.65e-04	4.5264583	0.3583	0.31712257	SPAG7	sperm associated antigen 7
210414_at	0.00247239	2.66e-04	-4.5248991	0.35494	-0.17085108	FLRT1	fibronectin leucine rich transmembrane protein 1
215739_s_at	0.00247239	2.66e-04	4.5246125	0.35432	0.34187183	TUBGCP3	tubulin gamma complex associated protein 3
205039_s_at	0.00247239	2.66e-04	4.5241491	0.35332	0.35827026	IKZF1	IKAROS family zinc finger 1
204059_s_at	0.00249769	2.69e-04	-4.5186395	0.34143	-0.27225563	ME1	malic enzyme 1
218160_at	0.00249769	2.69e-04	4.5183319	0.34077	0.38645515	NDUFA8	NADH:ubiquinone oxidoreductase subunit A8
217766_s_at	0.00249769	2.70e-04	4.5180681	0.3402	0.30671322	TMEM50A	transmembrane protein 50A
201628_s_at	0.00250146	2.70e-04	4.5165755	0.33698	0.36439502	RRAGA	Ras related GTP binding A
214623_at	0.00250146	2.71e-04	-4.5164188	0.33664	-0.24749037	FBXW4P1	F-box and WD repeat domain containing 4 pseudogene 1
213253_at	0.00250687	2.72e-04	4.5145943	0.3327	0.39932395	SMC2	structural maintenance of chromosomes 2
210609_s_at	0.00250687	2.72e-04	4.5144758	0.33245	0.30079674	TP53I3	tumor protein p53 inducible protein 3
204723_at	0.00251823	2.73e-04	-4.511939	0.32697	-0.17907488	SCN3B	sodium voltage-gated channel beta subunit 3
200691_s_at	0.00253079	2.75e-04	4.5091961	0.32106	0.53845461	HSPA9	heat shock protein family A (Hsp70) member 9
209520_s_at	0.00253887	2.76e-04	4.507269	0.3169	0.40272715	NCBP1	nuclear cap binding protein subunit 1
210950_s_at	0.00255974	2.79e-04	4.5027518	0.30715	0.41702408	FDFT1	farnesyl-diphosphate farnesyltransferase 1
217798_at	0.00255974	2.79e-04	4.5021159	0.30577	0.21389424	CNOT2	CCR4-NOT transcription complex subunit 2
210621_s_at	0.00255974	2.79e-04	4.5021123	0.30577	0.46265312	RASA1	RAS p21 protein activator 1
200854_at	0.00257117	2.81e-04	4.4996093	0.30036	0.28572459	NCOR1	nuclear receptor corepressor 1
207091_at	0.00258829	2.83e-04	-4.4961165	0.29283	-0.14658538	P2RX7	purinergic receptor P2X 7
210188_at	0.00258857	2.83e-04	4.4955912	0.29169	0.25056889	GABPA	GA binding protein transcription factor alpha subunit
217803_at	0.00259459	2.84e-04	4.4940615	0.28839	0.35267787	GOLPH3	golgi phosphoprotein 3
208783_s_at	0.00260837	2.86e-04	4.4911783	0.28216	0.47438522	CD46	CD46 molecule
211023_at	0.00260967	2.86e-04	4.4904786	0.28065	0.41781222	PDHB	pyruvate dehydrogenase (lipoamide) beta
220631_at	0.00261922	2.88e-04	4.488345	0.27605	0.26305821	OSGEPL1	O-sialoglycoprotein endopeptidase-like 1
204560_at	0.00264401	2.91e-04	4.4835904	0.26578	0.43591976	FKBP5	FK506 binding protein 5
209940_at	0.00265057	2.92e-04	4.4815654	0.26141	0.15778934	PARP3	poly(ADP-ribose) polymerase family member 3
206752_s_at	0.00265057	2.92e-04	4.4815198	0.26131	0.30508191	DFFB	DNA fragmentation factor subunit beta
218966_at	0.00267217	2.95e-04	-4.4773592	0.25233	-0.69439849	MYO5C	myosin VC
218025_s_at	0.00267827	2.96e-04	4.4758533	0.24907	0.37352235	ECI2	enoyl-CoA delta isomerase 2
204388_s_at	0.00267963	2.97e-04	4.4747509	0.24669	0.1763697	MAOA	monoamine oxidase A
219693_at	0.00267963	2.97e-04	4.4746832	0.24655	0.24832585	AGPAT4	1-acylglycerol-3-phosphate O-acyltransferase 4
202179_at	0.00267969	2.97e-04	4.4742038	0.24551	0.38111907	BLMH	bleomycin hydrolase
202038_at	0.00268608	2.98e-04	4.4726528	0.24216	0.38734294	UBE4A	ubiquitination factor E4A
206114_at	0.00269216	2.99e-04	-4.470912	0.2384	-0.18888173	EPHA4	EPH receptor A4
206060_s_at	0.00269216	2.99e-04	4.4706894	0.23792	0.3902717	PTPN22	protein tyrosine phosphatase, non-receptor type 22
213803_at	0.00270354	3.01e-04	4.468305	0.23277	0.3777753	KPNB1	karyopherin subunit beta 1
201632_at	0.0027152	3.02e-04	4.4658841	0.22754	0.2691213	EIF2B1	eukaryotic translation initiation factor 2B subunit alpha
220525_s_at	0.00273039	3.04e-04	4.4628833	0.22106	0.31817336	AUP1	ancient ubiquitous protein 1
221776_s_at	0.00273519	3.05e-04	4.4616201	0.21833	0.34166894	BRD7	bromodomain containing 7
210784_x_at	0.00274297	3.06e-04	-4.4598643	0.21454	-0.27225743	LILRB3	leukocyte immunoglobulin like receptor B3
217773_s_at	0.00274837	3.07e-04	4.4585072	0.21161	0.25796417	NDUFA4	NDUFA4, mitochondrial complex associated
202164_s_at	0.00275901	3.09e-04	4.45584	0.20585	0.57461668	CNOT8	CCR4-NOT transcription complex subunit 8
203924_at	0.00275901	3.09e-04	-4.4558235	0.20581	-0.16950324	GSTA1	glutathione S-transferase alpha 1
207371_at	0.00276467	3.10e-04	-4.4544296	0.2028	-0.22895705		
201077_s_at	0.00277279	3.11e-04	4.4526352	0.19892	0.41240608	SNU13///ANXA2	SNU13 homolog, small nuclear ribonucleoprotein (U4/U6.U5)///annexin A2
201342_at	0.00277476	3.12e-04	4.451851	0.19723	0.24581403	SNRPC	small nuclear ribonucleoprotein polypeptide C
201013_s_at	0.00278206	3.13e-04	4.4501957	0.19365	0.5254351	PAICS	phosphoribosylaminoimidazole carboxylase; phosphoribosylaminoimidazolesuccinocarboxamide synthase
207114_at	0.00280029	3.15e-04	-4.4467692	0.18625	-0.23369054	LY6G6C	lymphocyte antigen 6 complex, locus G6C
205330_at	0.00280383	3.16e-04	-4.4457362	0.18402	-0.39334019	MN1	MN1 proto-oncogene, transcriptional regulator
201845_s_at	0.00280787	3.17e-04	4.4442274	0.18076	0.58690343	RYBP	RING1 and YY1 binding protein
218575_at	0.00280787	3.17e-04	4.4441617	0.18061	0.29593206	LOC730268///ANAPC1	anaphase-promoting complex subunit 1-like///anaphase promoting complex subunit 1
216326_s_at	0.00281227	3.18e-04	4.4429917	0.17809	0.2932654	HDAC3	histone deacetylase 3
205599_at	0.00281665	3.19e-04	-4.4416538	0.17519	-0.2192907	TRAF1	TNF receptor associated factor 1
210949_s_at	0.00281665	3.19e-04	4.4413685	0.17458	0.36125629	EIF3CL///EIF3C	eukaryotic translation initiation factor 3 subunit C-like///eukaryotic translation initiation factor 3 subunit C
219125_s_at	0.00282156	3.20e-04	4.4401196	0.17188	0.25924113	SLC50A1	solute carrier family 50 member 1
210502_s_at	0.00283306	3.22e-04	4.4378155	0.1669	0.33172877	PPIE	peptidylprolyl isomerase E
203714_s_at	0.00284794	3.24e-04	4.4345851	0.15992	0.36340395	TBCE	tubulin folding cofactor E
206012_at	0.00284794	3.24e-04	-4.4345249	0.15979	-0.15620896	LEFTY1///LEFTY2	left-right determination factor 1///left-right determination factor 2
211954_s_at	0.00286396	3.26e-04	4.4315238	0.1533	0.42765956	IPO5	importin 5
208799_at	0.00286746	3.27e-04	4.4302409	0.15053	0.5056027	PSMB5	proteasome subunit beta 5
202744_at	0.00286746	3.27e-04	4.4300577	0.15013	0.19910623	SLC20A2	solute carrier family 20 member 2
201314_at	0.00286887	3.28e-04	4.4293811	0.14867	0.33437673	STK25	serine/threonine kinase 25
203622_s_at	0.00287976	3.29e-04	4.427208	0.14397	0.3437198	PNO1	partner of NOB1 homolog
200782_at	0.00288526	3.30e-04	-4.4258887	0.14112	-0.80282888	ANXA5	annexin A5
208837_at	0.00288762	3.31e-04	4.4250643	0.13934	0.28255647	TMED3	transmembrane p24 trafficking protein 3
204976_s_at	0.00290991	3.34e-04	4.4211229	0.13082	0.69935019	AMMECR1	Alport syndrome, mental retardation, midface hypoplasia and elliptocytosis chromosomal region gene 1
200674_s_at	0.00291187	3.35e-04	-4.4200338	0.12846	-0.35258305	RPL32	ribosomal protein L32
209160_at	0.00291187	3.35e-04	4.4199138	0.12821	0.67323533	AKR1C3	aldo-keto reductase family 1, member C3
201247_at	0.00295053	3.39e-04	4.4134784	0.11429	0.39109517	SREBF2	sterol regulatory element binding transcription factor 2
204466_s_at	0.00295497	3.40e-04	4.4123456	0.11184	0.64031114	SNCA	synuclein alpha
200971_s_at	0.00296193	3.41e-04	4.4108283	0.10856	0.236063	SERP1	stress-associated endoplasmic reticulum protein 1
220543_at	0.00296758	3.42e-04	-4.4095146	0.10572	-0.18368249	C21orf62	chromosome 21 open reading frame 62
200001_at	0.00297136	3.43e-04	4.4084886	0.1035	0.49579119	CAPNS1	calpain small subunit 1
33646_g_at	0.00298373	3.45e-04	4.4061553	0.09846	0.32163768	GM2A	GM2 ganglioside activator
200062_s_at	0.0029926	3.46e-04	-4.4043598	0.09458	-0.39874119	RPL30	ribosomal protein L30
200039_s_at	0.0029955	3.47e-04	4.4034735	0.09266	0.37931459	PSMB2	proteasome subunit beta 2
204834_at	0.0030027	3.48e-04	-4.4019368	0.08934	-0.47672968	FGL2	fibrinogen like 2
200057_s_at	0.00301567	3.50e-04	4.3995354	0.08414	0.25793116	NONO	non-POU domain containing, octamer-binding
209239_at	0.00302477	3.51e-04	4.3977229	0.08022	0.27258228	NFKB1	nuclear factor kappa B subunit 1
209486_at	0.00302799	3.52e-04	4.3967941	0.07822	0.3536215	UTP3	UTP3, small subunit processome component homolog (S. cerevisiae)
201300_s_at	0.00303275	3.53e-04	-4.3956366	0.07571	-0.33412971	PRNP	prion protein
204699_s_at	0.00303473	3.54e-04	4.3948958	0.07411	0.30765696	DIEXF	digestive organ expansion factor homolog (zebrafish)
200932_s_at	0.00303578	3.54e-04	4.3940268	0.07223	0.24203371	DCTN2	dynactin subunit 2
205395_s_at	0.00303578	3.54e-04	4.3938506	0.07185	0.33250271	MRE11A	MRE11 homolog A, double strand break repair nuclease
202798_at	0.00303843	3.55e-04	4.3930108	0.07003	0.47118831	SEC24B	SEC24 homolog B, COPII coat complex component
202641_at	0.00304457	3.56e-04	4.3916337	0.06705	0.22505344	ARL3	ADP ribosylation factor like GTPase 3
204306_s_at	0.00304457	3.56e-04	4.3912097	0.06614	0.20317838	CD151	CD151 molecule (Raph blood group)
206327_s_at	0.00305037	3.58e-04	-4.3895365	0.06252	-0.16281211	CDH15	cadherin 15
203744_at	0.00305037	3.58e-04	4.3894619	0.06236	0.38072922	HMGB3	high mobility group box 3
215158_s_at	0.0030583	3.60e-04	4.3871676	0.0574	0.19548179	DEDD	death effector domain containing
202299_s_at	0.0030583	3.60e-04	4.3868829	0.05678	0.25034557	LAMTOR5	late endosomal/lysosomal adaptor, MAPK and MTOR activator 5
209044_x_at	0.0030583	3.60e-04	4.3867822	0.05656	0.49197016	SF3B4	splicing factor 3b subunit 4
202024_at	0.0030583	3.60e-04	4.3865215	0.056	0.29242575	ASNA1	arsA arsenite transporter, ATP-binding, homolog 1 (bacterial)
221381_s_at	0.00308046	3.63e-04	4.3828089	0.04797	0.38558325	MORF4L1	mortality factor 4 like 1
204873_at	0.00309733	3.65e-04	4.3798947	0.04166	0.26918376	PEX1	peroxisomal biogenesis factor 1
202247_s_at	0.00309938	3.66e-04	4.3791552	0.04006	0.39461995	MTA1	metastasis associated 1
203103_s_at	0.0031131	3.68e-04	4.3767147	0.03478	0.43022079	PRPF19	pre-mRNA processing factor 19
221882_s_at	0.00312027	3.69e-04	4.3752351	0.03158	0.28097575	TMEM8A	transmembrane protein 8A
205761_s_at	0.00312151	3.70e-04	4.3742421	0.02943	0.2324292	DUS4L	dihydrouridine synthase 4 like
220860_at	0.00312151	3.70e-04	-4.3741796	0.0293	-0.16070112	PURG	purine rich element binding protein G
210986_s_at	0.00313597	3.72e-04	4.3716485	0.02382	0.76616261	TPM1	tropomyosin 1 (alpha)
213915_at	0.00314541	3.74e-04	-4.3698507	0.01993	-0.52679416	NKG7	natural killer cell granule protein 7
210140_at	0.00314842	3.74e-04	-4.368982	0.01805	-0.97769558	CST7	cystatin F
210377_at	0.0031502	3.75e-04	4.3682894	0.01656	0.41029536	ACSM3	acyl-CoA synthetase medium-chain family member 3
202415_s_at	0.00317073	3.78e-04	4.3649124	0.00925	0.26059662	HSPBP1	HSPA (Hsp70) binding protein 1
203120_at	0.00323044	3.85e-04	4.3560257	-0.00998	0.3296472	TP53BP2	tumor protein p53 binding protein 2
220023_at	0.00323379	3.86e-04	4.3549782	-0.01225	0.24829752	APOBR	apolipoprotein B receptor
209102_s_at	0.00323379	3.86e-04	4.3546887	-0.01287	0.45840327	HBP1	HMG-box transcription factor 1
205828_at	0.0032425	3.88e-04	-4.3530378	-0.01645	-0.1549246	MMP3	matrix metallopeptidase 3
202804_at	0.00324364	3.88e-04	4.3524458	-0.01773	0.33063736	ABCC1	ATP binding cassette subfamily C member 1
202555_s_at	0.00328898	3.94e-04	-4.3457273	-0.03227	-0.71533019	MYLK	myosin light chain kinase
204892_x_at	0.00329109	3.95e-04	-4.3450048	-0.03383	-0.4543992	EEF1A1	eukaryotic translation elongation factor 1 alpha 1
202138_x_at	0.00329733	3.96e-04	4.3437154	-0.03662	0.3289994	AIMP2	aminoacyl tRNA synthetase complex interacting multifunctional protein 2
209193_at	0.00329932	3.96e-04	4.3430121	-0.03814	0.69725806	PIM1	Pim-1 proto-oncogene, serine/threonine kinase
201422_at	0.00331579	3.99e-04	-4.3399057	-0.04487	-0.57574616	IFI30///PIK3R2	IFI30, lysosomal thiol reductase///phosphoinositide-3-kinase regulatory subunit 2
209908_s_at	0.00331579	3.99e-04	-4.3398956	-0.04489	-0.17870424	TGFB2	transforming growth factor beta 2
208146_s_at	0.0033276	4.01e-04	4.3376323	-0.04979	0.75280771	CPVL	carboxypeptidase, vitellogenic like
221116_at	0.0033276	4.01e-04	-4.3374277	-0.05023	-0.14466804		
206906_at	0.00333929	4.03e-04	4.3354115	-0.05459	0.26239575	ICAM5	intercellular adhesion molecule 5
36830_at	0.0033397	4.04e-04	4.3349263	-0.05564	0.41894419	MIPEP	mitochondrial intermediate peptidase
204222_s_at	0.00336008	4.07e-04	-4.3314804	-0.0631	-0.64532039	GLIPR1	GLI pathogenesis related 1
205417_s_at	0.00336008	4.07e-04	4.331317	-0.06346	0.41641216	DAG1	dystroglycan 1
37966_at	0.00336791	4.08e-04	4.3297681	-0.06681	0.60195619	PARVB	parvin beta
208302_at	0.00336791	4.09e-04	-4.3294096	-0.06759	-0.38478121	HMHB1	histocompatibility minor HB-1
207038_at	0.00338891	4.12e-04	-4.3261689	-0.0746	-0.1666784	SLC16A6	solute carrier family 16 member 6
202097_at	0.00339696	4.13e-04	4.3246701	-0.07785	0.49979041	NUP153	nucleoporin 153
200961_at	0.0033976	4.13e-04	4.3240837	-0.07912	0.35033945	SEPHS2	selenophosphate synthetase 2
219577_s_at	0.0033976	4.14e-04	4.3237338	-0.07987	0.23660939	ABCA7	ATP binding cassette subfamily A member 7
216950_s_at	0.00340285	4.15e-04	-4.3226104	-0.08231	-0.33204461	FCGR1CP///FCGR1B///FCGR1A	Fc fragment of IgG receptor Ic, pseudogene///Fc fragment of IgG receptor Ib///Fc fragment of IgG receptor Ia
202505_at	0.00341289	4.17e-04	4.3205264	-0.08682	0.34987784	SNRPB2	small nuclear ribonucleoprotein polypeptide B2
209662_at	0.00341289	4.17e-04	4.320429	-0.08703	0.36256359	CETN3	centrin 3
207823_s_at	0.00341415	4.17e-04	-4.3198387	-0.08831	-0.18817576	AIF1	allograft inflammatory factor 1
205573_s_at	0.00341592	4.18e-04	-4.31918	-0.08973	-0.21011183	SNX7	sorting nexin 7
206628_at	0.00343044	4.20e-04	-4.3168381	-0.0948	-0.14331386	SLC5A1	solute carrier family 5 member 1
202191_s_at	0.00343105	4.21e-04	-4.3163353	-0.09589	-0.35151289	GAS7	growth arrest specific 7
201511_at	0.00343299	4.21e-04	4.3156572	-0.09736	0.21466464	AAMP	angio associated migratory cell protein
206222_at	0.00343435	4.22e-04	-4.315057	-0.09866	-0.17899198	TNFRSF10C	TNF receptor superfamily member 10c
208825_x_at	0.0034527	4.24e-04	-4.3122251	-0.10479	-0.46280375	SNORD42A///RPL23A	small nucleolar RNA, C/D box 42A///ribosomal protein L23a
201286_at	0.00345647	4.25e-04	-4.3110543	-0.10733	-0.20100184	SDC1	syndecan 1
200863_s_at	0.00345647	4.26e-04	4.3105102	-0.1085	0.51314848	RAB11A	RAB11A, member RAS oncogene family
204201_s_at	0.00345647	4.26e-04	4.3100902	-0.10941	0.28998346	PTPN13	protein tyrosine phosphatase, non-receptor type 13
203229_s_at	0.00345647	4.27e-04	4.3097317	-0.11019	0.25711165	CLK2	CDC like kinase 2
218576_s_at	0.00345647	4.27e-04	4.3092815	-0.11116	0.39654449	DUSP12	dual specificity phosphatase 12
221641_s_at	0.00345647	4.27e-04	4.3092126	-0.11131	0.30264079	ACOT9	acyl-CoA thioesterase 9
203743_s_at	0.00346708	4.29e-04	4.307408	-0.11522	0.40669876	TDG	thymine DNA glycosylase
202501_at	0.00349086	4.32e-04	4.3038982	-0.12282	0.35389274	MAPRE2	microtubule associated protein RP/EB family member 2
202739_s_at	0.00351836	4.36e-04	4.299751	-0.1318	0.26515238	PHKB	phosphorylase kinase regulatory subunit beta
205198_s_at	0.00351836	4.36e-04	4.2995135	-0.13231	0.30568672	ATP7A	ATPase copper transporting alpha
203182_s_at	0.00352108	4.37e-04	4.2987479	-0.13397	0.34504026	SRPK2	SRSF protein kinase 2
204977_at	0.00352187	4.38e-04	4.29823	-0.13509	0.2941674	DDX10	DEAD-box helicase 10
205909_at	0.00352522	4.39e-04	4.2973838	-0.13693	0.53139031	POLE2	DNA polymerase epsilon 2, accessory subunit
36475_at	0.00352649	4.39e-04	4.2964484	-0.13895	0.20865007	GCAT	glycine C-acetyltransferase
210555_s_at	0.00352649	4.40e-04	4.2961327	-0.13964	0.41273107	NFATC3	nuclear factor of activated T-cells 3
207237_at	0.00352649	4.40e-04	-4.2959751	-0.13998	-0.22757394	KCNA3	potassium voltage-gated channel subfamily A member 3
200958_s_at	0.00353961	4.42e-04	4.2938809	-0.14451	0.3917754	SDCBP	syndecan binding protein
203905_at	0.00356692	4.46e-04	4.2899919	-0.15293	0.26501154	PARN	poly(A)-specific ribonuclease
202982_s_at	0.0035704	4.47e-04	4.2891366	-0.15479	0.33937449	ACOT1///ACOT2	acyl-CoA thioesterase 1///acyl-CoA thioesterase 2
219547_at	0.00358063	4.49e-04	4.2870598	-0.15929	0.29641532	COX15	COX15, cytochrome c oxidase assembly homolog
209630_s_at	0.00358063	4.49e-04	4.2870167	-0.15938	0.36433123	FBXW2	F-box and WD repeat domain containing 2
203457_at	0.00360221	4.52e-04	4.2836111	-0.16675	0.20553805	STX7	syntaxin 7
209798_at	0.00360221	4.52e-04	4.2834761	-0.16705	0.41826058	NPAT	nuclear protein, coactivator of histone transcription
200096_s_at	0.00360275	4.53e-04	4.2829957	-0.16809	0.37967096	ATP6V0E1	ATPase H+ transporting V0 subunit e1
209143_s_at	0.00360951	4.54e-04	4.2817375	-0.17081	0.35526076	CLNS1A	chloride nucleotide-sensitive channel 1A
201574_at	0.00361055	4.55e-04	4.280682	-0.1731	0.37048998	ETF1	eukaryotic translation termination factor 1
204244_s_at	0.00361055	4.55e-04	4.2804533	-0.17359	0.36431668	DBF4	DBF4 zinc finger
204257_at	0.00361055	4.55e-04	4.2803762	-0.17376	0.21482469	FADS3	fatty acid desaturase 3
202868_s_at	0.00361379	4.57e-04	4.2791914	-0.17633	0.23023854	POP4	POP4 homolog, ribonuclease P/MRP subunit
220397_at	0.00361379	4.57e-04	4.2791509	-0.17641	0.33067709	MDM1	Mdm1 nuclear protein
203013_at	0.00361471	4.57e-04	4.2786277	-0.17755	0.27241297	ECD	ecdysoneless cell cycle regulator
201598_s_at	0.00361858	4.58e-04	4.2773786	-0.18025	0.22936579	INPPL1	inositol polyphosphate phosphatase like 1
201066_at	0.00361858	4.58e-04	4.2773268	-0.18037	0.36542506	CYC1	cytochrome c1
211501_s_at	0.00362208	4.59e-04	4.2764816	-0.1822	0.42047581	EIF3B	eukaryotic translation initiation factor 3 subunit B
207949_s_at	0.003626	4.60e-04	4.2755849	-0.18414	0.21068844	ICA1	islet cell autoantigen 1
221288_at	0.00364301	4.63e-04	-4.2730625	-0.1896	-0.18430966	GPR22	G protein-coupled receptor 22
213151_s_at	0.00364757	4.64e-04	4.27209	-0.19171	0.37517926	SEPT7	septin 7
206989_s_at	0.00365545	4.65e-04	4.2704784	-0.1952	0.38941158	SCAF11	SR-related CTD associated factor 11
218671_s_at	0.00365545	4.66e-04	4.2703025	-0.19558	0.52613599	ATPIF1	ATPase inhibitory factor 1
203135_at	0.00366451	4.67e-04	4.2687781	-0.19888	0.2621146	TBP	TATA-box binding protein
206420_at	0.00367382	4.69e-04	-4.2672257	-0.20225	-0.31355159	IGSF6	immunoglobulin superfamily member 6
203075_at	0.0036774	4.70e-04	4.2663809	-0.20408	0.46032087	SMAD2	SMAD family member 2
203695_s_at	0.00368192	4.71e-04	-4.2654209	-0.20616	-0.35367172	DFNA5	DFNA5, deafness associated tumor suppressor
209620_s_at	0.00369424	4.73e-04	4.2633314	-0.21068	0.22645242	ABCB7	ATP binding cassette subfamily B member 7
209357_at	0.00369424	4.73e-04	4.2631026	-0.21118	0.49914578	CITED2	Cbp/p300 interacting transactivator with Glu/Asp rich carboxy-terminal domain 2
213795_s_at	0.00369649	4.74e-04	4.2623127	-0.21289	0.27073592	PTPRA	protein tyrosine phosphatase, receptor type A
201507_at	0.00369649	4.74e-04	4.2620216	-0.21352	0.20307678	PFDN1	prefoldin subunit 1
209992_at	0.0037256	4.78e-04	-4.2580741	-0.22207	-0.16401675	PFKFB2	6-phosphofructo-2-kinase/fructose-2,6-biphosphatase 2
203150_at	0.0037301	4.79e-04	4.2571255	-0.22413	0.24848792	RABEPK	Rab9 effector protein with kelch motifs
215273_s_at	0.00373015	4.80e-04	4.2567175	-0.22501	0.48964932	TADA3	transcriptional adaptor 3
202077_at	0.00373073	4.81e-04	4.2558297	-0.22693	0.39610625	NDUFAB1	NADH:ubiquinone oxidoreductase subunit AB1
202810_at	0.00373073	4.81e-04	4.2557699	-0.22706	0.28643308	DRG1	developmentally regulated GTP binding protein 1
220668_s_at	0.00373073	4.81e-04	4.2554441	-0.22777	0.36643499	DNMT3B	DNA methyltransferase 3 beta
203396_at	0.00374032	4.83e-04	4.2538842	-0.23115	0.38009241	PSMA4	proteasome subunit alpha 4
201492_s_at	0.00374733	4.84e-04	-4.2526376	-0.23385	-0.52954827	RPL41	ribosomal protein L41
205260_s_at	0.00376293	4.87e-04	4.2501336	-0.23927	0.31497786	ACYP1	acylphosphatase 1
205304_s_at	0.00376293	4.87e-04	-4.249961	-0.23965	-0.1952822	KCNJ8	potassium voltage-gated channel subfamily J member 8
209605_at	0.00378947	4.91e-04	4.2463865	-0.24739	0.67831226	TST	thiosulfate sulfurtransferase
204071_s_at	0.00381976	4.95e-04	4.2423911	-0.25605	0.39195119	TOPORS	TOP1 binding arginine/serine rich protein
201886_at	0.00383352	4.97e-04	4.2403693	-0.26043	0.19663744	DCAF11	DDB1 and CUL4 associated factor 11
36554_at	0.00384902	5.00e-04	4.2381483	-0.26524	0.41226424	ASMTL	acetylserotonin O-methyltransferase-like
218032_at	0.00387258	5.03e-04	-4.2349938	-0.27208	-0.29364403	SNN	stannin
209250_at	0.00387923	5.05e-04	4.2338225	-0.27461	0.34292563	DEGS1	delta 4-desaturase, sphingolipid 1
205866_at	0.00389795	5.08e-04	-4.2312504	-0.28019	-0.13758505	FCN3	ficolin 3
217127_at	0.00390832	5.09e-04	4.2296549	-0.28364	0.2832225	CTH	cystathionine gamma-lyase
204219_s_at	0.00391623	5.11e-04	4.2283454	-0.28648	0.29889477	PSMC1	proteasome 26S subunit, ATPase 1
206297_at	0.00392689	5.13e-04	-4.2267219	-0.29	-0.13220054	CTRC	chymotrypsin C
201207_at	0.00392883	5.15e-04	4.225026	-0.29367	0.29397809	TNFAIP1	TNF alpha induced protein 1
219505_at	0.00392883	5.15e-04	-4.2247507	-0.29427	-0.90496652	CECR1	cat eye syndrome chromosome region, candidate 1
218258_at	0.00392883	5.15e-04	4.2246183	-0.29456	0.41490029	POLR1D	RNA polymerase I subunit D
201840_at	0.00392883	5.15e-04	4.2245177	-0.29478	0.23405327	NEDD8	neural precursor cell expressed, developmentally down-regulated 8
204715_at	0.00392883	5.16e-04	4.2242927	-0.29526	0.20131063	PANX1	pannexin 1
208756_at	0.00392883	5.16e-04	4.2241319	-0.29561	0.40523364	EIF3I	eukaryotic translation initiation factor 3 subunit I
203408_s_at	0.00392918	5.16e-04	-4.2236992	-0.29655	-0.52078707	SATB1	SATB homeobox 1
206846_s_at	0.00392956	5.17e-04	4.223262	-0.2975	0.28011086	HDAC6	histone deacetylase 6
212102_s_at	0.00396701	5.22e-04	4.2185864	-0.30763	0.24726722	KPNA6	karyopherin subunit alpha 6
201620_at	0.0040099	5.28e-04	4.2133385	-0.319	0.21797833	MBTPS1	membrane bound transcription factor peptidase, site 1
205432_at	0.00402073	5.30e-04	-4.2115787	-0.32281	-0.23155702	OVGP1	oviductal glycoprotein 1
203517_at	0.00402073	5.31e-04	4.211337	-0.32334	0.39246731	MTX2	metaxin 2
215925_s_at	0.00402156	5.31e-04	-4.2108536	-0.32439	-0.33940619	CD72	CD72 molecule
204249_s_at	0.0040264	5.32e-04	4.2099196	-0.32641	0.46399675	LMO2	LIM domain only 2
203761_at	0.00403539	5.34e-04	4.2082858	-0.32995	0.59425702	SLA	Src-like-adaptor
210487_at	0.00403539	5.34e-04	-4.2081319	-0.33028	-2.61443804	DNTT	DNA nucleotidylexotransferase
201149_s_at	0.00406128	5.38e-04	4.2048549	-0.33739	0.21785673	TIMP3	TIMP metallopeptidase inhibitor 3
205346_at	0.00407448	5.40e-04	4.2030005	-0.3414	0.22284436	ST3GAL2	ST3 beta-galactoside alpha-2,3-sialyltransferase 2
221479_s_at	0.00409663	5.44e-04	4.200165	-0.34755	0.45885115	BNIP3L	BCL2 interacting protein 3 like
200020_at	0.00412785	5.48e-04	4.1963485	-0.35582	0.45344872	TARDBP	TAR DNA binding protein
208022_s_at	0.00413428	5.50e-04	-4.1952576	-0.35819	-0.31697897	CDC14B	cell division cycle 14B
217975_at	0.0041387	5.51e-04	4.1943883	-0.36007	0.42358195	TCEAL9	transcription elongation factor A like 9
40837_at	0.00413902	5.51e-04	-4.1939651	-0.36099	-0.14345095	TLE2	transducin like enhancer of split 2
201520_s_at	0.00414909	5.53e-04	4.1924817	-0.3642	0.40636445	GRSF1	G-rich RNA sequence binding factor 1
218675_at	0.00416488	5.56e-04	4.1901337	-0.36929	0.18304457	SLC22A17	solute carrier family 22 member 17
217985_s_at	0.00416488	5.56e-04	4.1899935	-0.36959	0.32663505	BAZ1A	bromodomain adjacent to zinc finger domain 1A
218283_at	0.00416701	5.57e-04	4.189377	-0.37093	0.2633549	SS18L2	SS18 like 2
218964_at	0.00419565	5.61e-04	4.1858282	-0.37862	0.18728525	ARID3B	AT-rich interaction domain 3B
221249_s_at	0.00419565	5.62e-04	4.1855143	-0.3793	0.55463644	FAM117A	family with sequence similarity 117 member A
202199_s_at	0.0042423	5.68e-04	4.1801384	-0.39095	0.36117121	SRPK1	SRSF protein kinase 1
213239_at	0.00426436	5.72e-04	4.1774137	-0.39686	0.21563464	PIBF1	progesterone immunomodulatory binding factor 1
205687_at	0.00428948	5.76e-04	4.1741299	-0.40398	0.22330076	UBFD1	ubiquitin family domain containing 1
204849_at	0.00428948	5.76e-04	4.1739949	-0.40427	0.22114106	TCFL5	transcription factor like 5
220433_at	0.00429833	5.78e-04	-4.1726811	-0.40712	-0.2079037	PRRG3	proline rich and Gla domain 3
207629_s_at	0.00429837	5.79e-04	4.172197	-0.40817	0.23489868	ARHGEF2	Rho/Rac guanine nucleotide exchange factor 2
222138_s_at	0.00429837	5.79e-04	4.1715472	-0.40958	0.26896113	WDR13	WD repeat domain 13
213026_at	0.00429837	5.79e-04	4.1715268	-0.40962	0.39339849	ATG12	autophagy related 12
37965_at	0.00430393	5.81e-04	4.1705618	-0.41171	0.7414555	PARVB	parvin beta
221532_s_at	0.00430527	5.81e-04	4.1700385	-0.41285	0.35323983	WDR61	WD repeat domain 61
200092_s_at	0.00432726	5.85e-04	-4.1672928	-0.4188	-0.32254101	RPL37	ribosomal protein L37
202488_s_at	0.00432726	5.85e-04	-4.1669774	-0.41948	-0.18397404	FXYD3	FXYD domain containing ion transport regulator 3
219197_s_at	0.00433335	5.87e-04	-4.1656207	-0.42242	-0.23055917	SCUBE2	signal peptide, CUB domain and EGF like domain containing 2
207401_at	0.00433335	5.87e-04	-4.16558	-0.42251	-0.15305932	PROX1	prospero homeobox 1
203362_s_at	0.00433445	5.88e-04	4.1650853	-0.42358	0.58043825	MAD2L1	MAD2 mitotic arrest deficient-like 1 (yeast)
208848_at	0.00433923	5.89e-04	4.1642076	-0.42549	0.38061341	ADH5	alcohol dehydrogenase 5 (class III), chi polypeptide
202520_s_at	0.00434987	5.91e-04	4.1627237	-0.4287	0.41411597	MLH1	mutL homolog 1
221024_s_at	0.00436023	5.93e-04	4.1608232	-0.43282	0.42984333	SLC2A10	solute carrier family 2 member 10
206961_s_at	0.00436023	5.94e-04	4.1606865	-0.43312	0.20722127	MED20	mediator complex subunit 20
203334_at	0.00436023	5.94e-04	4.1605126	-0.43349	0.25489203	DHX8	DEAH-box helicase 8
204304_s_at	0.00437735	5.97e-04	-4.1583658	-0.43815	-1.07365754	PROM1	prominin 1
218497_s_at	0.00439016	5.99e-04	4.1566698	-0.44182	0.32458044	RNASEH1	ribonuclease H1
211359_s_at	0.00439099	5.99e-04	-4.1562069	-0.44283	-0.15864094	OPRM1	opioid receptor mu 1
220419_s_at	0.00439364	6.01e-04	4.155386	-0.44461	0.2091305	USP25	ubiquitin specific peptidase 25
201833_at	0.00439364	6.01e-04	4.1551798	-0.44505	0.29943417	HDAC2	histone deacetylase 2
203420_at	0.00439596	6.02e-04	4.1545647	-0.44639	0.34797028	FAM8A1	family with sequence similarity 8 member A1
218042_at	0.00439873	6.03e-04	4.1539036	-0.44782	0.38317296	COPS4	COP9 signalosome subunit 4
203104_at	0.00440427	6.04e-04	-4.1529595	-0.44987	-0.55107614	CSF1R	colony stimulating factor 1 receptor
221424_s_at	0.00440872	6.05e-04	-4.1521278	-0.45167	-0.14532512	OR51E2	olfactory receptor family 51 subfamily E member 2
204385_at	0.00441044	6.06e-04	4.1515765	-0.45286	0.36676784	KYNU	kynureninase
203966_s_at	0.00441645	6.07e-04	4.1504634	-0.45528	0.33418823	PPM1A	protein phosphatase, Mg2+/Mn2+ dependent 1A
202146_at	0.00441645	6.07e-04	4.150212	-0.45582	0.33085507	IFRD1	interferon related developmental regulator 1
200695_at	0.00442072	6.09e-04	4.149401	-0.45758	0.40536422	PPP2R1A	protein phosphatase 2 scaffold subunit Aalpha
208097_s_at	0.00443724	6.11e-04	4.1473442	-0.46204	0.6726894	TMX1	thioredoxin related transmembrane protein 1
206095_s_at	0.0044447	6.14e-04	4.1455191	-0.46599	0.38551731	SRSF10	serine and arginine rich splicing factor 10
220115_s_at	0.0044447	6.14e-04	-4.1454271	-0.46619	-0.19713763	CDH10	cadherin 10
209247_s_at	0.0044447	6.14e-04	4.1451851	-0.46672	0.2841833	ABCF2	ATP binding cassette subfamily F member 2
213545_x_at	0.0044447	6.14e-04	4.1450926	-0.46692	0.40904523	SNX3	sorting nexin 3
205174_s_at	0.00445632	6.17e-04	4.1435422	-0.47028	0.26944015	QPCT	glutaminyl-peptide cyclotransferase
203217_s_at	0.00447539	6.20e-04	-4.1412434	-0.47526	-0.31341738	ST3GAL5	ST3 beta-galactoside alpha-2,3-sialyltransferase 5
202917_s_at	0.00448122	6.21e-04	-4.1402841	-0.47734	-2.26575513	S100A8	S100 calcium binding protein A8
209337_at	0.0045079	6.25e-04	4.1372357	-0.48395	0.42389839	PSIP1	PC4 and SFRS1 interacting protein 1
208340_at	0.00452502	6.28e-04	-4.1351553	-0.48846	-0.187241	LOC643733	caspase 4, apoptosis-related cysteine peptidase pseudogene
203247_s_at	0.0045356	6.30e-04	4.1337301	-0.49155	0.34805247	ZNF24	zinc finger protein 24
201606_s_at	0.00454293	6.32e-04	4.1326311	-0.49393	0.36525236	PWP1	PWP1 homolog, endonuclein
202857_at	0.00456668	6.35e-04	4.1299099	-0.49983	0.34534111	CNPY2	canopy FGF signaling regulator 2
201197_at	0.00456825	6.36e-04	4.1293846	-0.50097	0.37775055	AMD1	adenosylmethionine decarboxylase 1
209159_s_at	0.00459799	6.41e-04	-4.1260886	-0.50811	-0.1463829	NDRG4	NDRG family member 4
218377_s_at	0.00460402	6.42e-04	4.1251283	-0.5102	0.18484124	RWDD2B	RWD domain containing 2B
209175_at	0.00462607	6.46e-04	4.1226051	-0.51567	0.31628443	SEC23IP	SEC23 interacting protein
201913_s_at	0.00463241	6.47e-04	4.1216185	-0.5178	0.25044679	COASY	Coenzyme A synthase
222113_s_at	0.00463385	6.48e-04	4.1211092	-0.51891	0.21249016	EPS15L1	epidermal growth factor receptor pathway substrate 15 like 1
203474_at	0.00463659	6.49e-04	4.1201975	-0.52088	0.32378632	IQGAP2	IQ motif containing GTPase activating protein 2
206013_s_at	0.00463659	6.49e-04	-4.1201065	-0.52108	-0.16761706	ACTL6B	actin like 6B
206515_at	0.00464846	6.52e-04	-4.1185853	-0.52438	-0.21806209	CYP4F3	cytochrome P450 family 4 subfamily F member 3
200716_x_at	0.00466243	6.55e-04	-4.1164881	-0.52893	-0.28572998	RPL13AP5///SNORD32A///SNORD33///SNORD34///SNORD35A///RPL13A	ribosomal protein L13a pseudogene 5///small nucleolar RNA, C/D box 32A///small nucleolar RNA, C/D box 33///small nucleolar RNA, C/D box 34///small nucleolar RNA, C/D box 35A///ribosomal protein L13a
219803_at	0.00466243	6.55e-04	-4.1164754	-0.52895	-0.15659794	ANGPTL3	angiopoietin like 3
209362_at	0.00466243	6.55e-04	4.1161313	-0.5297	0.52123111	LOC101928625///MED21	uncharacterized LOC101928625///mediator complex subunit 21
206173_x_at	0.00468212	6.58e-04	4.1138645	-0.53461	0.25055809	GABPB1	GA binding protein transcription factor beta subunit 1
200083_at	0.00469972	6.62e-04	4.1114627	-0.53982	0.32265628	USP22	ubiquitin specific peptidase 22
218401_s_at	0.00469972	6.62e-04	4.1114416	-0.53987	0.37972443	ZNF281	zinc finger protein 281
218236_s_at	0.00470941	6.65e-04	4.109473	-0.54413	0.37942052	PRKD3	protein kinase D3
202145_at	0.00470941	6.65e-04	4.10915	-0.54483	0.50238667	LY6E	lymphocyte antigen 6 complex, locus E
202542_s_at	0.00470941	6.66e-04	4.108476	-0.54629	0.30234598	AIMP1	aminoacyl tRNA synthetase complex interacting multifunctional protein 1
203557_s_at	0.00470941	6.67e-04	4.108377	-0.54651	0.3503181	PCBD1	pterin-4 alpha-carbinolamine dehydratase 1
204120_s_at	0.00470941	6.67e-04	4.1083269	-0.54662	0.2777328	ADK	adenosine kinase
201600_at	0.00470941	6.67e-04	4.1083231	-0.54663	0.39689021	PHB2	prohibitin 2
201302_at	0.0047103	6.67e-04	4.1078736	-0.5476	0.5080351	ANXA4	annexin A4
203534_at	0.00472138	6.69e-04	4.1064515	-0.55068	0.30660355	LSM1	LSM1 homolog, mRNA degradation associated
200003_s_at	0.00476357	6.76e-04	-4.1020782	-0.56016	-0.29629305	MIR6805///RPL28	microRNA 6805///ribosomal protein L28
208451_s_at	0.00477487	6.78e-04	4.1006479	-0.56326	0.55958688	C4B_2///C4B///C4A	complement component 4B (Chido blood group), copy 2///complement component 4B (Chido blood group)///complement component 4A (Rodgers blood group)
220789_s_at	0.00477596	6.79e-04	4.1000552	-0.56455	0.30989297	SNORA5B///TBRG4	small nucleolar RNA, H/ACA box 5B///transforming growth factor beta regulator 4
206218_at	0.00477596	6.79e-04	-4.0998196	-0.56506	-0.19072383	MAGEB2	MAGE family member B2
218559_s_at	0.00480259	6.84e-04	-4.0969511	-0.57128	-0.83268949	MAFB	MAF bZIP transcription factor B
203327_at	0.00481606	6.86e-04	4.0951318	-0.57522	0.28618757	IDE	insulin degrading enzyme
219760_at	0.00481606	6.87e-04	-4.0949656	-0.57558	-0.15829122	LIN7B	lin-7 homolog B, crumbs cell polarity complex component
201870_at	0.00481787	6.87e-04	4.0944355	-0.57673	0.22744503	TOMM34	translocase of outer mitochondrial membrane 34
209268_at	0.00482571	6.89e-04	4.0933419	-0.5791	0.24664498	VPS45	vacuolar protein sorting 45 homolog
218481_at	0.004864	6.95e-04	4.0894197	-0.5876	0.20784376	EXOSC5	exosome component 5
207913_at	0.00488796	6.99e-04	-4.0866818	-0.59354	-0.14889735	CYP2F1	cytochrome P450 family 2 subfamily F member 1
222201_s_at	0.00488796	7.00e-04	4.0864847	-0.59397	0.5108627	CASP8AP2	caspase 8 associated protein 2
212429_s_at	0.00489194	7.01e-04	4.0856132	-0.59585	0.26375833	GTF3C2	general transcription factor IIIC subunit 2
212032_s_at	0.00489194	7.01e-04	4.0853984	-0.59632	0.43075836	PTOV1	prostate tumor overexpressed 1
206407_s_at	0.00489267	7.02e-04	-4.0849727	-0.59724	-0.20143441	CCL13	C-C motif chemokine ligand 13
217854_s_at	0.00491409	7.06e-04	4.0826449	-0.60229	0.37968189	POLR2E	RNA polymerase II subunit E
206220_s_at	0.00491508	7.06e-04	4.0821735	-0.60331	0.1844035	RASA3	RAS p21 protein activator 3
208706_s_at	0.00491508	7.07e-04	4.0815876	-0.60458	0.40031384	EIF5	eukaryotic translation initiation factor 5
207460_at	0.00491508	7.08e-04	-4.0814796	-0.60481	-0.16563832	GZMM	granzyme M
203538_at	0.00491729	7.08e-04	4.0809194	-0.60603	0.32804561	CAMLG	calcium modulating ligand
220587_s_at	0.00492573	7.10e-04	4.0797889	-0.60848	0.29591157	MLST8	MTOR associated protein, LST8 homolog
200872_at	0.00492583	7.11e-04	4.079135	-0.6099	0.73879026	S100A10	S100 calcium binding protein A10
218003_s_at	0.00492583	7.11e-04	4.079066	-0.61005	0.40391541	FKBP3	FK506 binding protein 3
201049_s_at	0.00498455	7.20e-04	-4.0733701	-0.62239	-0.42604448	RPS18	ribosomal protein S18
201880_at	0.00498743	7.21e-04	4.0727536	-0.62373	0.22401106	ARIH1	ariadne RBR E3 ubiquitin protein ligase 1
200852_x_at	0.00499189	7.23e-04	4.0716668	-0.62609	0.41596119	GNB2	G protein subunit beta 2
202557_at	0.00499189	7.23e-04	4.0716392	-0.62615	0.35679535	HSPA13	heat shock protein family A (Hsp70) member 13
217879_at	0.00499822	7.25e-04	4.0707126	-0.62815	0.3836507	CDC27	cell division cycle 27
201664_at	0.00500241	7.26e-04	4.0699803	-0.62974	0.45340467	SMC4	structural maintenance of chromosomes 4
220654_at	0.00500992	7.27e-04	-4.0689494	-0.63198	-0.17813107	PPY2P	pancreatic polypeptide 2, pseudogene
205191_at	0.00501637	7.29e-04	4.068015	-0.634	0.26361685	RP2	retinitis pigmentosa 2 (X-linked recessive)
221617_at	0.00501843	7.30e-04	-4.0674756	-0.63517	-0.15524967	TAF9B	TATA-box binding protein associated factor 9b
205621_at	0.00504058	7.34e-04	4.0651383	-0.64024	0.29984835	ALKBH1	alkB homolog 1, histone H2A dioxygenase
203131_at	0.00507773	7.40e-04	-4.0614761	-0.64817	-0.19281214	PDGFRA	platelet derived growth factor receptor alpha
221841_s_at	0.00509597	7.43e-04	-4.0591721	-0.65317	-1.05901312	KLF4	Kruppel like factor 4
204337_at	0.00509597	7.44e-04	-4.059054	-0.65342	-0.14526973	RGS4	regulator of G-protein signaling 4
218488_at	0.00509597	7.44e-04	4.0587953	-0.65399	0.22659906	EIF2B3	eukaryotic translation initiation factor 2B subunit gamma
201577_at	0.00509597	7.45e-04	4.0584486	-0.65474	0.4852711	NME1	NME/NM23 nucleoside diphosphate kinase 1
206575_at	0.00509892	7.46e-04	-4.0575576	-0.65667	-0.15518313	CDKL5	cyclin dependent kinase like 5
216088_s_at	0.00509892	7.46e-04	4.0574835	-0.65683	0.36961816	PSMA7	proteasome subunit alpha 7
217099_s_at	0.00511169	7.49e-04	4.0560052	-0.66003	0.29342728	GEMIN4	gem nuclear organelle associated protein 4
222011_s_at	0.00512957	7.52e-04	4.0540812	-0.6642	0.28188288	SNORA29///TCP1	small nucleolar RNA, H/ACA box 29///t-complex 1
208642_s_at	0.00515221	7.56e-04	4.0517461	-0.66926	0.38155383	XRCC5	X-ray repair cross complementing 5
207122_x_at	0.00517356	7.60e-04	4.0495327	-0.67406	0.22143343	SULT1A2	sulfotransferase family 1A member 2
206445_s_at	0.00517446	7.60e-04	4.0491041	-0.67499	0.42183292	PRMT1	protein arginine methyltransferase 1
218649_x_at	0.00517835	7.62e-04	4.0480292	-0.67732	0.37107716	NEMF	nuclear export mediator factor
209391_at	0.00517835	7.63e-04	4.0472033	-0.67911	0.20063569	DPM2	dolichyl-phosphate mannosyltransferase subunit 2, regulatory
200926_at	0.00517835	7.63e-04	-4.0471871	-0.67915	-0.46027344	RPS23	ribosomal protein S23
205446_s_at	0.00517835	7.64e-04	4.0470667	-0.67941	0.33576763	ATF2	activating transcription factor 2
209879_at	0.00517835	7.64e-04	4.0468933	-0.67978	0.40465814	SELPLG	selectin P ligand
208095_s_at	0.00517835	7.64e-04	4.0466678	-0.68027	0.49329322	SRP72	signal recognition particle 72
218364_at	0.00519145	7.67e-04	4.0449388	-0.68402	0.31808253	LRRFIP2	LRR binding FLII interacting protein 2
218133_s_at	0.00519145	7.68e-04	4.0443109	-0.68538	0.35260717	NIF3L1	NGG1 interacting factor 3 like 1
206622_at	0.00519145	7.69e-04	-4.0442115	-0.6856	-0.52093123	TRH	thyrotropin releasing hormone
217840_at	0.00519145	7.69e-04	4.0438929	-0.68629	0.33529869	DDX41	DEAD-box helicase 41
204725_s_at	0.00519145	7.69e-04	4.0437884	-0.68651	0.41911008	NCK1	NCK adaptor protein 1
209413_at	0.0051924	7.70e-04	4.0433585	-0.68744	0.21901122	B4GALT2	beta-1,4-galactosyltransferase 2
205686_s_at	0.0052005	7.72e-04	-4.0422981	-0.68974	-0.16027197	CD86	CD86 molecule
216903_s_at	0.0052005	7.72e-04	4.0419631	-0.69047	0.36053448	MICU1	mitochondrial calcium uptake 1
203353_s_at	0.00523161	7.78e-04	4.0388683	-0.69718	0.21680083	MBD1	methyl-CpG binding domain protein 1
200845_s_at	0.00523161	7.78e-04	4.0385842	-0.69779	0.32354353	PRDX6	peroxiredoxin 6
219017_at	0.00525206	7.82e-04	4.036481	-0.70235	0.30690461	ETNK1	ethanolamine kinase 1
211185_s_at	0.00526006	7.84e-04	4.03545	-0.70459	0.25731959	SF3B1	splicing factor 3b subunit 1
204274_at	0.00527062	7.86e-04	4.0342011	-0.70729	0.33677123	EBAG9	estrogen receptor binding site associated, antigen, 9
201758_at	0.005297	7.90e-04	4.0316076	-0.71291	0.29558313	TSG101	tumor susceptibility 101
218142_s_at	0.00531529	7.94e-04	4.0293141	-0.71788	0.31285491	CRBN	cereblon
202666_s_at	0.00531529	7.95e-04	4.0292049	-0.71812	0.480658	ACTL6A	actin like 6A
213524_s_at	0.00531529	7.95e-04	-4.0290217	-0.71852	-0.31207318	G0S2	G0/G1 switch 2
221978_at	0.00533743	7.99e-04	-4.0268058	-0.72332	-0.1462077	HLA-F	major histocompatibility complex, class I, F
221676_s_at	0.00534434	8.00e-04	4.0258793	-0.72533	0.53262071	CORO1C	coronin 1C
205778_at	0.00537735	8.06e-04	-4.0225544	-0.73253	-0.13967676	KLK7	kallikrein related peptidase 7
200067_x_at	0.00537735	8.07e-04	4.0224196	-0.73283	0.33711341	SNX3	sorting nexin 3
219326_s_at	0.00538627	8.09e-04	4.0210047	-0.73589	0.47098448	B3GNT2	UDP-GlcNAc:betaGal beta-1,3-N-acetylglucosaminyltransferase 2
222102_at	0.00538627	8.09e-04	-4.0209869	-0.73593	-0.20003565	GSTA3	glutathione S-transferase alpha 3
218224_at	0.005388	8.10e-04	4.0204999	-0.73699	0.41064169	PNMA1	paraneoplastic Ma antigen 1
203983_at	0.00538984	8.11e-04	4.0200041	-0.73806	0.35685583	TSNAX	translin associated factor X
200934_at	0.00539652	8.13e-04	4.0191047	-0.74001	0.32087211	DEK	DEK proto-oncogene
203403_s_at	0.00539765	8.13e-04	4.0186686	-0.74095	0.42212568	RNF6	ring finger protein 6
203335_at	0.00539966	8.14e-04	4.0181591	-0.74206	0.41006571	PHYH	phytanoyl-CoA 2-hydroxylase
206393_at	0.0054126	8.17e-04	-4.0167404	-0.74513	-0.19929817	TNNI2	troponin I2, fast skeletal type
206920_s_at	0.00542174	8.19e-04	4.0153308	-0.74819	0.30782887	GLE1	GLE1, RNA export mediator
218239_s_at	0.00542174	8.20e-04	4.0152987	-0.74826	0.40096654	GTPBP4	GTP binding protein 4
203535_at	0.00542753	8.22e-04	-4.0142031	-0.75063	-1.41443448	S100A9	S100 calcium binding protein A9
220330_s_at	0.00542753	8.22e-04	4.0141381	-0.75077	0.70078267	SAMSN1	SAM domain, SH3 domain and nuclear localization signals 1
207454_at	0.00543141	8.23e-04	-4.0134759	-0.75221	-0.1721298	GRIK3	glutamate ionotropic receptor kainate type subunit 3
208818_s_at	0.00543798	8.24e-04	4.0125925	-0.75412	0.30968474	COMT	catechol-O-methyltransferase
204951_at	0.00545526	8.28e-04	4.0108246	-0.75795	0.42269745	RHOH	ras homolog family member H
218367_x_at	0.0054987	8.35e-04	4.0067051	-0.76688	0.46256072	USP21	ubiquitin specific peptidase 21
201278_at	0.0054987	8.36e-04	-4.0065754	-0.76716	-0.2836774	LOC101926921///DAB2	uncharacterized LOC101926921///DAB2, clathrin adaptor protein
201078_at	0.0055102	8.38e-04	4.005296	-0.76993	0.43400193	TM9SF2	transmembrane 9 superfamily member 2
220633_s_at	0.00551117	8.39e-04	4.0048783	-0.77084	0.31842895	HP1BP3	heterochromatin protein 1 binding protein 3
201506_at	0.00551391	8.40e-04	-4.0043165	-0.77206	-0.80224157	TGFBI	transforming growth factor beta induced
201797_s_at	0.0055227	8.42e-04	4.0032619	-0.77434	0.46862522	VARS	valyl-tRNA synthetase
206238_s_at	0.00552606	8.43e-04	4.0026505	-0.77567	0.17882516	YAF2	YY1 associated factor 2
200817_x_at	0.00552683	8.44e-04	-4.0022501	-0.77653	-0.35400277	RPS10	ribosomal protein S10
1773_at	0.00553198	8.45e-04	4.0013335	-0.77852	0.20947335	CHURC1-FNTB///FNTB	CHURC1-FNTB readthrough///farnesyltransferase, CAAX box, beta
217232_x_at	0.00553198	8.46e-04	4.001157	-0.7789	1.41657268	HBB	hemoglobin subunit beta
205158_at	0.00553255	8.47e-04	-4.0005671	-0.78018	-0.19898282	RNASE4	ribonuclease A family member 4
203923_s_at	0.00553255	8.47e-04	-4.0004383	-0.78046	-0.53731011	CYBB	cytochrome b-245 beta chain
202646_s_at	0.00555084	8.50e-04	3.9986157	-0.78441	0.34939732	CSDE1	cold shock domain containing E1
205633_s_at	0.00555449	8.52e-04	3.997984	-0.78578	0.32727381	ALAS1	5'-aminolevulinate synthase 1
209930_s_at	0.0055578	8.53e-04	3.9973808	-0.78708	0.72710365	NFE2	nuclear factor, erythroid 2
200988_s_at	0.00555952	8.54e-04	3.9969058	-0.78811	0.25083067	PSME3	proteasome activator subunit 3
201429_s_at	0.00557582	8.57e-04	-3.9952528	-0.7917	-0.4846814	RPL37A	ribosomal protein L37a
209541_at	0.00557838	8.58e-04	-3.9944403	-0.79346	-0.20724111	IGF1	insulin like growth factor 1
200802_at	0.00557838	8.59e-04	3.9943768	-0.79359	0.2984608	SARS	seryl-tRNA synthetase
206468_s_at	0.00560003	8.63e-04	3.9921652	-0.79839	0.25295665	METTL13	methyltransferase like 13
218896_s_at	0.00560003	8.64e-04	3.9915218	-0.79978	0.21034152	NCBP3	nuclear cap binding subunit 3
210210_at	0.00560003	8.64e-04	-3.991415	-0.80001	-0.17580471	MPZL1	myelin protein zero like 1
214565_s_at	0.00560003	8.65e-04	-3.9910835	-0.80073	-0.15571657	SMR3A///SMR3B	submaxillary gland androgen regulated protein 3A///submaxillary gland androgen regulated protein 3B
201948_at	0.00560003	8.66e-04	3.9906331	-0.80171	0.30882007	GNL2	G protein nucleolar 2
218668_s_at	0.00560003	8.66e-04	3.9906307	-0.80171	0.31357089	RAP2C	RAP2C, member of RAS oncogene family
202232_s_at	0.00566078	8.76e-04	3.9854416	-0.81295	0.31584872	EIF3M	eukaryotic translation initiation factor 3 subunit M
222065_s_at	0.00566349	8.77e-04	3.9848937	-0.81414	0.34479954	FLII	FLII, actin remodeling protein
209303_at	0.00567164	8.79e-04	3.983914	-0.81626	0.32022799	NDUFS4	NADH:ubiquinone oxidoreductase subunit S4
212255_s_at	0.00567172	8.80e-04	3.9834839	-0.8172	0.35010303	ATP2C1	ATPase secretory pathway Ca2+ transporting 1
209122_at	0.00567172	8.80e-04	3.9832436	-0.81772	0.66414875	PLIN2	perilipin 2
210448_s_at	0.00568073	8.82e-04	3.9821979	-0.81998	0.57954858	P2RX5	purinergic receptor P2X 5
208927_at	0.00568076	8.83e-04	3.981864	-0.8207	0.4105776	SPOP	speckle type BTB/POZ protein
200662_s_at	0.00568157	8.83e-04	3.9814689	-0.82156	0.41465772	TOMM20	translocase of outer mitochondrial membrane 20
201176_s_at	0.00569099	8.86e-04	3.9803923	-0.82389	0.32339152	ARCN1	archain 1
201795_at	0.00571123	8.89e-04	3.9784636	-0.82807	0.39835832	LBR	lamin B receptor
220746_s_at	0.00574269	8.96e-04	3.9752866	-0.83495	0.20980453	UIMC1	ubiquitin interaction motif containing 1
206857_s_at	0.00574269	8.96e-04	3.9752722	-0.83499	0.35262375	FKBP1B	FK506 binding protein 1B
220037_s_at	0.00574269	8.96e-04	-3.9750007	-0.83557	-0.1871782	LYVE1	lymphatic vessel endothelial hyaluronan receptor 1
218437_s_at	0.00574275	8.97e-04	3.9746663	-0.8363	0.26105531	LZTFL1	leucine zipper transcription factor like 1
200046_at	0.00574946	8.99e-04	3.9738112	-0.83815	0.40044762	DAD1	defender against cell death 1
220183_s_at	0.00575135	9.00e-04	3.9733349	-0.83918	0.28991277	NUDT6	nudix hydrolase 6
219321_at	0.00578201	9.05e-04	3.9705391	-0.84524	0.15621082	MPP5	membrane palmitoylated protein 5
204003_s_at	0.00578201	9.07e-04	3.9696154	-0.84724	0.23452969	NUPL2	nucleoporin like 2
204657_s_at	0.00578201	9.07e-04	3.9696095	-0.84725	0.20530434	SHB	SH2 domain containing adaptor protein B
212378_at	0.00578201	9.07e-04	3.9694514	-0.8476	0.45448108	GART	phosphoribosylglycinamide formyltransferase, phosphoribosylglycinamide synthetase, phosphoribosylaminoimidazole synthetase
203139_at	0.00578201	9.08e-04	3.9692999	-0.84792	0.43941078	DAPK1	death associated protein kinase 1
212657_s_at	0.00579661	9.11e-04	-3.967603	-0.8516	-0.17075153	IL1RN	interleukin 1 receptor antagonist
209089_at	0.00579661	9.11e-04	3.9675096	-0.8518	0.24468479	RAB5A	RAB5A, member RAS oncogene family
207717_s_at	0.005811	9.14e-04	-3.9660664	-0.85493	-0.35268685	PKP2	plakophilin 2
218219_s_at	0.00581557	9.16e-04	3.9653859	-0.8564	0.25537442	LANCL2	LanC like 2
202183_s_at	0.00582203	9.17e-04	3.9645595	-0.85819	0.32551196	KIF22	kinesin family member 22
205644_s_at	0.00582585	9.19e-04	3.9639379	-0.85954	0.37955843	SNRPG	small nuclear ribonucleoprotein polypeptide G
203011_at	0.00582722	9.19e-04	3.9635053	-0.86048	0.42228014	IMPA1	inositol monophosphatase 1
202692_s_at	0.00584284	9.23e-04	3.9619339	-0.86388	0.27804309	UBTF	upstream binding transcription factor, RNA polymerase I
205771_s_at	0.00584284	9.23e-04	3.9616488	-0.8645	0.23661375	AKAP7	A-kinase anchoring protein 7
220847_x_at	0.0058495	9.25e-04	-3.9608106	-0.86631	-0.1512109	ZNF221	zinc finger protein 221
200095_x_at	0.00585382	9.27e-04	-3.9597928	-0.86852	-0.37256859	RPS10	ribosomal protein S10
203336_s_at	0.00585382	9.28e-04	3.9595228	-0.8691	0.37592057	ITGB1BP1	integrin subunit beta 1 binding protein 1
204459_at	0.00585382	9.28e-04	3.9595033	-0.86915	0.19158635	CSTF2	cleavage stimulation factor subunit 2
209842_at	0.00586865	9.31e-04	-3.9578103	-0.87281	-0.16126911	SOX10	SRY-box 10
203973_s_at	0.00586865	9.31e-04	-3.9577157	-0.87302	-1.02735412	CEBPD	CCAAT/enhancer binding protein delta
209433_s_at	0.00588566	9.35e-04	3.9560894	-0.87654	0.53858302	PPAT	phosphoribosyl pyrophosphate amidotransferase
206801_at	0.00589192	9.36e-04	-3.9552397	-0.87838	-0.14832011	NPPB	natriuretic peptide B
208692_at	0.00589192	9.37e-04	-3.9549629	-0.87898	-0.38295326	RPS3	ribosomal protein S3
213129_s_at	0.00589964	9.41e-04	3.9531895	-0.88282	0.54237117	LOC101060817///GCSH	glycine cleavage system H protein, mitochondrial-like///glycine cleavage system protein H
217738_at	0.00589964	9.41e-04	3.953153	-0.8829	0.29504728	NAMPT	nicotinamide phosphoribosyltransferase
214359_s_at	0.00589964	9.41e-04	3.953127	-0.88296	0.48478098	HSP90AB1	heat shock protein 90 alpha family class B member 1
208066_s_at	0.00589964	9.41e-04	3.9530688	-0.88308	0.40333433	GTF2B	general transcription factor IIB
219911_s_at	0.00589964	9.42e-04	3.9527593	-0.88375	0.30459087	SLCO4A1	solute carrier organic anion transporter family member 4A1
202313_at	0.00591622	9.45e-04	3.9509903	-0.88758	0.25755489	PPP2R2A	protein phosphatase 2 regulatory subunit Balpha
202419_at	0.00591622	9.46e-04	3.9506058	-0.88842	0.27517279	KDSR	3-ketodihydrosphingosine reductase
201037_at	0.00591622	9.46e-04	3.9505299	-0.88858	0.34249814	PFKP	phosphofructokinase, platelet
201415_at	0.00592655	9.49e-04	3.9494239	-0.89098	0.27551493	GSS	glutathione synthetase
204460_s_at	0.00593231	9.50e-04	3.9486654	-0.89262	0.31105358	RAD1	RAD1 checkpoint DNA exonuclease
202633_at	0.0059496	9.54e-04	3.9470343	-0.89615	0.30823934	TOPBP1	topoisomerase (DNA) II binding protein 1
219910_at	0.00595608	9.55e-04	-3.9462239	-0.89791	-0.15303176	FICD	FIC domain containing
208574_at	0.00595791	9.56e-04	-3.9457649	-0.8989	-0.19857343	SOX14	SRY-box 14
217938_s_at	0.0059618	9.58e-04	3.9451506	-0.90023	0.27187665	KCMF1	potassium channel modulatory factor 1
210891_s_at	0.00597591	9.61e-04	3.9437669	-0.90323	0.37696789	GTF2IP4///GTF2IP1///GTF2I	general transcription factor IIi pseudogene 4///general transcription factor IIi pseudogene 1///general transcription factor IIi
206031_s_at	0.00599951	9.65e-04	3.9416734	-0.90776	0.19996018	USP5	ubiquitin specific peptidase 5
213414_s_at	0.00601842	9.69e-04	-3.9399375	-0.91152	-0.31151196	RPS19	ribosomal protein S19
204419_x_at	0.00604272	9.73e-04	3.9378047	-0.91614	1.64483361	HBG2///HBG1	hemoglobin subunit gamma 2///hemoglobin subunit gamma 1
208277_at	0.00606147	9.77e-04	-3.9360913	-0.91985	-0.16022804	PITX3	paired like homeodomain 3
221379_at	0.00606783	9.79e-04	-3.935301	-0.92156	-0.15547921		
202846_s_at	0.00608263	9.82e-04	3.9336808	-0.92507	0.27976109	PIGC	phosphatidylinositol glycan anchor biosynthesis class C
208693_s_at	0.00608263	9.83e-04	3.9335673	-0.92532	0.42529547	GARS	glycyl-tRNA synthetase
213707_s_at	0.00611095	9.88e-04	-3.931054	-0.93076	-0.18869983	DLX5	distal-less homeobox 5
203621_at	0.00611095	9.89e-04	3.9308406	-0.93122	0.31885078	NDUFB5	NADH:ubiquinone oxidoreductase subunit B5
204780_s_at	0.00613108	9.93e-04	3.9290432	-0.93511	0.32274852	FAS	Fas cell surface death receptor
217850_at	0.00613276	9.94e-04	3.928602	-0.93607	0.41695797	SNORD19B///GNL3	small nucleolar RNA, C/D box 19B///G protein nucleolar 3
220065_at	0.00619216	1.00e-03	-3.9239474	-0.94615	-0.19368149	TNMD	tenomodulin
202582_s_at	0.00621951	1.01e-03	3.9216472	-0.95113	0.40320941	RANBP9	RAN binding protein 9
220359_s_at	0.00622093	1.01e-03	-3.9212273	-0.95204	-0.18627548	ARPP21	cAMP regulated phosphoprotein 21
217007_s_at	0.0062373	1.01e-03	3.9197284	-0.95528	0.2483709	ADAM15	ADAM metallopeptidase domain 15
204027_s_at	0.00623763	1.01e-03	3.9193879	-0.95602	0.18851211	METTL1	methyltransferase like 1
218221_at	0.00624738	1.02e-03	3.9183689	-0.95823	0.20717879	ARNT	aryl hydrocarbon receptor nuclear translocator
201135_at	0.00624808	1.02e-03	3.9180028	-0.95902	0.26673553	ECHS1	enoyl-CoA hydratase, short chain 1
202469_s_at	0.00624867	1.02e-03	3.9176439	-0.9598	0.395046	CPSF6	cleavage and polyadenylation specific factor 6
218426_s_at	0.00627002	1.02e-03	3.9155715	-0.96428	0.15506182	RNF216	ring finger protein 216
204668_at	0.00627002	1.02e-03	3.9154783	-0.96448	0.21145052	RNF24	ring finger protein 24
217772_s_at	0.00627083	1.02e-03	3.9151054	-0.96529	0.37366654	MTCH2	mitochondrial carrier 2
205861_at	0.00628503	1.03e-03	-3.9137226	-0.96829	-0.61513465	SPIB	Spi-B transcription factor
208946_s_at	0.00628503	1.03e-03	3.912985	-0.96988	0.2882675	BECN1	beclin 1
211962_s_at	0.00628503	1.03e-03	3.9128906	-0.97009	0.56147512	ZFP36L1	ZFP36 ring finger protein like 1
201094_at	0.00628503	1.03e-03	-3.9128288	-0.97022	-0.30938436	RPS29	ribosomal protein S29
204143_s_at	0.00629008	1.03e-03	3.9121535	-0.97168	0.43805643	ENOSF1	enolase superfamily member 1
201849_at	0.00630502	1.03e-03	3.9107725	-0.97467	0.45365982	BNIP3	BCL2 interacting protein 3
206414_s_at	0.0063275	1.04e-03	3.9088575	-0.97882	0.48333996	ASAP2	ArfGAP with SH3 domain, ankyrin repeat and PH domain 2
208594_x_at	0.00639544	1.05e-03	-3.9036493	-0.99009	-0.27277372	LILRA6	leukocyte immunoglobulin like receptor A6
206559_x_at	0.00639544	1.05e-03	-3.9034256	-0.99058	-0.4163749		
214909_s_at	0.00640647	1.05e-03	-3.9023378	-0.99293	-0.31728464	DDAH2	dimethylarginine dimethylaminohydrolase 2
204542_at	0.00640953	1.05e-03	-3.9018096	-0.99407	-0.18003759	ST6GALNAC2	ST6 N-acetylgalactosaminide alpha-2,6-sialyltransferase 2
205076_s_at	0.00646495	1.06e-03	-3.897624	-1.00313	-0.2870144	MTMR11	myotubularin related protein 11
201694_s_at	0.00646693	1.07e-03	-3.896878	-1.00475	-0.71132349	EGR1	early growth response 1
206760_s_at	0.00646693	1.07e-03	-3.8968621	-1.00478	-0.15275106	FCER2	Fc fragment of IgE receptor II
201376_s_at	0.00647073	1.07e-03	3.8959907	-1.00667	0.37000562	HNRNPF	heterogeneous nuclear ribonucleoprotein F
201285_at	0.00647073	1.07e-03	3.8959741	-1.00671	0.3859812	MKRN1	makorin ring finger protein 1
206285_at	0.00648248	1.07e-03	-3.8948465	-1.00915	-0.1737274	NPHP1	nephrocystin 1
205959_at	0.00648322	1.07e-03	-3.8944837	-1.00993	-0.1867041	MMP13	matrix metallopeptidase 13
202253_s_at	0.00650006	1.08e-03	3.8929085	-1.01334	0.28375387	DNM2	dynamin 2
218064_s_at	0.00650006	1.08e-03	3.8924545	-1.01432	0.29675932	AKAP8L	A-kinase anchoring protein 8 like
219099_at	0.00650006	1.08e-03	-3.8923843	-1.01447	-0.17247828	TIGAR	TP53 induced glycolysis regulatory phosphatase
221349_at	0.00651523	1.08e-03	-3.8910251	-1.01742	-1.80455929	VPREB1	pre-B lymphocyte 1
206429_at	0.00651946	1.08e-03	3.890423	-1.01872	0.34074986	F2RL1	F2R like trypsin receptor 1
216032_s_at	0.00653577	1.09e-03	3.8889888	-1.02182	0.29951952	ERGIC3	ERGIC and golgi 3
204147_s_at	0.00653686	1.09e-03	3.8885531	-1.02277	0.43418804	TFDP1	transcription factor Dp-1
218934_s_at	0.00653686	1.09e-03	-3.8882584	-1.0234	-0.15568477	HSPB7	heat shock protein family B (small) member 7
200037_s_at	0.00653686	1.09e-03	3.8879852	-1.024	0.31474594	CBX3	chromobox 3
201136_at	0.00654196	1.09e-03	3.8870226	-1.02608	0.39306901	PLP2	proteolipid protein 2
221347_at	0.00654196	1.09e-03	-3.8870164	-1.02609	-0.20354239	CHRM5	cholinergic receptor muscarinic 5
201987_at	0.00655088	1.09e-03	3.8860946	-1.02809	0.44022807	MED13	mediator complex subunit 13
209511_at	0.0065689	1.10e-03	3.8845504	-1.03143	0.21429433	POLR2F	RNA polymerase II subunit F
206130_s_at	0.0066095	1.10e-03	-3.8814705	-1.03809	-0.18344624	ASGR2	asialoglycoprotein receptor 2
203528_at	0.00661113	1.10e-03	3.8810517	-1.039	0.28521872	SEMA4D	semaphorin 4D
206999_at	0.00668922	1.12e-03	-3.8754613	-1.0511	-0.45514745	IL12RB2	interleukin 12 receptor subunit beta 2
201277_s_at	0.00670654	1.12e-03	3.8739904	-1.05428	0.46912172	HNRNPAB	heterogeneous nuclear ribonucleoprotein A/B
200060_s_at	0.00674338	1.13e-03	3.8712185	-1.06028	0.24369733	RNPS1	RNA binding protein with serine rich domain 1
221666_s_at	0.00676513	1.13e-03	-3.8694627	-1.06408	-0.38990266	PYCARD	PYD and CARD domain containing
200015_s_at	0.00680357	1.14e-03	3.8663444	-1.07082	0.49502645	SEPT2	septin 2
208369_s_at	0.00680357	1.14e-03	3.8662999	-1.07092	0.33066105	GCDH	glutaryl-CoA dehydrogenase
217740_x_at	0.00683648	1.15e-03	-3.8638223	-1.07628	-0.35419279	SNORD24///SNORD36A///SNORD36B///RPL7A	small nucleolar RNA, C/D box 24///small nucleolar RNA, C/D box 36A///small nucleolar RNA, C/D box 36B///ribosomal protein L7a
214560_at	0.00686478	1.15e-03	-3.8616575	-1.08096	-0.14923974	FPR3	formyl peptide receptor 3
200761_s_at	0.00686591	1.15e-03	3.86099	-1.0824	0.37821085	ARL6IP5	ADP ribosylation factor like GTPase 6 interacting protein 5
218321_x_at	0.00686591	1.15e-03	3.8609717	-1.08244	0.20951361	STYXL1	serine/threonine/tyrosine interacting-like 1
209716_at	0.00686656	1.16e-03	3.8605701	-1.08331	0.46480409	CSF1	colony stimulating factor 1
213263_s_at	0.00686656	1.16e-03	3.8603177	-1.08386	0.25179523	PCBP2	poly(rC) binding protein 2
205180_s_at	0.00687808	1.16e-03	3.8592525	-1.08616	0.29871864	ADAM8	ADAM metallopeptidase domain 8
210943_s_at	0.00687808	1.16e-03	-3.8589536	-1.08681	-0.24338615	LYST	lysosomal trafficking regulator
204961_s_at	0.00689164	1.16e-03	-3.8577624	-1.08939	-0.29172934	NCF1C///NCF1B///NCF1	neutrophil cytosolic factor 1C pseudogene///neutrophil cytosolic factor 1B pseudogene///neutrophil cytosolic factor 1
206538_at	0.00693331	1.17e-03	-3.8544855	-1.09647	-0.1989115	MRAS	muscle RAS oncogene homolog
201267_s_at	0.00693331	1.17e-03	3.8542566	-1.09697	0.39827154	PSMC3	proteasome 26S subunit, ATPase 3
217933_s_at	0.00693331	1.17e-03	3.8541372	-1.09723	0.23963693	LAP3	leucine aminopeptidase 3
220160_s_at	0.006965	1.18e-03	-3.8517819	-1.10232	-0.1704814	KPTN	kaptin, actin binding protein
220766_at	0.00699192	1.18e-03	-3.8497424	-1.10673	-0.16073796	BTG4	BTG anti-proliferation factor 4
201386_s_at	0.00699232	1.18e-03	3.8494133	-1.10744	0.43528492	DHX15	DEAH-box helicase 15
221455_s_at	0.0069994	1.19e-03	-3.8486542	-1.10909	-0.1655296	LOC101929777///WNT3	uncharacterized LOC101929777///Wnt family member 3
210260_s_at	0.00700797	1.19e-03	3.8478006	-1.11093	0.46820777	TNFAIP8	TNF alpha induced protein 8
202799_at	0.00701573	1.19e-03	3.8469996	-1.11266	0.20322869	CLPP	caseinolytic mitochondrial matrix peptidase proteolytic subunit
217995_at	0.00703184	1.19e-03	-3.8456652	-1.11555	-0.42054081	SQRDL	sulfide quinone reductase-like (yeast)
213225_at	0.0070367	1.20e-03	3.8450521	-1.11688	0.31206353	PPM1B	protein phosphatase, Mg2+/Mn2+ dependent 1B
212724_at	0.00706228	1.20e-03	-3.842766	-1.12182	-0.14051218	RND3	Rho family GTPase 3
204848_x_at	0.00706228	1.20e-03	3.8426335	-1.12211	1.53645674	HBG2///HBG1	hemoglobin subunit gamma 2///hemoglobin subunit gamma 1
206743_s_at	0.00706228	1.20e-03	-3.8425128	-1.12237	-0.21117015	ASGR1	asialoglycoprotein receptor 1
201388_at	0.00710263	1.21e-03	3.8396481	-1.12856	0.32682037	PSMD3	proteasome 26S subunit, non-ATPase 3
218078_s_at	0.00712887	1.22e-03	3.8376556	-1.13287	0.23054224	ZDHHC3	zinc finger DHHC-type containing 3
201655_s_at	0.00712887	1.22e-03	3.8373864	-1.13345	0.46726971	HSPG2	heparan sulfate proteoglycan 2
205840_x_at	0.00713736	1.22e-03	-3.8365498	-1.13526	-0.15704862	GH1	growth hormone 1
206849_at	0.00714898	1.22e-03	-3.8355166	-1.1375	-0.19035886	GABRG2	gamma-aminobutyric acid type A receptor gamma2 subunit
200026_at	0.00716466	1.23e-03	-3.8342306	-1.14028	-0.35585188	RPL34	ribosomal protein L34
220200_s_at	0.00718688	1.23e-03	3.832537	-1.14394	0.29545335	KMT5A	lysine methyltransferase 5A
201916_s_at	0.00723214	1.24e-03	3.8294125	-1.15069	0.29176448	SEC63	SEC63 homolog, protein translocation regulator
205227_at	0.00729032	1.25e-03	3.8255076	-1.15914	0.29206796	IL1RAP	interleukin 1 receptor accessory protein
207857_at	0.0073175	1.26e-03	-3.8233516	-1.1638	-0.43355002	LILRA2	leukocyte immunoglobulin like receptor A2
204254_s_at	0.0073175	1.26e-03	-3.8230802	-1.16438	-0.19759699	VDR	vitamin D (1,25- dihydroxyvitamin D3) receptor
201394_s_at	0.0073175	1.26e-03	3.8229345	-1.1647	0.37742635	RBM5	RNA binding motif protein 5
203277_at	0.00732079	1.26e-03	3.8224329	-1.16578	0.21793345	DFFA	DNA fragmentation factor subunit alpha
204369_at	0.00733338	1.26e-03	3.8213608	-1.1681	0.2371062	PIK3CA	phosphatidylinositol-4,5-bisphosphate 3-kinase catalytic subunit alpha
201427_s_at	0.00736899	1.27e-03	-3.8188822	-1.17346	-1.2406609	SEPP1	selenoprotein P, plasma, 1
201895_at	0.00736966	1.27e-03	3.818403	-1.17449	0.26898087	ARAF	A-Raf proto-oncogene, serine/threonine kinase
202995_s_at	0.00736966	1.27e-03	-3.8182441	-1.17484	-0.18939633	FBLN1	fibulin 1
208346_at	0.00739193	1.27e-03	-3.8165882	-1.17842	-0.14569718	PPBPP2	pro-platelet basic protein pseudogene 2
202227_s_at	0.00739262	1.28e-03	3.8162479	-1.17915	0.35404012	BRD8	bromodomain containing 8
206861_s_at	0.0073975	1.28e-03	3.8156532	-1.18044	0.38040098	CGGBP1	CGG triplet repeat binding protein 1
204708_at	0.00739801	1.28e-03	-3.8152414	-1.18133	-0.14682092	MAPK4	mitogen-activated protein kinase 4
218689_at	0.00739801	1.28e-03	3.8147725	-1.18234	0.42555302	FANCF	Fanconi anemia complementation group F
202824_s_at	0.00739801	1.28e-03	3.8143122	-1.18333	0.34478014	TCEB1	transcription elongation factor B subunit 1
203942_s_at	0.00739801	1.28e-03	3.8142856	-1.18339	0.23844287	MARK2	microtubule affinity regulating kinase 2
215075_s_at	0.00739801	1.28e-03	3.8141352	-1.18372	0.23303302	GRB2	growth factor receptor bound protein 2
204773_at	0.00740496	1.28e-03	-3.8133788	-1.18535	-0.23005645	IL11RA	interleukin 11 receptor subunit alpha
218718_at	0.00740496	1.28e-03	3.813119	-1.18591	0.36870685	PDGFC	platelet derived growth factor C
201257_x_at	0.00742013	1.29e-03	-3.8119021	-1.18854	-0.41934445	SNORD73A///RPS3A	small nucleolar RNA, C/D box 73A///ribosomal protein S3A
201743_at	0.00742086	1.29e-03	-3.8115618	-1.18928	-0.74817612	CD14	CD14 molecule
202855_s_at	0.00742488	1.29e-03	3.8110221	-1.19045	0.25357999	MIR6787///SLC16A3	microRNA 6787///solute carrier family 16 member 3
210288_at	0.00744717	1.30e-03	3.8092999	-1.19417	0.32808635	KLRG1	killer cell lectin like receptor G1
203734_at	0.00744717	1.30e-03	3.8090821	-1.19464	0.19930611	FOXJ2	forkhead box J2
207992_s_at	0.0074497	1.30e-03	3.8086336	-1.19561	0.31659347	AMPD3	adenosine monophosphate deaminase 3
215313_x_at	0.00746348	1.30e-03	-3.8075069	-1.19804	-0.50811755	HLA-A	major histocompatibility complex, class I, A
218318_s_at	0.00746901	1.30e-03	3.8068786	-1.1994	0.43812348	NLK	nemo like kinase
205005_s_at	0.00747441	1.30e-03	3.8062586	-1.20074	0.35265223	NMT2	N-myristoyltransferase 2
200044_at	0.00751522	1.31e-03	3.8035144	-1.20667	0.29648522	GATC///SRSF9	glutamyl-tRNA amidotransferase subunit C///serine and arginine rich splicing factor 9
208498_s_at	0.00751884	1.31e-03	-3.8030036	-1.20777	-0.23907581	ACTG1P4///AMY2B///AMY2A///AMY1C///AMY1B///AMY1A	actin gamma 1 pseudogene 4///amylase, alpha 2B (pancreatic)///amylase, alpha 2A (pancreatic)///amylase, alpha 1C (salivary)///amylase, alpha 1B (salivary)///amylase, alpha 1A (salivary)
203475_at	0.00752256	1.32e-03	-3.8024865	-1.20889	-0.21258907	CYP19A1	cytochrome P450 family 19 subfamily A member 1
219991_at	0.0075357	1.32e-03	-3.8014073	-1.21122	-0.18820174	SLC2A9	solute carrier family 2 member 9
208090_s_at	0.00754305	1.32e-03	-3.8006748	-1.2128	-0.14166427	AIRE	autoimmune regulator
213609_s_at	0.0075432	1.32e-03	-3.800372	-1.21346	-0.15673489	SEZ6L	seizure related 6 homolog like
218294_s_at	0.00755209	1.32e-03	3.7995487	-1.21524	0.41056793	NUP50	nucleoporin 50
218766_s_at	0.00755928	1.33e-03	3.798827	-1.2168	0.18754045	WARS2	tryptophanyl tRNA synthetase 2, mitochondrial
222033_s_at	0.00758472	1.33e-03	-3.7970228	-1.2207	-0.14692459	FLT1	fms related tyrosine kinase 1
206869_at	0.00760538	1.34e-03	-3.7955057	-1.22397	-0.1322427	CHAD	chondroadherin
206029_at	0.0076091	1.34e-03	-3.7949929	-1.22508	-0.16417015	ANKRD1	ankyrin repeat domain 1
202934_at	0.00762048	1.34e-03	3.7939235	-1.22739	0.29849239	HK2	hexokinase 2
202733_at	0.00762048	1.34e-03	-3.7932054	-1.22894	-0.30480555	LOC101927705///P4HA2	uncharacterized LOC101927705///prolyl 4-hydroxylase subunit alpha 2
201761_at	0.00762048	1.34e-03	3.7931796	-1.229	0.48736636	MTHFD2	methylenetetrahydrofolate dehydrogenase (NADP+ dependent) 2, methenyltetrahydrofolate cyclohydrolase
207249_s_at	0.00762048	1.34e-03	-3.7931514	-1.22906	-0.17508166	SLC28A2	solute carrier family 28 member 2
200627_at	0.00763391	1.35e-03	3.7920677	-1.2314	0.3001069	PTGES3	prostaglandin E synthase 3
203879_at	0.0076385	1.35e-03	-3.7915054	-1.23261	-0.51541696	PIK3CD	phosphatidylinositol-4,5-bisphosphate 3-kinase catalytic subunit delta
218458_at	0.00764252	1.35e-03	3.7909775	-1.23376	0.46315507	GMCL1	germ cell-less, spermatogenesis associated 1
212321_at	0.00765031	1.35e-03	-3.7902276	-1.23538	-0.19162159	SGPL1	sphingosine-1-phosphate lyase 1
207753_at	0.00769017	1.36e-03	3.7875987	-1.24105	0.24689343	ZNF304	zinc finger protein 304
205437_at	0.00769271	1.36e-03	3.7871593	-1.242	0.16776084	ZNF211	zinc finger protein 211
201860_s_at	0.00769295	1.36e-03	-3.7868543	-1.24266	-0.14890912	PLAT	plasminogen activator, tissue type
212318_at	0.0076988	1.36e-03	3.7861384	-1.24421	0.31347589	TNPO3	transportin 3
203021_at	0.0076988	1.36e-03	-3.7859314	-1.24466	-0.13135004	SLPI	secretory leukocyte peptidase inhibitor
218461_at	0.00773198	1.37e-03	3.783707	-1.24946	0.24845347	GPN3	GPN-loop GTPase 3
208002_s_at	0.00776087	1.38e-03	3.7817391	-1.25371	0.36675997	ACOT7	acyl-CoA thioesterase 7
200011_s_at	0.00776724	1.38e-03	3.7810568	-1.25518	0.3642871	ARF3	ADP ribosylation factor 3
205831_at	0.00776724	1.38e-03	-3.7807903	-1.25576	-0.23190086	CD2	CD2 molecule
208304_at	0.00777519	1.38e-03	-3.7800411	-1.25738	-0.15314238	CCR3	C-C motif chemokine receptor 3
203232_s_at	0.00778286	1.38e-03	3.7793083	-1.25896	0.27303345	ATXN1	ataxin 1
200728_at	0.00779235	1.39e-03	3.7784706	-1.26077	0.29611101	ACTR2	ARP2 actin related protein 2 homolog
207356_at	0.00782523	1.39e-03	-3.7762878	-1.26548	-0.16328014	DEFB4B///DEFB4A	defensin beta 4B///defensin beta 4A
202683_s_at	0.00782985	1.40e-03	3.7757334	-1.26668	0.24517006	RNMT	RNA guanine-7 methyltransferase
205868_s_at	0.00786698	1.40e-03	3.7732941	-1.27195	0.24966382	PTPN11	protein tyrosine phosphatase, non-receptor type 11
207070_at	0.00786698	1.40e-03	-3.7729306	-1.27273	-0.14458967	RGR	retinal G protein coupled receptor
205155_s_at	0.00786698	1.41e-03	3.7724599	-1.27375	0.32690963	SPTBN2	spectrin beta, non-erythrocytic 2
204207_s_at	0.00786698	1.41e-03	3.7724519	-1.27377	0.25465646	RNGTT	RNA guanylyltransferase and 5'-phosphatase
210397_at	0.00787524	1.41e-03	-3.7716924	-1.27541	-0.16798175	DEFB1	defensin beta 1
221463_at	0.00787859	1.41e-03	-3.7712135	-1.27644	-0.15121105	CCL24	C-C motif chemokine ligand 24
207172_s_at	0.00788148	1.41e-03	-3.770761	-1.27742	-0.16292724	CDH11	cadherin 11
219528_s_at	0.00788154	1.41e-03	-3.7704704	-1.27804	-0.15990867	BCL11B	B-cell CLL/lymphoma 11B
208720_s_at	0.00789331	1.42e-03	3.7694094	-1.28034	0.35138889	RBM39	RNA binding motif protein 39
214551_s_at	0.00789331	1.42e-03	3.7690301	-1.28115	0.28701396	CD7	CD7 molecule
204891_s_at	0.00789331	1.42e-03	-3.7689386	-1.28135	-0.19385182	LCK	LCK proto-oncogene, Src family tyrosine kinase
205613_at	0.00791705	1.42e-03	-3.7673009	-1.28489	-0.11001752	SYT17	synaptotagmin 17
204858_s_at	0.00791995	1.42e-03	-3.7668499	-1.28586	-0.19566597	TYMP	thymidine phosphorylase
220776_at	0.00794411	1.43e-03	-3.7651931	-1.28944	-0.12778038	KCNJ14	potassium voltage-gated channel subfamily J member 14
218356_at	0.00794454	1.43e-03	3.7646476	-1.29062	0.33593175	MRM2	mitochondrial rRNA methyltransferase 2
221319_at	0.00794454	1.43e-03	-3.764597	-1.29073	-0.11078485	PCDHB8	protocadherin beta 8
218638_s_at	0.00799416	1.44e-03	-3.7615101	-1.29739	-0.22225039	LOC100130872///SPON2	uncharacterized LOC100130872///spondin 2
212455_at	0.00800725	1.44e-03	3.7604888	-1.29959	0.29022025	YTHDC1	YTH domain containing 1
211138_s_at	0.00803151	1.45e-03	-3.7588422	-1.30315	-0.21690763	KMO	kynurenine 3-monooxygenase (kynurenine 3-hydroxylase)
219540_at	0.0080363	1.45e-03	3.7582892	-1.30434	0.37354457	ZNF267	zinc finger protein 267
202959_at	0.00803688	1.45e-03	3.7578842	-1.30522	0.26990053	MUT	methylmalonyl-CoA mutase
201682_at	0.00803688	1.45e-03	3.7576874	-1.30564	0.28217476	PMPCB	peptidase, mitochondrial processing beta subunit
202245_at	0.00806968	1.46e-03	3.7555699	-1.31021	0.27523015	LSS	lanosterol synthase (2,3-oxidosqualene-lanosterol cyclase)
206535_at	0.00808035	1.46e-03	-3.754506	-1.31251	-0.17189695	SLC2A2	solute carrier family 2 member 2
215088_s_at	0.00808035	1.46e-03	3.7544072	-1.31272	0.25400315	SDHC	succinate dehydrogenase complex subunit C
78330_at	0.008089	1.47e-03	-3.7536419	-1.31437	-0.14346049	ZNF335	zinc finger protein 335
201132_at	0.0081091	1.47e-03	3.7522412	-1.3174	0.47111524	RPL36A-HNRNPH2///HNRNPH2	RPL36A-HNRNPH2 readthrough///heterogeneous nuclear ribonucleoprotein H2 (H')
210356_x_at	0.00812013	1.47e-03	-3.7512088	-1.31962	-0.41624224	MS4A1	membrane spanning 4-domains A1
205004_at	0.00812013	1.47e-03	3.7510628	-1.31994	0.2549589	NKRF	NFKB repressing factor
209544_at	0.00816293	1.48e-03	3.748414	-1.32565	0.20994222	RIPK2	receptor interacting serine/threonine kinase 2
222082_at	0.00816794	1.48e-03	-3.7478552	-1.32686	-0.13137671	ZBTB7A	zinc finger and BTB domain containing 7A
217782_s_at	0.00817444	1.49e-03	3.7472144	-1.32824	0.2466038	GPS1	G protein pathway suppressor 1
205418_at	0.00817996	1.49e-03	3.7464152	-1.32997	0.24844018	FES	FES proto-oncogene, tyrosine kinase
204531_s_at	0.00817996	1.49e-03	3.7463452	-1.33012	0.27054073	BRCA1	BRCA1, DNA repair associated
57163_at	0.00820062	1.49e-03	3.7448234	-1.3334	0.23363428	MIR6734///ELOVL1	microRNA 6734///ELOVL fatty acid elongase 1
209275_s_at	0.00820062	1.50e-03	3.7446455	-1.33379	0.16730076	CLN3	CLN3, battenin
214321_at	0.00826291	1.51e-03	-3.7409589	-1.34174	-0.23376638	NOV	nephroblastoma overexpressed
218257_s_at	0.00827005	1.51e-03	3.740288	-1.34319	0.27405803	UGGT1	UDP-glucose glycoprotein glucosyltransferase 1
217902_s_at	0.008281	1.51e-03	3.73937	-1.34517	0.24800566	HERC2	HECT and RLD domain containing E3 ubiquitin protein ligase 2
206065_s_at	0.008281	1.51e-03	-3.7389886	-1.34599	-0.17689842	DPYS	dihydropyrimidinase
201023_at	0.008281	1.51e-03	3.7388484	-1.34629	0.36925725	TAF7	TATA-box binding protein associated factor 7
209003_at	0.00829665	1.52e-03	3.7377178	-1.34873	0.2772823	SLC25A11	solute carrier family 25 member 11
209186_at	0.0083297	1.53e-03	3.735631	-1.35324	0.46800597	ATP2A2	ATPase sarcoplasmic/endoplasmic reticulum Ca2+ transporting 2
209380_s_at	0.0083297	1.53e-03	3.7353671	-1.35381	0.20982144	ABCC5	ATP binding cassette subfamily C member 5
202322_s_at	0.00833805	1.53e-03	3.7346354	-1.35538	0.26498473	GGPS1	geranylgeranyl diphosphate synthase 1
204228_at	0.00835921	1.53e-03	3.7332144	-1.35845	0.37184268	PPIH	peptidylprolyl isomerase H
32088_at	0.00836473	1.54e-03	3.7324404	-1.36012	0.23380982	BLZF1	basic leucine zipper nuclear factor 1
214451_at	0.00836473	1.54e-03	-3.7323569	-1.3603	-0.16506375	TFAP2B	transcription factor AP-2 beta
204232_at	0.00836519	1.54e-03	-3.7320522	-1.36096	-0.53974498	FCER1G	Fc fragment of IgE receptor Ig
218557_at	0.00840713	1.55e-03	3.729522	-1.36641	0.29106765	NIT2	nitrilase family member 2
205904_at	0.00845123	1.56e-03	3.7268882	-1.37209	0.17322684	MICA	MHC class I polypeptide-related sequence A
202529_at	0.00846119	1.56e-03	3.7260246	-1.37396	0.20164257	PRPSAP1	phosphoribosyl pyrophosphate synthetase associated protein 1
218269_at	0.00846119	1.56e-03	3.7257995	-1.37444	0.21909206	DROSHA	drosha ribonuclease III
221405_at	0.00847222	1.56e-03	-3.724934	-1.37631	-0.18212488		
201234_at	0.00848158	1.57e-03	3.7241581	-1.37798	0.30978931	ILK	integrin linked kinase
210644_s_at	0.00849751	1.57e-03	-3.7230198	-1.38044	-0.68404903	LAIR1	leukocyte associated immunoglobulin like receptor 1
209384_at	0.00849751	1.57e-03	3.7227568	-1.381	0.25801248	PROSC	proline synthetase cotranscribed homolog (bacterial)
217915_s_at	0.00850277	1.57e-03	3.7221342	-1.38235	0.35876686	RSL24D1	ribosomal L24 domain containing 1
205060_at	0.00850277	1.57e-03	3.7218691	-1.38292	0.18563819	PARG	poly(ADP-ribose) glycohydrolase
207218_at	0.00850277	1.57e-03	-3.7216436	-1.3834	-0.15492504	F9	coagulation factor IX
201458_s_at	0.00852056	1.58e-03	3.720425	-1.38603	0.353009	BUB3	BUB3, mitotic checkpoint protein
210243_s_at	0.00852943	1.58e-03	3.7196788	-1.38764	0.19838338	B4GALT3	beta-1,4-galactosyltransferase 3
220001_at	0.00856776	1.59e-03	-3.7173835	-1.39259	-0.20084012	PADI4	peptidyl arginine deiminase 4
221251_x_at	0.00857556	1.59e-03	3.7166968	-1.39407	0.18756346	INO80B-WBP1///INO80B	INO80B-WBP1 readthrough (NMD candidate)///INO80 complex subunit B
209351_at	0.00857674	1.59e-03	-3.7163576	-1.3948	-0.17162816	KRT14	keratin 14
214594_x_at	0.00858931	1.60e-03	-3.7154217	-1.39682	-0.30467716	ATP8B1	ATPase phospholipid transporting 8B1
221664_s_at	0.00859961	1.60e-03	3.7146053	-1.39858	0.45765775	F11R	F11 receptor
200752_s_at	0.00860165	1.60e-03	3.7142217	-1.39941	0.2663402	CAPN1	calpain 1
208216_at	0.008625	1.61e-03	-3.7127251	-1.40263	-0.13617216	DLX4	distal-less homeobox 4
219521_at	0.00864655	1.61e-03	-3.7113261	-1.40565	-0.15046619	B3GAT1	beta-1,3-glucuronyltransferase 1
204341_at	0.00867862	1.62e-03	3.7093837	-1.40984	0.30486095	TRIM16	tripartite motif containing 16
218567_x_at	0.00873306	1.63e-03	3.7062378	-1.41662	0.25851686	DPP3	dipeptidyl peptidase 3
211349_at	0.00873306	1.63e-03	-3.7060172	-1.41709	-0.13943322	SLC15A1	solute carrier family 15 member 1
217990_at	0.00873601	1.63e-03	3.7055895	-1.41802	0.35403977	GMPR2	guanosine monophosphate reductase 2
41660_at	0.00875229	1.64e-03	-3.7044762	-1.42042	-0.14378111	CELSR1	cadherin EGF LAG seven-pass G-type receptor 1
200884_at	0.00876252	1.64e-03	3.7036751	-1.42214	0.36596107	CKB	creatine kinase B
217794_at	0.00877005	1.64e-03	3.7030133	-1.42357	0.27425709	PRR13	proline rich 13
201911_s_at	0.0087828	1.64e-03	-3.7020844	-1.42557	-0.16542755	FARP1	FERM, ARH/RhoGEF and pleckstrin domain protein 1
213164_at	0.00879142	1.65e-03	3.7013676	-1.42712	0.36804546	SLC5A3	solute carrier family 5 member 3
205348_s_at	0.00880239	1.65e-03	-3.7005318	-1.42892	-0.17226009	DYNC1I1	dynein cytoplasmic 1 intermediate chain 1
202690_s_at	0.00880668	1.65e-03	3.7000382	-1.42998	0.40415271	SNRPD1	small nuclear ribonucleoprotein D1 polypeptide
206206_at	0.008831	1.66e-03	-3.6983966	-1.43352	-0.29774127	CD180	CD180 molecule
201565_s_at	0.008831	1.66e-03	-3.6981639	-1.43402	-0.76056379	ID2	inhibitor of DNA binding 2, HLH protein
202026_at	0.008831	1.66e-03	3.6979744	-1.43443	0.3133989	SDHD	succinate dehydrogenase complex subunit D
202148_s_at	0.00884515	1.66e-03	3.6969796	-1.43657	0.21046903	PYCR1	pyrroline-5-carboxylate reductase 1
203871_at	0.00884761	1.67e-03	3.6963279	-1.43798	0.23510284	SENP3	SUMO1/sentrin/SMT3 specific peptidase 3
207429_at	0.00884761	1.67e-03	-3.6963072	-1.43802	-0.15225768	SLC22A2	solute carrier family 22 member 2
207343_at	0.00886311	1.67e-03	-3.6952459	-1.44031	-0.12534311	LYZL6	lysozyme like 6
200024_at	0.00890962	1.68e-03	-3.6922155	-1.44684	-0.26932801	RPS5	ribosomal protein S5
208845_at	0.00890962	1.68e-03	3.6921942	-1.44688	0.28247801	VDAC3	voltage dependent anion channel 3
206488_s_at	0.00890962	1.68e-03	3.6920709	-1.44715	0.98156662	CD36	CD36 molecule
220559_at	0.00891144	1.68e-03	-3.6917066	-1.44793	-0.14426971	EN1	engrailed homeobox 1
217792_at	0.00891719	1.69e-03	3.6908231	-1.44984	0.58389922	SNX5	sorting nexin 5
200757_s_at	0.00891719	1.69e-03	3.6905846	-1.45035	0.27304329	CALU	calumenin
207377_at	0.00891719	1.69e-03	-3.6905731	-1.45038	-0.13132316	PPP1R2P9	protein phosphatase 1 regulatory inhibitor subunit 2 pseudogene 9
202762_at	0.00891719	1.69e-03	3.690327	-1.45091	0.22983725	ROCK2	Rho associated coiled-coil containing protein kinase 2
209157_at	0.00893405	1.69e-03	3.6892048	-1.45332	0.29379441	DNAJA2	DnaJ heat shock protein family (Hsp40) member A2
200809_x_at	0.0089502	1.70e-03	-3.6881198	-1.45566	-0.26765062	RPL12	ribosomal protein L12
202296_s_at	0.00897947	1.70e-03	3.6863634	-1.45944	0.39863368	RER1	retention in endoplasmic reticulum sorting receptor 1
204279_at	0.00897947	1.70e-03	-3.6858484	-1.46055	-0.61130692	PSMB9	proteasome subunit beta 9
208925_at	0.00897947	1.71e-03	3.6855946	-1.4611	0.36768326	CLDND1	claudin domain containing 1
208285_at	0.00897947	1.71e-03	-3.6855648	-1.46116	-0.14493337	OR7A5	olfactory receptor family 7 subfamily A member 5
201630_s_at	0.00904328	1.72e-03	3.6821066	-1.46861	0.30174745	ACP1	acid phosphatase 1, soluble
200005_at	0.00904918	1.72e-03	3.6812763	-1.4704	0.19840522	EIF3D	eukaryotic translation initiation factor 3 subunit D
201012_at	0.00904918	1.72e-03	3.6812713	-1.47041	0.770294	ANXA1	annexin A1
201484_at	0.00907663	1.73e-03	3.6796377	-1.47393	0.21027429	SUPT4H1	SPT4 homolog, DSIF elongation factor subunit
200088_x_at	0.00911719	1.74e-03	-3.6773599	-1.47884	-0.24355599	NBEAL1///RPL12	neurobeachin like 1///ribosomal protein L12
207819_s_at	0.00912641	1.74e-03	-3.6766349	-1.4804	-0.16730945	ABCB4	ATP binding cassette subfamily B member 4
208242_at	0.00916472	1.75e-03	-3.674479	-1.48504	-0.21521537	RAX	retina and anterior neural fold homeobox
204068_at	0.0091716	1.75e-03	3.6738713	-1.48635	0.22039016	STK3	serine/threonine kinase 3
214651_s_at	0.00921578	1.76e-03	3.6712228	-1.49205	0.56950778	HOXA10-HOXA9///MIR196B///HOXA9	HOXA10-HOXA9 readthrough///microRNA 196b///homeobox A9
219366_at	0.00921578	1.76e-03	3.6711689	-1.49217	0.24591092	AVEN	apoptosis and caspase activation inhibitor
200042_at	0.00921744	1.76e-03	3.6708184	-1.49292	0.29820028	RTCB	RNA 2',3'-cyclic phosphate and 5'-OH ligase
204401_at	0.00925271	1.77e-03	3.6688296	-1.49721	0.30915111	KCNN4	potassium calcium-activated channel subfamily N member 4
217762_s_at	0.00925506	1.77e-03	3.6684466	-1.49803	0.52318133	RAB31	RAB31, member RAS oncogene family
214410_at	0.00926126	1.77e-03	-3.6678759	-1.49926	-0.10866388	TRPM1	transient receptor potential cation channel subfamily M member 1
220392_at	0.00926207	1.77e-03	-3.6675679	-1.49992	-0.19064171	EBF2	early B-cell factor 2
201194_at	0.00934045	1.79e-03	3.6635052	-1.50867	0.27253091	SEPW1	selenoprotein W, 1
205420_at	0.00934283	1.79e-03	3.663122	-1.50949	0.18672486	PEX7	peroxisomal biogenesis factor 7
220088_at	0.00935774	1.80e-03	-3.662105	-1.51168	-0.30124337	C5AR1	complement component 5a receptor 1
205891_at	0.00935774	1.80e-03	3.6618677	-1.51219	0.29747915	ADORA2B	adenosine A2b receptor
206947_at	0.00936211	1.80e-03	-3.6612243	-1.51358	-0.15549108	B3GALT5	beta-1,3-galactosyltransferase 5
201716_at	0.00936211	1.80e-03	3.6611217	-1.5138	0.3436312	SNX1	sorting nexin 1
203909_at	0.00938129	1.81e-03	3.659933	-1.51636	0.29932377	SLC9A6	solute carrier family 9 member A6
210574_s_at	0.00938969	1.81e-03	3.6592623	-1.5178	0.28713733	NUDC	nuclear distribution C, dynein complex regulator
211470_s_at	0.00944703	1.82e-03	-3.6562537	-1.52428	-0.15115174	SULT1C2	sulfotransferase family 1C member 2
209171_at	0.00947228	1.83e-03	3.6547849	-1.52744	0.27479016	ITPA	inosine triphosphatase
212604_at	0.00948026	1.83e-03	3.6541384	-1.52883	0.32828309	MRPS31	mitochondrial ribosomal protein S31
201908_at	0.00949913	1.83e-03	3.6529762	-1.53133	0.23113217	DVL3	dishevelled segment polarity protein 3
205716_at	0.00952159	1.84e-03	3.6516452	-1.53419	0.22920844	SLC25A40	solute carrier family 25 member 40
220722_s_at	0.00952159	1.84e-03	-3.6512212	-1.5351	-0.17965766	SLC5A7	solute carrier family 5 member 7
202396_at	0.00952159	1.84e-03	3.6511131	-1.53534	0.36531538	TCERG1	transcription elongation regulator 1
201153_s_at	0.00955103	1.85e-03	3.6494571	-1.5389	0.26910585	MBNL1	muscleblind like splicing regulator 1
203766_s_at	0.00955274	1.85e-03	-3.6491103	-1.53965	-0.1669155	LMOD1	leiomodin 1
204344_s_at	0.00956394	1.85e-03	3.6483168	-1.54135	0.16291503	SEC23A	Sec23 homolog A, coat complex II component
208645_s_at	0.00957765	1.86e-03	-3.6472832	-1.54358	-0.3550072	RPS14	ribosomal protein S14
201555_at	0.00957765	1.86e-03	3.6471401	-1.54389	0.4672024	MCM3	minichromosome maintenance complex component 3
39402_at	0.00958481	1.86e-03	3.6465384	-1.54518	0.67243438	IL1B	interleukin 1 beta
202108_at	0.00959063	1.86e-03	3.6459995	-1.54634	0.23184823	PEPD	peptidase D
204131_s_at	0.00961091	1.87e-03	3.6447832	-1.54896	0.34638758	FOXO3	forkhead box O3
201611_s_at	0.00962273	1.87e-03	3.6439056	-1.55084	0.33985085	ICMT	isoprenylcysteine carboxyl methyltransferase
204638_at	0.00962273	1.87e-03	-3.6436998	-1.55129	-0.23445279	ACP5	acid phosphatase 5, tartrate resistant
203646_at	0.0096337	1.87e-03	3.642922	-1.55296	0.23763718	FDX1	ferredoxin 1
202483_s_at	0.00965543	1.88e-03	3.6415479	-1.55592	0.44697876	RANBP1	RAN binding protein 1
201419_at	0.00965543	1.88e-03	3.6413787	-1.55628	0.24803215	BAP1	BRCA1 associated protein 1
206163_at	0.00966711	1.88e-03	-3.6405698	-1.55802	-0.21320274	MIR548F5///MAB21L1	microRNA 548f-5///mab-21 like 1
208370_s_at	0.00974404	1.90e-03	-3.636736	-1.56627	-0.29421569	RCAN1	regulator of calcineurin 1
202325_s_at	0.00976818	1.91e-03	3.6353577	-1.56923	0.31705698	ATP5J	ATP synthase, H+ transporting, mitochondrial Fo complex subunit F6
202961_s_at	0.00977909	1.91e-03	3.634591	-1.57088	0.26800505	ARMC2-AS1///ATP5J2	ARMC2 antisense RNA 1///ATP synthase, H+ transporting, mitochondrial Fo complex subunit F2
200054_at	0.00978882	1.91e-03	3.6338794	-1.57241	0.3348827	ZPR1	ZPR1 zinc finger
207438_s_at	0.00982145	1.92e-03	3.6321175	-1.5762	0.18993583	SNUPN	snurportin 1
200004_at	0.00982273	1.92e-03	3.6317953	-1.57689	0.34693681	EIF4G2	eukaryotic translation initiation factor 4 gamma 2
206322_at	0.00983147	1.92e-03	-3.6311317	-1.57832	-0.15904532	SYN3	synapsin III
211119_at	0.00984507	1.93e-03	-3.6302459	-1.58022	-0.16329584	ESR2	estrogen receptor 2
203660_s_at	0.00985366	1.93e-03	3.6294129	-1.58201	0.19132291	PCNT	pericentrin
203629_s_at	0.00985366	1.93e-03	3.6293273	-1.5822	0.247303	COG5	component of oligomeric golgi complex 5
210335_at	0.009872	1.94e-03	-3.6282271	-1.58456	-0.12963884	RASSF9	Ras association domain family member 9
206077_at	0.00995468	1.95e-03	3.6242083	-1.5932	0.33366856	KEL	Kell blood group, metallo-endopeptidase
220984_s_at	0.00996615	1.96e-03	-3.6234273	-1.59488	-0.16381649	SLCO5A1	solute carrier organic anion transporter family member 5A1
203560_at	0.009975	1.96e-03	3.6225145	-1.59684	0.47692736	GGH	gamma-glutamyl hydrolase
207933_at	0.009975	1.96e-03	-3.6225031	-1.59687	-0.14213607	ZP2	zona pellucida glycoprotein 2
217822_at	0.00998861	1.97e-03	3.6216274	-1.59875	0.32409113	WBP11	WW domain binding protein 11
202664_at	0.01001022	1.97e-03	3.620392	-1.60141	0.27669957	WIPF1	WAS/WASL interacting protein family member 1
200066_at	0.0100294	1.98e-03	3.6192682	-1.60382	0.20708037	IK	IK cytokine, down-regulator of HLA II
205628_at	0.01004361	1.98e-03	3.6183691	-1.60575	0.20354027	PRIM2	primase (DNA) subunit 2
209165_at	0.01004938	1.98e-03	3.6178492	-1.60687	0.18465861	AATF	apoptosis antagonizing transcription factor
205981_s_at	0.01005181	1.98e-03	3.6174793	-1.60767	0.34931867	ING2	inhibitor of growth family member 2
202783_at	0.01006564	1.99e-03	3.6165988	-1.60956	0.31739067	NNT	nicotinamide nucleotide transhydrogenase
214339_s_at	0.01008161	1.99e-03	-3.6156239	-1.61165	-0.16364903	MAP4K1	mitogen-activated protein kinase kinase kinase kinase 1
203406_at	0.01008348	1.99e-03	3.6152795	-1.61239	0.29162106	MFAP1	microfibrillar associated protein 1
205667_at	0.01009859	2.00e-03	3.6143447	-1.6144	0.27618684	WRN	Werner syndrome RecQ like helicase
204868_at	0.01011728	2.00e-03	3.6132511	-1.61675	0.3093145	MRPL58	mitochondrial ribosomal protein L58
211975_at	0.01014187	2.01e-03	3.6118973	-1.61966	0.28519094	ARFGAP2	ADP ribosylation factor GTPase activating protein 2
212920_at	0.01015913	2.01e-03	3.6107721	-1.62208	0.2747048	REST	RE1 silencing transcription factor
205988_at	0.01015913	2.01e-03	3.610508	-1.62265	0.35442695	CD84	CD84 molecule
204400_at	0.01015913	2.02e-03	-3.6103517	-1.62298	-0.15391363	EFS	embryonal Fyn-associated substrate
208121_s_at	0.01016629	2.02e-03	-3.6097747	-1.62422	-0.1382243	PTPRO	protein tyrosine phosphatase, receptor type O
207360_s_at	0.01017403	2.02e-03	-3.6091723	-1.62552	-0.13479223	NTSR1	neurotensin receptor 1 (high affinity)
207635_s_at	0.01026928	2.04e-03	-3.6047143	-1.63509	-0.15268541	KCNH1	potassium voltage-gated channel subfamily H member 1
202678_at	0.01030844	2.05e-03	3.6027402	-1.63933	0.36430512	GTF2A2	general transcription factor IIA subunit 2
206591_at	0.01033311	2.06e-03	-3.6014042	-1.6422	-0.59515748	RAG1	recombination activating gene 1
209781_s_at	0.01033423	2.06e-03	-3.600863	-1.64337	-0.38257213	KHDRBS3	KH RNA binding domain containing, signal transduction associated 3
200888_s_at	0.01033423	2.06e-03	-3.6008379	-1.64342	-0.30677554	SNORA21///RPL23	small nucleolar RNA, H/ACA box 21///ribosomal protein L23
203433_at	0.01036314	2.07e-03	3.5993205	-1.64668	0.17981072	ST20-MTHFS///MTHFS	ST20-MTHFS readthrough///5,10-methenyltetrahydrofolate synthetase (5-formyltetrahydrofolate cyclo-ligase)
220143_x_at	0.01036408	2.07e-03	3.5990213	-1.64732	0.17652215	LUC7L	LUC7 like
219767_s_at	0.01036501	2.07e-03	3.5984802	-1.64848	0.25681828	CRYZL1	crystallin zeta like 1
208147_s_at	0.01036501	2.07e-03	-3.5984644	-1.64852	-0.1550616	CYP2C8	cytochrome P450 family 2 subfamily C member 8
207494_s_at	0.01038655	2.08e-03	3.5971901	-1.65125	0.11078296	ZNF76	zinc finger protein 76
200099_s_at	0.01038655	2.08e-03	-3.5968619	-1.65196	-0.33356869	SNORD73A///RPS3A	small nucleolar RNA, C/D box 73A///ribosomal protein S3A
201055_s_at	0.01038655	2.08e-03	3.5967553	-1.65219	0.35559214	HNRNPA0	heterogeneous nuclear ribonucleoprotein A0
205382_s_at	0.01042451	2.09e-03	-3.5948115	-1.65636	-0.83236963	CFD	complement factor D
207261_at	0.01042451	2.09e-03	-3.5945963	-1.65682	-0.1334325	CNGA3	cyclic nucleotide gated channel alpha 3
320_at	0.01042922	2.09e-03	3.5941355	-1.65781	0.35387294	PEX6	peroxisomal biogenesis factor 6
213415_at	0.01044226	2.09e-03	3.593315	-1.65957	0.41212255	CLIC2	chloride intracellular channel 2
210042_s_at	0.0104748	2.10e-03	-3.591656	-1.66314	-0.27331918	CTSZ	cathepsin Z
203774_at	0.01048105	2.10e-03	3.5911304	-1.66427	0.29642318	MTR	5-methyltetrahydrofolate-homocysteine methyltransferase
200717_x_at	0.01048151	2.10e-03	-3.5908541	-1.66486	-0.37075391	RPL7	ribosomal protein L7
201762_s_at	0.01048897	2.11e-03	-3.5899245	-1.66685	-0.25975691	MIR7703///PSME2	microRNA 7703///proteasome activator subunit 2
220053_at	0.01048897	2.11e-03	-3.5898844	-1.66694	-0.15662355	GDF3	growth differentiation factor 3
41512_at	0.01048897	2.11e-03	3.5895352	-1.66769	0.21480494	BRAP	BRCA1 associated protein
200741_s_at	0.01048897	2.11e-03	-3.589508	-1.66775	-0.30139031	RPS27	ribosomal protein S27
206567_s_at	0.01051051	2.12e-03	3.5883273	-1.67028	0.29614336	PHF20	PHD finger protein 20
215171_s_at	0.01053718	2.12e-03	3.5869293	-1.67328	0.3153161	TIMM17A	translocase of inner mitochondrial membrane 17 homolog A (yeast)
201803_at	0.01055672	2.13e-03	3.5857115	-1.6759	0.35061895	POLR2B	RNA polymerase II subunit B
202431_s_at	0.01055672	2.13e-03	3.5855829	-1.67617	0.85778512	MYC	v-myc avian myelocytomatosis viral oncogene homolog
202375_at	0.01058012	2.14e-03	3.58433	-1.67886	0.25289409	SEC24D	SEC24 homolog D, COPII coat complex component
205245_at	0.01059815	2.14e-03	-3.5833069	-1.68106	-0.17169399	PARD6A	par-6 family cell polarity regulator alpha
206556_at	0.01060406	2.14e-03	-3.5828008	-1.68215	-0.20034095	CLUL1	clusterin like 1
221914_at	0.01060927	2.14e-03	-3.5823243	-1.68317	-0.12611288	SYN1	synapsin I
200862_at	0.01060937	2.15e-03	3.5818278	-1.68423	0.45759165	DHCR24	24-dehydrocholesterol reductase
208736_at	0.01060937	2.15e-03	3.5818105	-1.68427	0.33521743	ARPC3	actin related protein 2/3 complex subunit 3
204427_s_at	0.0106178	2.15e-03	3.5811981	-1.68559	0.55180849	TMED2	transmembrane p24 trafficking protein 2
202326_at	0.0106717	2.16e-03	3.5786612	-1.69103	0.22732491	EHMT2	euchromatic histone lysine methyltransferase 2
201532_at	0.010677	2.16e-03	3.5781831	-1.69206	0.38358456	PSMA3	proteasome subunit alpha 3
220684_at	0.01069268	2.17e-03	-3.5771435	-1.69429	-0.13655508	TBX21	T-box 21
210532_s_at	0.01069268	2.17e-03	3.5769127	-1.69478	0.20966672	C14orf2	chromosome 14 open reading frame 2
221760_at	0.01069268	2.17e-03	-3.5767593	-1.69511	-1.16657333	MAN1A1	mannosidase alpha class 1A member 1
204552_at	0.01070732	2.18e-03	3.5758889	-1.69698	0.21285591	INPP4A	inositol polyphosphate-4-phosphatase type I A
222240_s_at	0.01071035	2.18e-03	3.575508	-1.6978	0.35732812	ISYNA1	inositol-3-phosphate synthase 1
201726_at	0.010732	2.18e-03	3.5743441	-1.70029	0.39252264	ELAVL1	ELAV like RNA binding protein 1
219723_x_at	0.0108034	2.20e-03	3.5711016	-1.70725	0.17846304	AGPAT3	1-acylglycerol-3-phosphate O-acyltransferase 3
205412_at	0.01093262	2.23e-03	3.5654881	-1.71929	0.50695309	ACAT1	acetyl-CoA acetyltransferase 1
207329_at	0.01096488	2.23e-03	-3.5639068	-1.72268	-0.20733256	MMP8	matrix metallopeptidase 8
214214_s_at	0.0110041	2.24e-03	3.5619671	-1.72684	0.42182616	C1QBP	complement C1q binding protein
217789_at	0.0110041	2.24e-03	3.5617912	-1.72722	0.21953669	SNX6	sorting nexin 6
207373_at	0.01100613	2.25e-03	-3.5614552	-1.72794	-0.16065057	HOXD10	homeobox D10
202292_x_at	0.01101916	2.25e-03	3.5604195	-1.73016	0.14789539	LYPLA2	lysophospholipase II
200032_s_at	0.01101916	2.25e-03	-3.5604171	-1.73017	-0.33881184	RPL9	ribosomal protein L9
219640_at	0.01102672	2.26e-03	-3.5596798	-1.73175	-0.16382675	CLDN15	claudin 15
202104_s_at	0.01102672	2.26e-03	3.5596034	-1.73191	0.26718063	LOC101930112///SPG7	uncharacterized LOC101930112///SPG7, paraplegin matrix AAA peptidase subunit
221448_s_at	0.01105938	2.27e-03	-3.5575684	-1.73627	-0.13566942	TEX15	testis expressed 15
217963_s_at	0.01105938	2.27e-03	3.5575188	-1.73638	0.26374846	BEX3	brain expressed X-linked 3
207839_s_at	0.01105938	2.27e-03	-3.5575144	-1.73639	-0.15897982	TMEM8B	transmembrane protein 8B
201212_at	0.01108689	2.27e-03	-3.5561424	-1.73933	-0.53841528	LGMN	legumain
205945_at	0.01110872	2.28e-03	-3.5550044	-1.74177	-0.55211749	IL6R	interleukin 6 receptor
210719_s_at	0.01111036	2.28e-03	3.5546863	-1.74245	0.27029433	HMG20B	high mobility group 20B
206004_at	0.01111432	2.28e-03	-3.5542744	-1.74334	-0.13572073	TGM3	transglutaminase 3
217849_s_at	0.01112397	2.29e-03	3.5536323	-1.74471	0.21144411	CDC42BPB	CDC42 binding protein kinase beta
202655_at	0.01113358	2.29e-03	-3.5529193	-1.74624	-0.23541108	MANF	mesencephalic astrocyte derived neurotrophic factor
207046_at	0.01113358	2.29e-03	-3.5527414	-1.74662	-0.20221556	HIST2H4B///HIST4H4///HIST2H4A///HIST1H4L///HIST1H4E///HIST1H4B///HIST1H4H///HIST1H4C///HIST1H4J///HIST1H4K///HIST1H4F///HIST1H4D///HIST1H4A///HIST1H4I	histone cluster 2, H4b///histone cluster 4, H4///histone cluster 2, H4a///histone cluster 1, H4l///histone cluster 1, H4e///histone cluster 1, H4b///histone cluster 1, H4h///histone cluster 1, H4c///histone cluster 1, H4j///histone cluster 1, H4k///histone cluster 1, H4f///histone cluster 1, H4d///histone cluster 1, H4a///histone cluster 1, H4i
220224_at	0.01115334	2.30e-03	-3.5513558	-1.74959	-0.15351502	HAO1	hydroxyacid oxidase 1
215460_x_at	0.01115334	2.30e-03	3.5512739	-1.74977	0.32512087	BRD1	bromodomain containing 1
201358_s_at	0.01115334	2.30e-03	3.5510515	-1.75025	0.20343775	COPB1	coatomer protein complex subunit beta 1
220777_at	0.01115334	2.30e-03	-3.5509402	-1.75048	-0.16141113	KIF13A	kinesin family member 13A
209238_at	0.01117435	2.31e-03	-3.5493195	-1.75396	-0.26041759	STX3	syntaxin 3
203952_at	0.01117435	2.31e-03	3.5492413	-1.75413	0.18285517	ATF6	activating transcription factor 6
207541_s_at	0.01117435	2.31e-03	3.5492274	-1.75416	0.24996817	EXOSC10	exosome component 10
204515_at	0.01117435	2.31e-03	-3.549092	-1.75445	-0.18467623	HSD3B1	hydroxy-delta-5-steroid dehydrogenase, 3 beta- and steroid delta-isomerase 1
200818_at	0.01117761	2.31e-03	3.548711	-1.75526	0.27760513	ATP5O	ATP synthase, H+ transporting, mitochondrial F1 complex, O subunit
211793_s_at	0.01120757	2.32e-03	3.5472545	-1.75838	0.19304048	ABI2	abl-interactor 2
208473_s_at	0.01130954	2.34e-03	-3.5428122	-1.7679	-0.127377	GP2	glycoprotein 2
37022_at	0.01130954	2.34e-03	-3.5426711	-1.76821	-0.12990637	PRELP	proline and arginine rich end leucine rich repeat protein
219647_at	0.01131012	2.34e-03	-3.5423357	-1.76892	-0.14252892	POPDC2	popeye domain containing 2
200681_at	0.01131012	2.34e-03	3.5421504	-1.76932	0.33090518	GLO1	glyoxalase I
204620_s_at	0.01131918	2.35e-03	-3.5415403	-1.77063	-0.53552212	VCAN	versican
210371_s_at	0.01139614	2.36e-03	3.5382355	-1.77771	0.39139596	RBBP4	RB binding protein 4, chromatin remodeling factor
203605_at	0.01142671	2.37e-03	3.5367788	-1.78083	0.32239494	SRP54	signal recognition particle 54
202493_x_at	0.01155649	2.40e-03	-3.5314361	-1.79227	-0.15983523	GH1///CSHL1///CSH1	growth hormone 1///chorionic somatomammotropin hormone like 1///chorionic somatomammotropin hormone 1
210164_at	0.01155679	2.40e-03	-3.5311762	-1.79283	-0.20201302	GZMB	granzyme B
201963_at	0.01155823	2.40e-03	3.5307695	-1.7937	0.3641896	ACSL1	acyl-CoA synthetase long-chain family member 1
202076_at	0.01155823	2.41e-03	3.5306239	-1.79401	0.32404824	BIRC2	baculoviral IAP repeat containing 2
37201_at	0.01158831	2.41e-03	-3.5292035	-1.79705	-0.16903323	ITIH4	inter-alpha-trypsin inhibitor heavy chain family member 4
208904_s_at	0.01160324	2.42e-03	-3.5283503	-1.79888	-0.34592163	RPS28	ribosomal protein S28
203645_s_at	0.01160324	2.42e-03	-3.5281276	-1.79936	-0.82852465	CD163	CD163 molecule
202715_at	0.01163954	2.43e-03	3.5264709	-1.80291	0.28964229	CAD	carbamoyl-phosphate synthetase 2, aspartate transcarbamylase, and dihydroorotase
207207_at	0.01165735	2.43e-03	-3.5253596	-1.80528	-0.14435711	RBMXL2	RNA binding motif protein, X-linked like 2
210293_s_at	0.01165735	2.43e-03	3.5252867	-1.80544	0.24354048	SEC23B	Sec23 homolog B, coat complex II component
208003_s_at	0.01165881	2.44e-03	-3.5249829	-1.80609	-0.2114653	NFAT5	nuclear factor of activated T-cells 5
201713_s_at	0.01167464	2.44e-03	3.5241242	-1.80793	0.33780361	RANBP2	RAN binding protein 2
218769_s_at	0.01167608	2.44e-03	3.5238037	-1.80862	0.21458079	ANKRA2	ankyrin repeat family A member 2
212191_x_at	0.01167608	2.44e-03	-3.5235751	-1.80911	-0.30440357	SNORD68///RPL13	small nucleolar RNA, C/D box 68///ribosomal protein L13
220102_at	0.01167715	2.45e-03	-3.5230041	-1.81033	-0.14362147	FOXL2	forkhead box L2
208768_x_at	0.01167715	2.45e-03	-3.5229537	-1.81044	-0.220394	RPL22	ribosomal protein L22
204372_s_at	0.01167715	2.45e-03	3.5227944	-1.81078	0.36705799	KHSRP	KH-type splicing regulatory protein
213571_s_at	0.01167759	2.45e-03	3.5225315	-1.81134	0.35109337	EIF4E2	eukaryotic translation initiation factor 4E family member 2
201672_s_at	0.0117342	2.46e-03	3.5200711	-1.81661	0.37243735	USP14	ubiquitin specific peptidase 14
218057_x_at	0.0117342	2.46e-03	3.5198577	-1.81706	0.25406323	EMC8	ER membrane protein complex subunit 8
209264_s_at	0.01177077	2.47e-03	3.518208	-1.82059	0.28599475	TSPAN4	tetraspanin 4
208640_at	0.01187561	2.50e-03	3.5139609	-1.82968	0.36348089	RAC1	ras-related C3 botulinum toxin substrate 1 (rho family, small GTP binding protein Rac1)
203306_s_at	0.01188575	2.50e-03	3.5133304	-1.83103	0.26131415	SLC35A1	solute carrier family 35 member A1
201022_s_at	0.01188896	2.50e-03	3.5129632	-1.83182	0.40517181	DSTN	destrin, actin depolymerizing factor
203777_s_at	0.0119034	2.51e-03	3.5120046	-1.83387	0.15899514	RPS6KB2	ribosomal protein S6 kinase B2
208955_at	0.0119034	2.51e-03	3.5117284	-1.83446	0.41358323	DUT	deoxyuridine triphosphatase
209616_s_at	0.0119034	2.51e-03	-3.5116802	-1.83456	-0.16270116	LOC100653057///CES1	liver carboxylesterase 1-like///carboxylesterase 1
205814_at	0.01191008	2.51e-03	-3.5111821	-1.83563	-0.12505552	GRM3	glutamate metabotropic receptor 3
210400_at	0.01192773	2.52e-03	-3.5102691	-1.83758	-0.12078357	GRIN2C	glutamate ionotropic receptor NMDA type subunit 2C
216860_s_at	0.01192802	2.52e-03	3.5100138	-1.83813	0.26838624	GDF11	growth differentiation factor 11
201322_at	0.01193048	2.52e-03	3.5096353	-1.83894	0.28147072	ATP5B	ATP synthase, H+ transporting, mitochondrial F1 complex, beta polypeptide
203341_at	0.01193048	2.52e-03	3.509432	-1.83937	0.25825878	CEBPZ	CCAAT/enhancer binding protein zeta
204867_at	0.01193596	2.52e-03	3.5089806	-1.84034	0.18246175	GCHFR	GTP cyclohydrolase I feedback regulator
201142_at	0.01194356	2.53e-03	3.5084493	-1.84148	0.18781524	EIF2S1	eukaryotic translation initiation factor 2 subunit alpha
212895_s_at	0.01194568	2.53e-03	-3.5080128	-1.84241	-0.17453237	ABR	active BCR-related
1007_s_at	0.01194568	2.53e-03	-3.5078815	-1.84269	-0.18145267	MIR4640///DDR1	microRNA 4640///discoidin domain receptor tyrosine kinase 1
208655_at	0.01197329	2.54e-03	3.5065959	-1.84544	0.35145239	CCNI	cyclin I
217982_s_at	0.01200283	2.54e-03	3.5052403	-1.84834	0.18210713	MORF4L1	mortality factor 4 like 1
221289_at	0.01202933	2.55e-03	-3.5040015	-1.85099	-0.14125384	DLX6	distal-less homeobox 6
213282_at	0.01203752	2.55e-03	3.5034509	-1.85217	0.22971736	APOOL	apolipoprotein O like
201560_at	0.01205049	2.56e-03	3.5025982	-1.85399	0.27624687	CLIC4	chloride intracellular channel 4
207672_at	0.01205049	2.56e-03	-3.5023685	-1.85448	-0.15472459	RFX4	regulatory factor X4
203414_at	0.01205049	2.56e-03	3.5020363	-1.85519	0.2336991	MMD	monocyte to macrophage differentiation associated
210072_at	0.01205049	2.56e-03	-3.5019932	-1.85529	-0.14913879	CCL19	C-C motif chemokine ligand 19
215735_s_at	0.01206675	2.57e-03	3.5011419	-1.85711	0.27025859	TSC2	tuberous sclerosis 2
201892_s_at	0.01208708	2.57e-03	3.5001394	-1.85925	0.25138975	IMPDH2	inosine monophosphate dehydrogenase 2
204145_at	0.01210963	2.58e-03	3.4990558	-1.86157	0.30853542	LOC101930531///LOC101930278///FRG1CP///FRG1	uncharacterized LOC101930531///uncharacterized LOC101930278///FSHD region gene 1 family member C, pseudogene///FSHD region gene 1
218882_s_at	0.012128	2.59e-03	3.4977986	-1.86426	0.33630491	WDR3	WD repeat domain 3
201052_s_at	0.012128	2.59e-03	3.4977145	-1.86444	0.34823724	PSMF1	proteasome inhibitor subunit 1
208717_at	0.012128	2.59e-03	3.4972185	-1.8655	0.26080191	OXA1L	OXA1L, mitochondrial inner membrane protein
201275_at	0.012128	2.59e-03	3.497154	-1.86563	0.29249052	FDPS	farnesyl diphosphate synthase
48825_at	0.012128	2.59e-03	3.4968974	-1.86618	0.19800177	ING4	inhibitor of growth family member 4
217483_at	0.012128	2.59e-03	-3.4968192	-1.86635	-0.14566352	FOLH1	folate hydrolase (prostate-specific membrane antigen) 1
202521_at	0.012128	2.59e-03	3.4966784	-1.86665	0.3047384	CTCF	CCCTC-binding factor
203064_s_at	0.01214158	2.60e-03	3.495932	-1.86825	0.32049771	FOXK2	forkhead box K2
204510_at	0.0121683	2.61e-03	3.4943891	-1.87155	0.31517586	CDC7	cell division cycle 7
202670_at	0.0121683	2.61e-03	3.4943737	-1.87158	0.28399869	MAP2K1	mitogen-activated protein kinase kinase 1
209227_at	0.0121683	2.61e-03	-3.4942162	-1.87192	-0.1748787	TUSC3	tumor suppressor candidate 3
205480_s_at	0.01217357	2.61e-03	3.4937797	-1.87285	0.37091303	UGP2	UDP-glucose pyrophosphorylase 2
207507_s_at	0.01220646	2.62e-03	3.4923209	-1.87597	0.31717563	ATP5G3	ATP synthase, H+ transporting, mitochondrial Fo complex subunit C3 (subunit 9)
212816_s_at	0.01222506	2.62e-03	-3.4913929	-1.87795	-0.14300759	CBS	cystathionine-beta-synthase
203097_s_at	0.01223259	2.63e-03	3.4908747	-1.87906	0.45924575	RAPGEF2	Rap guanine nucleotide exchange factor 2
219198_at	0.01229715	2.64e-03	3.4882575	-1.88465	0.18472936	GTF3C4	general transcription factor IIIC subunit 4
221004_s_at	0.01230605	2.65e-03	-3.4876906	-1.88587	-0.60332879	ITM2C	integral membrane protein 2C
209028_s_at	0.0123504	2.66e-03	3.485826	-1.88985	0.28525848	ABI1	abl interactor 1
202265_at	0.01239693	2.67e-03	3.4838882	-1.89399	0.49630061	COMMD3-BMI1///BMI1	COMMD3-BMI1 readthrough///BMI1 proto-oncogene, polycomb ring finger
221082_s_at	0.01248439	2.69e-03	3.4804735	-1.90129	0.19011326	NDRG3	NDRG family member 3
219119_at	0.01250246	2.69e-03	3.4794227	-1.90353	0.32887268	LSM8	LSM8 homolog, U6 small nuclear RNA associated
205079_s_at	0.01250246	2.69e-03	-3.4793411	-1.90371	-0.22924455	MPDZ	multiple PDZ domain crumbs cell polarity complex component
201737_s_at	0.01253823	2.70e-03	3.4776479	-1.90732	0.38272305	MARCH6	membrane associated ring-CH-type finger 6
217427_s_at	0.01253823	2.71e-03	3.4775718	-1.90749	0.56142868	HIRA	histone cell cycle regulator
203659_s_at	0.01257162	2.71e-03	3.4761313	-1.91056	0.3997386	TRIM13	tripartite motif containing 13
204367_at	0.01258092	2.72e-03	3.4755583	-1.91179	0.25707889	SP2	Sp2 transcription factor
203624_at	0.01258233	2.72e-03	3.4752004	-1.91255	0.27220216	AKAP17A	A-kinase anchoring protein 17A
202638_s_at	0.01258233	2.72e-03	-3.4750299	-1.91292	-0.1317734	ICAM1	intercellular adhesion molecule 1
206905_s_at	0.01260891	2.73e-03	-3.4736983	-1.91576	-0.14583393	MATN1	matrilin 1, cartilage matrix protein
202197_at	0.01260891	2.73e-03	3.4732855	-1.91664	0.18859586	MTMR3	myotubularin related protein 3
220000_at	0.01260891	2.73e-03	-3.4731031	-1.91703	-0.16739442	SIGLEC5	sialic acid binding Ig like lectin 5
208861_s_at	0.01260891	2.73e-03	3.4729915	-1.91727	0.29114684	ATRX	ATRX, chromatin remodeler
204584_at	0.01260891	2.73e-03	-3.4728839	-1.9175	-0.11429243	L1CAM	L1 cell adhesion molecule
205372_at	0.01265978	2.75e-03	-3.4708271	-1.92189	-0.29593203	PLAG1	PLAG1 zinc finger
222104_x_at	0.01266417	2.75e-03	-3.4702126	-1.9232	-0.26116665	GTF2H3	general transcription factor IIH subunit 3
213373_s_at	0.01266417	2.75e-03	3.4701947	-1.92324	0.33997448	CASP8	caspase 8
218868_at	0.01273228	2.77e-03	3.4675338	-1.92892	0.15769022	ACTR3B	ARP3 actin related protein 3 homolog B
200059_s_at	0.01276633	2.77e-03	3.4660899	-1.93201	0.24813528	RHOA	ras homolog family member A
200823_x_at	0.01277315	2.78e-03	-3.465611	-1.93303	-0.23806562	RPL29	ribosomal protein L29
205422_s_at	0.01277909	2.78e-03	-3.4651634	-1.93398	-0.12159401	ITGBL1	integrin subunit beta like 1
211136_s_at	0.01278898	2.78e-03	3.4645765	-1.93524	0.43608472	CLPTM1	CLPTM1, transmembrane protein
211558_s_at	0.01287438	2.80e-03	3.4613324	-1.94216	0.18011634	DHPS	deoxyhypusine synthase
206324_s_at	0.01288467	2.81e-03	-3.4605568	-1.94382	-0.16351122	DAPK2	death associated protein kinase 2
209042_s_at	0.01288467	2.81e-03	3.4604505	-1.94405	0.41005368	UBE2G2	ubiquitin conjugating enzyme E2 G2
36936_at	0.01288467	2.81e-03	3.4602606	-1.94445	0.20049866	TSTA3	tissue specific transplantation antigen P35B
205237_at	0.01292056	2.82e-03	-3.4586749	-1.94783	-0.86315769	FCN1	ficolin 1
203837_at	0.01292056	2.82e-03	3.4585303	-1.94814	0.45419717	MAP3K5	mitogen-activated protein kinase kinase kinase 5
203903_s_at	0.01292983	2.83e-03	-3.4578243	-1.94965	-0.14400457	HEPH	hephaestin
212664_at	0.01292983	2.83e-03	-3.4577334	-1.94984	-0.16350539	TUBB4A	tubulin beta 4A class IVa
202086_at	0.01294344	2.83e-03	-3.456862	-1.9517	-0.56646817	MX1	MX dynamin like GTPase 1
200909_s_at	0.01294344	2.83e-03	-3.456786	-1.95187	-0.31742533	SNORA52///RPLP2	small nucleolar RNA, H/ACA box 52///ribosomal protein lateral stalk subunit P2
208864_s_at	0.01295573	2.84e-03	3.4555724	-1.95446	0.35865471	TXN	thioredoxin
202003_s_at	0.01295573	2.84e-03	3.4555233	-1.95456	0.28865071	ACAA2	acetyl-CoA acyltransferase 2
220790_s_at	0.01295573	2.84e-03	-3.4554466	-1.95472	-0.12865359	MS4A5	membrane spanning 4-domains A5
201317_s_at	0.01295573	2.84e-03	3.455288	-1.95506	0.32565624	PSMA2	proteasome subunit alpha 2
203816_at	0.01295573	2.84e-03	3.4551781	-1.9553	0.25977495	DGUOK	deoxyguanosine kinase
206751_s_at	0.01299406	2.85e-03	3.4536079	-1.95865	0.16494496	PCYT1B	phosphate cytidylyltransferase 1, choline, beta
207147_at	0.01301897	2.86e-03	-3.452507	-1.961	-0.16135238	DLX2	distal-less homeobox 2
206687_s_at	0.01305313	2.87e-03	3.4508736	-1.96448	0.43827774	PTPN6	protein tyrosine phosphatase, non-receptor type 6
201098_at	0.01305313	2.87e-03	3.4508527	-1.96453	0.33736846	COPB2	coatomer protein complex subunit beta 2
211870_s_at	0.01306192	2.87e-03	-3.4503133	-1.96568	-0.12230311	PCDHA2///PCDHA3	protocadherin alpha 2///protocadherin alpha 3
219618_at	0.01307878	2.88e-03	3.4494957	-1.96742	0.1477337	IRAK4	interleukin 1 receptor associated kinase 4
219244_s_at	0.01316404	2.90e-03	3.4463244	-1.97418	0.23228672	MRPL46	mitochondrial ribosomal protein L46
219799_s_at	0.01318304	2.90e-03	3.4454377	-1.97608	0.48391501	DHRS9	dehydrogenase/reductase 9
220339_s_at	0.01318402	2.91e-03	-3.4451698	-1.97665	-0.13383924	TPSG1	tryptase gamma 1
202811_at	0.01319084	2.91e-03	3.4447016	-1.97764	0.18652212	STAMBP	STAM binding protein
203782_s_at	0.0131994	2.91e-03	3.4441743	-1.97877	0.28599959	POLRMT	RNA polymerase mitochondrial
207930_at	0.01321274	2.92e-03	-3.4434833	-1.98024	-0.11882507	LCN1	lipocalin 1
203860_at	0.01322714	2.92e-03	3.4427572	-1.98179	0.266976	PCCA	propionyl-CoA carboxylase alpha subunit
217728_at	0.01323498	2.93e-03	3.4422553	-1.98286	0.60921464	S100A6	S100 calcium binding protein A6
212266_s_at	0.0132572	2.93e-03	3.4412633	-1.98498	0.404325	SRSF5	serine and arginine rich splicing factor 5
206256_at	0.01326243	2.94e-03	-3.4406738	-1.98623	-0.15373706	CPN1	carboxypeptidase N subunit 1
210007_s_at	0.01326243	2.94e-03	3.4406179	-1.98635	0.19637252	GPD2	glycerol-3-phosphate dehydrogenase 2
208813_at	0.01326583	2.94e-03	3.4402687	-1.9871	0.18558979	GOT1	glutamic-oxaloacetic transaminase 1
219072_at	0.01328872	2.94e-03	3.4392559	-1.98926	0.15407975	BCL7C	BCL tumor suppressor 7C
206968_s_at	0.01331169	2.95e-03	3.438242	-1.99142	0.22531001	NFRKB	nuclear factor related to kappaB binding protein
206155_at	0.01332106	2.95e-03	-3.4376908	-1.99259	-0.16457069	ABCC2	ATP binding cassette subfamily C member 2
219916_s_at	0.01332247	2.96e-03	-3.43741	-1.99319	-0.11830304	RNF39	ring finger protein 39
218645_at	0.01335445	2.97e-03	3.4360933	-1.996	0.29071732	ZNF277	zinc finger protein 277
221292_at	0.01348167	3.00e-03	-3.4315738	-2.00563	-0.15437046	PTCH2	patched 2
31861_at	0.01351775	3.00e-03	3.4301329	-2.0087	0.11245453	IGHMBP2	immunoglobulin mu binding protein 2
201546_at	0.01354169	3.01e-03	3.4291004	-2.0109	0.32168033	TRIP12	thyroid hormone receptor interactor 12
204813_at	0.01355941	3.02e-03	-3.4281657	-2.01289	-0.14846603	MAPK10	mitogen-activated protein kinase 10
209426_s_at	0.01355941	3.02e-03	3.4280443	-2.01315	0.15320574	C1QTNF3-AMACR///AMACR	C1QTNF3-AMACR readthrough (NMD candidate)///alpha-methylacyl-CoA racemase
219733_s_at	0.01359806	3.03e-03	3.4265251	-2.01639	0.19225062	SLC27A5	solute carrier family 27 member 5
202863_at	0.01360104	3.03e-03	3.4261066	-2.01728	0.18859565	SP100	SP100 nuclear antigen
205664_at	0.01360104	3.03e-03	3.4259619	-2.01759	0.19030634	KIN	Kin17 DNA and RNA binding protein
213086_s_at	0.01360939	3.04e-03	3.4254525	-2.01867	0.25127459	CSNK1A1	casein kinase 1 alpha 1
204275_at	0.0137484	3.07e-03	3.4206249	-2.02896	0.3798137	CAPN15	calpain 15
202659_at	0.01379231	3.08e-03	-3.418951	-2.03252	-0.33415536	PSMB10	proteasome subunit beta 10
210395_x_at	0.01379457	3.08e-03	3.4186455	-2.03317	0.4956331	MYL4	myosin light chain 4
219307_at	0.01380485	3.09e-03	3.4180772	-2.03438	0.21755972	PDSS2	prenyl (decaprenyl) diphosphate synthase, subunit 2
211931_s_at	0.01382771	3.09e-03	3.4170975	-2.03647	0.29074012	HNRNPA3///HNRNPA3P1	heterogeneous nuclear ribonucleoprotein A3///heterogeneous nuclear ribonucleoprotein A3 pseudogene 1
218285_s_at	0.0138735	3.10e-03	3.4153708	-2.04015	0.2570665	BDH2	3-hydroxybutyrate dehydrogenase, type 2
201599_at	0.013877	3.11e-03	3.4150257	-2.04088	0.53833575	OAT	ornithine aminotransferase
201140_s_at	0.01393314	3.12e-03	3.4129685	-2.04526	0.26273876	RAB5C	RAB5C, member RAS oncogene family
205296_at	0.01394727	3.13e-03	3.4122791	-2.04673	0.22015072	RBL1	RB transcriptional corepressor like 1
219159_s_at	0.01395242	3.13e-03	-3.4118814	-2.04757	-0.18822001	SLAMF7	SLAM family member 7
205052_at	0.01398098	3.14e-03	3.4107257	-2.05003	0.22584999	AUH	AU RNA binding methylglutaconyl-CoA hydratase
210444_at	0.01398536	3.14e-03	-3.4103533	-2.05083	-0.14976114	NPY6R	neuropeptide Y receptor Y6 (pseudogene)
202645_s_at	0.0139868	3.14e-03	3.4099602	-2.05166	0.31109764	MEN1	menin 1
205977_s_at	0.0139868	3.14e-03	-3.409846	-2.05191	-0.16875315	EPHA1	EPH receptor A1
207845_s_at	0.01400252	3.15e-03	3.4091079	-2.05348	0.27775672	ANAPC10	anaphase promoting complex subunit 10
203340_s_at	0.01402961	3.16e-03	3.4078282	-2.0562	0.16017325	SLC25A12	solute carrier family 25 member 12
220773_s_at	0.01402961	3.16e-03	3.4077734	-2.05632	0.20262208	GPHN	gephyrin
207079_s_at	0.01404426	3.16e-03	3.4070713	-2.05781	0.27254536	MED6	mediator complex subunit 6
214466_at	0.01410042	3.18e-03	-3.4050361	-2.06214	-0.10504375	GJA5	gap junction protein alpha 5
210853_at	0.01413764	3.19e-03	-3.4036135	-2.06517	-0.21252463	SCN11A	sodium voltage-gated channel alpha subunit 11
204127_at	0.01424494	3.21e-03	3.3999628	-2.07294	0.39570812	RFC3	replication factor C subunit 3
200873_s_at	0.01426223	3.22e-03	3.3991842	-2.07459	0.37730751	CCT8	chaperonin containing TCP1 subunit 8
221343_at	0.01433109	3.23e-03	-3.3967752	-2.07972	-0.13609897	OR11A1	olfactory receptor family 11 subfamily A member 1
214575_s_at	0.01437964	3.25e-03	-3.3950154	-2.08346	-1.62885416	AZU1	azurocidin 1
207277_at	0.01439536	3.25e-03	-3.3942919	-2.085	-0.15055388	CD209	CD209 molecule
214470_at	0.01441197	3.26e-03	-3.393541	-2.0866	-0.11742851	KLRB1	killer cell lectin like receptor B1
205379_at	0.01441855	3.26e-03	-3.3931054	-2.08752	-0.16537804	CBR3	carbonyl reductase 3
201500_s_at	0.01442504	3.26e-03	3.3926729	-2.08844	0.24845993	PPP1R11	protein phosphatase 1 regulatory inhibitor subunit 11
200978_at	0.01445078	3.27e-03	3.3916374	-2.09064	0.33490699	MDH1	malate dehydrogenase 1
213203_at	0.01446518	3.28e-03	3.390958	-2.09209	0.19544027	SNAPC5	small nuclear RNA activating complex polypeptide 5
208036_at	0.01454233	3.30e-03	-3.3883216	-2.09769	-0.13933636	OPN1SW	opsin 1 (cone pigments), short-wave-sensitive
206255_at	0.01461808	3.31e-03	-3.3857414	-2.10318	-0.21729131	BLK	BLK proto-oncogene, Src family tyrosine kinase
208152_s_at	0.01462833	3.32e-03	3.385196	-2.10434	0.42088083	DDX21	DEAD-box helicase 21
202825_at	0.01463555	3.32e-03	3.3847443	-2.1053	0.1659318	SLC25A4	solute carrier family 25 member 4
208087_s_at	0.01468309	3.33e-03	-3.3830482	-2.1089	-0.14175136	ZBP1	Z-DNA binding protein 1
209211_at	0.01470765	3.34e-03	3.3820635	-2.111	0.16406683	KLF5	Kruppel like factor 5
205604_at	0.0147084	3.34e-03	-3.3818127	-2.11153	-0.11697959	HOXD9	homeobox D9
207462_at	0.01472423	3.35e-03	-3.3810979	-2.11305	-0.11387842	GLRA2	glycine receptor alpha 2
221410_x_at	0.01478166	3.36e-03	-3.3791076	-2.11728	-0.17877307	PCDHB3	protocadherin beta 3
202393_s_at	0.01478349	3.37e-03	-3.3788242	-2.11788	-0.7979914	KLF10	Kruppel like factor 10
207275_s_at	0.01478688	3.37e-03	3.378493	-2.11858	0.40092115	ACSL1	acyl-CoA synthetase long-chain family member 1
202388_at	0.0147934	3.37e-03	-3.378066	-2.11949	-0.92249359	RGS2	regulator of G-protein signaling 2
207089_at	0.01482004	3.38e-03	-3.3770241	-2.1217	-0.14811456	NRAP	nebulin related anchoring protein
222140_s_at	0.01487834	3.39e-03	3.3750193	-2.12596	0.17392812	GPR89A///GPR89B	G protein-coupled receptor 89A///G protein-coupled receptor 89B
221483_s_at	0.01488712	3.40e-03	3.3745252	-2.12701	0.31504776	ARPP19	cAMP regulated phosphoprotein 19
65517_at	0.01494071	3.41e-03	-3.372671	-2.13095	-0.13030887	AP1M2	adaptor related protein complex 1 mu 2 subunit
213475_s_at	0.01495589	3.42e-03	-3.3718859	-2.13262	-0.29583852	ITGAL	integrin subunit alpha L
200870_at	0.01495589	3.42e-03	3.3717577	-2.13289	0.26970141	STRAP	serine/threonine kinase receptor associated protein
209101_at	0.01497691	3.42e-03	-3.3708949	-2.13472	-0.3422042	CTGF	connective tissue growth factor
219134_at	0.01499185	3.43e-03	-3.3702171	-2.13616	-0.14633951	ADGRL4	adhesion G protein-coupled receptor L4
221547_at	0.01500641	3.44e-03	3.3695511	-2.13758	0.22679539	PRPF18	pre-mRNA processing factor 18
201041_s_at	0.01501481	3.44e-03	-3.369053	-2.13863	-1.14999	DUSP1	dual specificity phosphatase 1
207350_s_at	0.01501481	3.44e-03	3.3688453	-2.13907	0.17142605	VAMP4	vesicle associated membrane protein 4
212971_at	0.01501578	3.44e-03	3.36859	-2.13962	0.18425845	CARS	cysteinyl-tRNA synthetase
201324_at	0.0150566	3.45e-03	-3.3671348	-2.14271	-0.54730522	EMP1	epithelial membrane protein 1
203971_at	0.01510552	3.47e-03	3.3654393	-2.14631	0.22252267	SLC31A1	solute carrier family 31 member 1
206258_at	0.0151199	3.47e-03	-3.3646542	-2.14797	-0.10085866	ST8SIA5	ST8 alpha-N-acetyl-neuraminide alpha-2,8-sialyltransferase 5
221398_at	0.0151199	3.47e-03	-3.3645572	-2.14818	-0.15367677	TAS2R8	taste 2 receptor member 8
204787_at	0.01520117	3.49e-03	-3.3619032	-2.15381	-0.38980833	VSIG4	V-set and immunoglobulin domain containing 4
208728_s_at	0.0152013	3.50e-03	3.361674	-2.1543	0.26140572	CDC42	cell division cycle 42
203342_at	0.01526293	3.51e-03	3.3596158	-2.15867	0.17616123	TIMM17B	translocase of inner mitochondrial membrane 17 homolog B (yeast)
37012_at	0.01531003	3.53e-03	3.3578186	-2.16248	0.32012967	CAPZB	capping actin protein of muscle Z-line beta subunit
218501_at	0.01531003	3.53e-03	3.3577695	-2.16258	0.30016287	ARHGEF3	Rho guanine nucleotide exchange factor 3
221342_at	0.01532668	3.53e-03	3.3570521	-2.16411	0.24992251	C6orf25	chromosome 6 open reading frame 25
221389_at	0.01533773	3.54e-03	-3.3565008	-2.16528	-0.12235735	PLA2G2E	phospholipase A2 group IIE
204299_at	0.01538896	3.55e-03	3.354765	-2.16896	0.2779527	SRSF10	serine and arginine rich splicing factor 10
220418_at	0.01540433	3.55e-03	3.3540882	-2.1704	0.22761752	UBASH3A	ubiquitin associated and SH3 domain containing A
214533_at	0.01543216	3.56e-03	-3.3530456	-2.17261	-0.12962448	CMA1	chymase 1
208030_s_at	0.01543522	3.56e-03	3.3527314	-2.17327	0.21372146	ADD1	adducin 1
202515_at	0.01546952	3.58e-03	3.3514324	-2.17603	0.23260846	DLG1	discs large MAGUK scaffold protein 1
207210_at	0.01546952	3.58e-03	-3.351277	-2.17636	-0.1302978	GABRA3	gamma-aminobutyric acid type A receptor alpha3 subunit
209696_at	0.01553137	3.59e-03	-3.3492446	-2.18067	-0.21070766	FBP1	fructose-bisphosphatase 1
216733_s_at	0.01553923	3.60e-03	-3.348791	-2.18163	-0.49435444	GATM	glycine amidinotransferase
207338_s_at	0.01557367	3.61e-03	3.3475639	-2.18423	0.25115366	ZNF200	zinc finger protein 200
206651_s_at	0.01563025	3.62e-03	-3.3456963	-2.18819	-0.1532331	CPB2	carboxypeptidase B2
205022_s_at	0.01569233	3.64e-03	3.3432777	-2.19332	0.32133126	FOXN3	forkhead box N3
204197_s_at	0.01569233	3.64e-03	-3.3431484	-2.1936	-0.22392514	RUNX3	runt related transcription factor 3
215938_s_at	0.01569233	3.64e-03	3.3430337	-2.19384	0.21524954	PLA2G6	phospholipase A2 group VI
220275_at	0.01569233	3.64e-03	-3.3430053	-2.1939	-0.17661392	CUZD1	CUB and zona pellucida like domains 1
221972_s_at	0.01571061	3.65e-03	3.3422543	-2.19549	0.36931096	SDF4	stromal cell derived factor 4
202609_at	0.0157153	3.65e-03	-3.3418959	-2.19625	-0.23204541	EPS8	epidermal growth factor receptor pathway substrate 8
204978_at	0.01572107	3.65e-03	3.3415065	-2.19708	0.22221976	CLASRP	CLK4 associating serine/arginine rich protein
206382_s_at	0.01580931	3.68e-03	-3.338746	-2.20293	-0.10356929	BDNF	brain derived neurotrophic factor
209308_s_at	0.01583993	3.69e-03	3.3376459	-2.20526	0.28190222	BNIP2	BCL2 interacting protein 2
206182_at	0.01589811	3.70e-03	3.3357609	-2.20925	0.28173394	ZNF134	zinc finger protein 134
220867_s_at	0.01595495	3.72e-03	-3.3339199	-2.21315	-0.15744351	SLC24A2	solute carrier family 24 member 2
1438_at	0.01599844	3.73e-03	-3.3324629	-2.21624	-0.13398266	EPHB3	EPH receptor B3
219669_at	0.01600136	3.73e-03	-3.3321576	-2.21689	-0.19007007	CD177	CD177 molecule
206634_at	0.01601088	3.73e-03	-3.3316655	-2.21793	-0.15174813	SIX3	SIX homeobox 3
219575_s_at	0.01606844	3.75e-03	3.3298158	-2.22185	0.29052438	COG8///PDF	component of oligomeric golgi complex 8///peptide deformylase (mitochondrial)
200980_s_at	0.01607439	3.75e-03	3.3294259	-2.22267	0.2923817	PDHA1	pyruvate dehydrogenase (lipoamide) alpha 1
202424_at	0.01608006	3.76e-03	3.3290439	-2.22348	0.4318268	MAP2K2	mitogen-activated protein kinase kinase 2
207509_s_at	0.0161189	3.77e-03	-3.3277277	-2.22627	-0.16866109	LAIR2	leukocyte associated immunoglobulin like receptor 2
205871_at	0.01613396	3.77e-03	-3.3270824	-2.22764	-0.18579012	PLGLB1///PLGLB2	plasminogen-like B1///plasminogen-like B2
207651_at	0.01618406	3.79e-03	-3.3252534	-2.23151	-0.12216642	GPR171	G protein-coupled receptor 171
203960_s_at	0.01618406	3.79e-03	3.3252327	-2.23156	0.21022906	HSPB11	heat shock protein family B (small) member 11
206204_at	0.01625845	3.81e-03	-3.3229308	-2.23643	-0.16798288	GRB14	growth factor receptor bound protein 14
220052_s_at	0.01626027	3.81e-03	3.3224784	-2.23739	0.1832903	TINF2	TERF1 interacting nuclear factor 2
205566_at	0.01626027	3.81e-03	3.3224375	-2.23747	0.21585436	ABHD2	abhydrolase domain containing 2
209082_s_at	0.01630117	3.82e-03	3.3210766	-2.24035	0.23348675	COL18A1	collagen type XVIII alpha 1 chain
218276_s_at	0.01635757	3.84e-03	3.3192885	-2.24414	0.29451965	SAV1	salvador family WW domain containing protein 1
221230_s_at	0.01637185	3.84e-03	3.3186715	-2.24545	0.33605114	ARID4B	AT-rich interaction domain 4B
204465_s_at	0.01639401	3.85e-03	-3.3178307	-2.24723	-0.09616769	INA	internexin neuronal intermediate filament protein alpha
205119_s_at	0.01639401	3.85e-03	-3.3176161	-2.24768	-0.34218205	FPR1	formyl peptide receptor 1
219350_s_at	0.0164018	3.86e-03	3.3171798	-2.2486	0.20677735	DIABLO	diablo IAP-binding mitochondrial protein
203439_s_at	0.0164104	3.86e-03	-3.3167212	-2.24957	-0.1497656	STC2	stanniocalcin 2
219351_at	0.01647408	3.88e-03	3.3147435	-2.25376	0.25257135	TRAPPC2	trafficking protein particle complex 2
204462_s_at	0.01648771	3.88e-03	-3.3140944	-2.25513	-0.24900757	SLC16A2	solute carrier family 16 member 2
202042_at	0.01648771	3.89e-03	3.3137306	-2.2559	0.23780515	LOC101928623///HARS	uncharacterized LOC101928623///histidyl-tRNA synthetase
206976_s_at	0.01648771	3.89e-03	3.3137073	-2.25595	0.46195452	HSPH1	heat shock protein family H (Hsp110) member 1
220804_s_at	0.01651645	3.89e-03	-3.3126969	-2.25809	-0.14983442	TP73	tumor protein p73
200045_at	0.01655655	3.91e-03	3.3112102	-2.26123	0.24666203	ABCF1	ATP binding cassette subfamily F member 1
200708_at	0.01655655	3.91e-03	3.3111564	-2.26135	0.30128122	GOT2	glutamic-oxaloacetic transaminase 2
221091_at	0.01658514	3.92e-03	-3.3101428	-2.26349	-0.12315457	INSL5	insulin like 5
214770_at	0.01658514	3.92e-03	-3.3099338	-2.26394	-0.15206194	MSR1	macrophage scavenger receptor 1
205858_at	0.01659258	3.92e-03	-3.3095106	-2.26483	-0.14842407	NGFR	nerve growth factor receptor
202075_s_at	0.01663796	3.93e-03	3.3080517	-2.26792	0.32379304	PLTP	phospholipid transfer protein
208916_at	0.0166861	3.95e-03	3.3065209	-2.27115	0.28119666	SLC1A5	solute carrier family 1 member 5
206571_s_at	0.01669081	3.95e-03	3.3061736	-2.27189	0.26089872	MAP4K4	mitogen-activated protein kinase kinase kinase kinase 4
217945_at	0.01670337	3.96e-03	3.3056127	-2.27307	0.34302166	BTBD1	BTB domain containing 1
200790_at	0.01672098	3.96e-03	3.3048331	-2.27472	0.57146971	ODC1	ornithine decarboxylase 1
221361_at	0.01672098	3.96e-03	-3.3046965	-2.27501	-0.10516795	OMP	olfactory marker protein
201124_at	0.01674429	3.97e-03	-3.3038452	-2.27681	-0.13036577	ITGB5	integrin subunit beta 5
202894_at	0.01681266	3.99e-03	3.3017764	-2.28119	0.20941954	EPHB4	EPH receptor B4
216219_at	0.01683455	4.00e-03	-3.3009671	-2.2829	-0.12789818	AQP6	aquaporin 6
202461_at	0.01686558	4.01e-03	3.2999124	-2.28513	0.22595365	EIF2B2	eukaryotic translation initiation factor 2B subunit beta
205064_at	0.01688716	4.02e-03	-3.2986238	-2.28785	-0.11322969	SPRR1B	small proline rich protein 1B
209941_at	0.01688716	4.02e-03	3.2986064	-2.28789	0.24642556	RIPK1	receptor interacting serine/threonine kinase 1
206937_at	0.01688716	4.02e-03	3.2985255	-2.28806	0.34833395	SPTA1	spectrin alpha, erythrocytic 1
216221_s_at	0.01688716	4.02e-03	3.2984585	-2.2882	0.30545576	PUM2	pumilio RNA binding family member 2
201647_s_at	0.01691454	4.03e-03	3.2975049	-2.29022	0.26720921	SCARB2	scavenger receptor class B member 2
200069_at	0.01693988	4.04e-03	3.2965026	-2.29233	0.31087663	SART3	squamous cell carcinoma antigen recognized by T-cells 3
201266_at	0.01693988	4.04e-03	3.296389	-2.29257	0.2836575	TXNRD1	thioredoxin reductase 1
207515_s_at	0.01698951	4.05e-03	3.2946612	-2.29623	0.27772989	POLR1C	RNA polymerase I subunit C
214882_s_at	0.01698951	4.05e-03	3.2946252	-2.2963	0.32714211	MIR636///SRSF2	microRNA 636///serine and arginine rich splicing factor 2
204588_s_at	0.01699201	4.05e-03	-3.2943407	-2.2969	-0.27049334	SLC7A7	solute carrier family 7 member 7
209036_s_at	0.01703828	4.07e-03	3.2928883	-2.29997	0.29078731	MDH2	malate dehydrogenase 2
200682_s_at	0.01705355	4.07e-03	3.292264	-2.30129	0.25410656	UBE2L3	ubiquitin conjugating enzyme E2 L3
201229_s_at	0.01706078	4.08e-03	3.2918542	-2.30216	0.36776485	ARIH2	ariadne RBR E3 ubiquitin protein ligase 2
200619_at	0.01710626	4.09e-03	3.290428	-2.30517	0.25035394	SF3B2	splicing factor 3b subunit 2
207072_at	0.017168	4.11e-03	-3.2885747	-2.30909	-0.16020743	IL18RAP	interleukin 18 receptor accessory protein
201767_s_at	0.01729012	4.14e-03	3.2850487	-2.31653	0.20576093	ELAC2	elaC ribonuclease Z 2
210064_s_at	0.01729012	4.14e-03	-3.284921	-2.3168	-0.12760204	UPK1B	uroplakin 1B
206911_at	0.01736208	4.16e-03	3.2828177	-2.32124	0.19602898	TRIM25	tripartite motif containing 25
212298_at	0.01741775	4.18e-03	-3.2808759	-2.32534	-0.19745979	NRP1	neuropilin 1
200933_x_at	0.01741775	4.18e-03	-3.2808003	-2.3255	-0.37732157	RPS4X	ribosomal protein S4, X-linked
203299_s_at	0.01741775	4.18e-03	-3.280713	-2.32569	-0.15957842	AP1S2	adaptor related protein complex 1 sigma 2 subunit
206789_s_at	0.01748636	4.20e-03	-3.2787105	-2.32991	-0.21312359	POU2F1	POU class 2 homeobox 1
205707_at	0.01749423	4.20e-03	-3.2782897	-2.3308	-0.30378557	IL17RA	interleukin 17 receptor A
206007_at	0.01750021	4.21e-03	-3.27775	-2.33194	-0.13768742	PRG4	proteoglycan 4
210365_at	0.01750021	4.21e-03	-3.2776316	-2.33219	-0.24250986	LOC101928269///LOC100506403///RUNX1	uncharacterized LOC101928269///uncharacterized LOC100506403///runt related transcription factor 1
200931_s_at	0.01750021	4.21e-03	3.2773442	-2.3328	0.50985621	VCL	vinculin
217894_at	0.01750021	4.21e-03	3.2772698	-2.33296	0.30696004	KCTD3	potassium channel tetramerization domain containing 3
208331_at	0.01756424	4.23e-03	-3.2753944	-2.33691	-0.12000805	BPY2	basic charge, Y-linked, 2
219939_s_at	0.01763517	4.25e-03	3.2733471	-2.34123	0.34448807	CSDE1	cold shock domain containing E1
202945_at	0.01763574	4.25e-03	3.2731165	-2.34172	0.23496915	FPGS	folylpolyglutamate synthase
203098_at	0.01763741	4.25e-03	3.2728581	-2.34227	0.28052807	CDYL	chromodomain Y-like
211005_at	0.01770523	4.27e-03	3.2708983	-2.3464	0.42522253	LAT	linker for activation of T-cells
218345_at	0.01770771	4.27e-03	-3.270619	-2.34699	-0.22044106	TMEM176A	transmembrane protein 176A
205653_at	0.01771189	4.28e-03	-3.2702965	-2.34767	-1.48831198	CTSG	cathepsin G
206215_at	0.01779778	4.30e-03	-3.2678823	-2.35276	-0.14314886	OPCML	opioid binding protein/cell adhesion molecule like
206472_s_at	0.01784924	4.31e-03	3.266355	-2.35598	0.16396337	TLE3	transducin like enhancer of split 3
210454_s_at	0.01786542	4.32e-03	-3.265728	-2.35731	-0.12491292	KCNJ6	potassium voltage-gated channel subfamily J member 6
207062_at	0.01790903	4.33e-03	-3.2644046	-2.3601	-0.13416978	IAPP	islet amyloid polypeptide
204294_at	0.01792485	4.34e-03	3.2636631	-2.36166	0.20869988	AMT	aminomethyltransferase
203722_at	0.01792485	4.34e-03	3.2634861	-2.36203	0.42160773	ALDH4A1	aldehyde dehydrogenase 4 family member A1
210390_s_at	0.01792485	4.34e-03	-3.2633589	-2.3623	-0.13256921	CCL15-CCL14///CCL15	CCL15-CCL14 readthrough (NMD candidate)///C-C motif chemokine ligand 15
221314_at	0.0179307	4.34e-03	-3.262996	-2.36307	-0.14287861	GDF9	growth differentiation factor 9
208165_s_at	0.01795568	4.35e-03	-3.2621154	-2.36492	-0.13181542	PRSS16	protease, serine 16
213378_s_at	0.01795568	4.35e-03	3.2619341	-2.36531	0.33223609	LOC642846///DDX12P///DDX11	DEAD/H (Asp-Glu-Ala-Asp/His) box polypeptide 11-like///DEAD/H-box helicase 12, pseudogene///DEAD/H-box helicase 11
210378_s_at	0.01797873	4.36e-03	3.2611365	-2.36699	0.1510645	SSNA1	SS nuclear autoantigen 1
204468_s_at	0.01801606	4.37e-03	3.2599793	-2.36943	0.5061178	TIE1	tyrosine kinase with immunoglobulin like and EGF like domains 1
219954_s_at	0.01804142	4.38e-03	-3.2591255	-2.37123	-0.12788933	GBA3	glucosylceramidase beta 3 (gene/pseudogene)
207366_at	0.01804875	4.39e-03	-3.2587268	-2.37207	-0.11305543	KCNS1	potassium voltage-gated channel modifier subfamily S member 1
207032_s_at	0.01805222	4.39e-03	-3.2584254	-2.3727	-0.11077936	CRISP1	cysteine rich secretory protein 1
207304_at	0.01806543	4.39e-03	3.2578066	-2.37401	0.20870737	ZNF45	zinc finger protein 45
204523_at	0.01806543	4.40e-03	3.2576652	-2.37431	0.24660818	ZNF140	zinc finger protein 140
217225_x_at	0.0180759	4.40e-03	3.2570239	-2.37566	0.34000348	LOC101060373///NOMO3///NOMO2///NOMO1	uncharacterized LOC101060373///NODAL modulator 3///NODAL modulator 2///NODAL modulator 1
201955_at	0.0180759	4.40e-03	3.2569745	-2.37576	0.25243817	CCNC	cyclin C
205402_x_at	0.01808744	4.41e-03	-3.2564218	-2.37693	-0.31745589	PRSS2	protease, serine 2
205943_at	0.01808744	4.41e-03	-3.2562575	-2.37727	-0.15500648	TDO2	tryptophan 2,3-dioxygenase
204370_at	0.018093	4.41e-03	3.2557145	-2.37842	0.22601737	CLP1	cleavage and polyadenylation factor I subunit 1
33132_at	0.018093	4.41e-03	3.2556914	-2.37847	0.33081053	MIR6849///MIR1234///MIR939///CPSF1	microRNA 6849///microRNA 1234///microRNA 939///cleavage and polyadenylation specific factor 1
207121_s_at	0.0181093	4.42e-03	3.2550688	-2.37978	0.2628662	MAPK6	mitogen-activated protein kinase 6
206286_s_at	0.01814712	4.43e-03	-3.2539072	-2.38222	-0.14753806	TDGF1P3///TDGF1	teratocarcinoma-derived growth factor 1 pseudogene 3///teratocarcinoma-derived growth factor 1
209980_s_at	0.01815954	4.44e-03	3.2532815	-2.38354	0.27769023	MIR6778///SHMT1	microRNA 6778///serine hydroxymethyltransferase 1
205297_s_at	0.01815954	4.44e-03	-3.2531703	-2.38378	-1.03126345	CD79B	CD79b molecule
208563_x_at	0.01816176	4.44e-03	-3.2528114	-2.38453	-0.14816967	POU3F3	POU class 3 homeobox 3
204109_s_at	0.01816176	4.44e-03	3.2526895	-2.38479	0.25516333	NFYA	nuclear transcription factor Y subunit alpha
205081_at	0.01818402	4.45e-03	3.2519198	-2.38641	0.75220011	CRIP1	cysteine rich protein 1
210412_at	0.01818739	4.45e-03	-3.2516232	-2.38704	-0.14058972	GRIN2B	glutamate ionotropic receptor NMDA type subunit 2B
201131_s_at	0.0181949	4.46e-03	3.251223	-2.38788	0.81729113	CDH1	cadherin 1
202155_s_at	0.01820991	4.46e-03	-3.2505406	-2.38932	-0.1839539	NUP214	nucleoporin 214
218166_s_at	0.01820991	4.47e-03	3.2502675	-2.38989	0.22887214	RSF1	remodeling and spacing factor 1
219079_at	0.01820991	4.47e-03	3.2502117	-2.39001	0.228259	CYB5R4	cytochrome b5 reductase 4
204045_at	0.01823099	4.48e-03	3.2492456	-2.39205	0.20908209	TCEAL1	transcription elongation factor A like 1
208461_at	0.01823099	4.48e-03	3.2491258	-2.3923	0.12424811	HIC1	hypermethylated in cancer 1
205181_at	0.01823099	4.48e-03	3.24905	-2.39246	0.31147317	ZSCAN9	zinc finger and SCAN domain containing 9
206618_at	0.0182574	4.49e-03	-3.24818	-2.39429	-0.18658175	IL18R1	interleukin 18 receptor 1
204350_s_at	0.01826004	4.50e-03	3.2474169	-2.3959	0.17898895	MED7	mediator complex subunit 7
201115_at	0.01826004	4.50e-03	3.2473874	-2.39596	0.28407628	POLD2	DAN polymerase delta 2, accessory subunit
220380_at	0.01826004	4.50e-03	-3.2473152	-2.39611	-0.14437767	DNASE2B	deoxyribonuclease 2 beta
219697_at	0.01826004	4.50e-03	-3.2472687	-2.39621	-0.22104939	HS3ST2	heparan sulfate-glucosamine 3-sulfotransferase 2
35265_at	0.01831351	4.51e-03	3.2457273	-2.39946	0.15099659	FXR2	FMR1 autosomal homolog 2
208777_s_at	0.01832955	4.52e-03	3.2448611	-2.40128	0.20892539	PSMD11	proteasome 26S subunit, non-ATPase 11
204714_s_at	0.01832955	4.52e-03	-3.2448028	-2.4014	-0.14845834	F5	coagulation factor V
208300_at	0.01832955	4.52e-03	-3.2446959	-2.40163	-0.1422008	PTPRH	protein tyrosine phosphatase, receptor type H
210342_s_at	0.01833039	4.52e-03	-3.2444643	-2.40211	-0.15949725	TPO	thyroid peroxidase
207030_s_at	0.01833044	4.53e-03	-3.2442524	-2.40256	-0.12894098	CSRP2	cysteine and glycine rich protein 2
208828_at	0.01833284	4.53e-03	3.2439824	-2.40313	0.32813748	POLE3	DNA polymerase epsilon 3, accessory subunit
206892_at	0.0183676	4.54e-03	3.2429101	-2.40539	0.1359148	AMHR2	anti-Mullerian hormone receptor type 2
203981_s_at	0.0183842	4.55e-03	3.2422884	-2.4067	0.19806446	ABCD4	ATP binding cassette subfamily D member 4
206200_s_at	0.01843893	4.56e-03	3.2406726	-2.4101	0.21306701	ANXA11	annexin A11
214624_at	0.01843893	4.56e-03	-3.2405154	-2.41043	-0.13662145	UPK1A	uroplakin 1A
208358_s_at	0.01845261	4.57e-03	-3.2399677	-2.41158	-0.19232299	UGT8	UDP glycosyltransferase 8
206880_at	0.01852031	4.59e-03	-3.2380912	-2.41553	-0.1558229	P2RX6	purinergic receptor P2X 6
201282_at	0.01853062	4.59e-03	3.2376279	-2.41651	0.37694575	OGDH	oxoglutarate dehydrogenase
200679_x_at	0.01854071	4.60e-03	3.2371704	-2.41747	0.40671619	HMGB1	high mobility group box 1
207302_at	0.01855228	4.60e-03	-3.2366768	-2.41851	-0.14530464	SGCG	sarcoglycan gamma
206183_s_at	0.01858376	4.61e-03	3.2355377	-2.4209	0.15037062	LOC101929134///HERC3	uncharacterized LOC101929134///HECT and RLD domain containing E3 ubiquitin protein ligase 3
219429_at	0.01858376	4.62e-03	-3.2354858	-2.42101	-0.12412526	FA2H	fatty acid 2-hydroxylase
210116_at	0.01860389	4.62e-03	-3.2347836	-2.42249	-0.44694533	SH2D1A	SH2 domain containing 1A
208018_s_at	0.01860712	4.63e-03	-3.2344952	-2.4231	-0.35840067	HCK	HCK proto-oncogene, Src family tyrosine kinase
203562_at	0.01861065	4.63e-03	-3.2338182	-2.42452	-0.27434716	FEZ1	fasciculation and elongation protein zeta 1
217960_s_at	0.01861065	4.63e-03	3.2337532	-2.42466	0.36527711	TOMM22	translocase of outer mitochondrial membrane 22
205377_s_at	0.01861065	4.63e-03	-3.2336897	-2.42479	-0.14403279	ACHE	acetylcholinesterase (Cartwright blood group)
220540_at	0.01861065	4.63e-03	-3.2335721	-2.42504	-0.19001124	KCNK15	potassium two pore domain channel subfamily K member 15
215884_s_at	0.01862551	4.64e-03	3.2328639	-2.42653	0.36802509	UBQLN2	ubiquilin 2
221872_at	0.01862551	4.64e-03	3.2326167	-2.42705	0.23883927	RARRES1	retinoic acid receptor responder 1
202211_at	0.01862551	4.65e-03	3.2323951	-2.42752	0.16675316	ARFGAP3	ADP ribosylation factor GTPase activating protein 3
218617_at	0.01862551	4.65e-03	3.2323737	-2.42756	0.17628599	TRIT1	tRNA isopentenyltransferase 1
203911_at	0.0186314	4.65e-03	3.2320211	-2.4283	0.13073939	RAP1GAP	RAP1 GTPase activating protein
201195_s_at	0.01865361	4.66e-03	3.2311187	-2.4302	0.3970331	SLC7A5	solute carrier family 7 member 5
220177_s_at	0.01865361	4.66e-03	-3.2310621	-2.43032	-0.11469801	TMPRSS3	transmembrane protease, serine 3
218807_at	0.01870983	4.68e-03	3.2294837	-2.43364	0.31300249	VAV3	vav guanine nucleotide exchange factor 3
221150_at	0.01874556	4.69e-03	-3.2282227	-2.43629	-0.13193234	MEPE	matrix extracellular phosphoglycoprotein
208388_at	0.01874556	4.69e-03	-3.2281989	-2.43634	-0.17131184	NR2E3	nuclear receptor subfamily 2 group E member 3
204658_at	0.01879169	4.70e-03	3.2268717	-2.43913	0.28824241	TRA2A	transformer 2 alpha homolog
206593_s_at	0.01883118	4.72e-03	3.225708	-2.44158	0.17521949	MED22	mediator complex subunit 22
200992_at	0.01884938	4.72e-03	3.2249557	-2.44316	0.39357543	IPO7	importin 7
217732_s_at	0.01884938	4.72e-03	3.2248525	-2.44338	0.23415273	ITM2B	integral membrane protein 2B
205352_at	0.01885989	4.73e-03	3.2243909	-2.44435	0.21591338	SERPINI1	serpin family I member 1
203376_at	0.01893606	4.75e-03	3.2223481	-2.44864	0.23355189	CDC40	cell division cycle 40
207056_s_at	0.01896816	4.76e-03	-3.2213693	-2.4507	-0.13118041	SLC4A8	solute carrier family 4 member 8
217722_s_at	0.01897716	4.76e-03	3.2209456	-2.45159	0.30631313	NGRN	neugrin, neurite outgrowth associated
201486_at	0.01898205	4.77e-03	3.2204325	-2.45267	0.24388205	RCN2	reticulocalbin 2
220808_at	0.01898205	4.77e-03	-3.2203208	-2.45291	-0.12743588	THEG	theg spermatid protein
212491_s_at	0.01898205	4.77e-03	3.2201588	-2.45325	0.23138451	DNAJC8	DnaJ heat shock protein family (Hsp40) member C8
220059_at	0.01898205	4.77e-03	3.2199995	-2.45358	0.43009362	STAP1	signal transducing adaptor family member 1
219549_s_at	0.01898557	4.78e-03	3.2197082	-2.45419	0.40992465	RTN3	reticulon 3
206803_at	0.01914824	4.82e-03	-3.2156154	-2.46279	-0.12825009	PDYN	prodynorphin
207760_s_at	0.01914931	4.82e-03	3.2153832	-2.46328	0.22933665	NCOR2	nuclear receptor corepressor 2
220384_at	0.01915338	4.83e-03	-3.2150286	-2.46403	-0.13893487	NME8	NME/NM23 family member 8
218327_s_at	0.01915338	4.83e-03	3.214873	-2.46435	0.22114726	SNAP29	synaptosome associated protein 29
208775_at	0.01916653	4.83e-03	3.2143536	-2.46544	0.27842653	XPO1	exportin 1
202896_s_at	0.01916913	4.84e-03	-3.2140855	-2.46601	-0.16073682	SIRPA	signal regulatory protein alpha
204875_s_at	0.01920603	4.85e-03	3.2130031	-2.46828	0.3030092	GMDS	GDP-mannose 4,6-dehydratase
204091_at	0.0192333	4.86e-03	3.2121504	-2.47007	0.20790832	PDE6D	phosphodiesterase 6D
220807_at	0.01927119	4.87e-03	3.2108616	-2.47278	0.39618783	HBQ1	hemoglobin subunit theta 1
219716_at	0.01927119	4.87e-03	-3.2108414	-2.47282	-0.14226585	APOL6	apolipoprotein L6
218681_s_at	0.01927916	4.88e-03	-3.210244	-2.47408	-0.34570651	SDF2L1	stromal cell derived factor 2 like 1
210135_s_at	0.01927916	4.88e-03	-3.2100782	-2.47443	-0.13320464	SHOX2	short stature homeobox 2
221313_at	0.01927916	4.88e-03	-3.2100351	-2.47452	-0.13755468	GPR52	G protein-coupled receptor 52
203665_at	0.01931627	4.89e-03	-3.2088509	-2.477	-0.96456621	HMOX1	heme oxygenase 1
208852_s_at	0.01931627	4.89e-03	3.2087475	-2.47722	0.56464254	CANX	calnexin
221223_x_at	0.01933069	4.90e-03	3.208202	-2.47837	0.3698866	CISH	cytokine inducible SH2 containing protein
200002_at	0.0193358	4.90e-03	-3.207876	-2.47905	-0.2245184	RPL35	ribosomal protein L35
211790_s_at	0.01933779	4.91e-03	-3.2076238	-2.47958	-0.14039937	KMT2D	lysine methyltransferase 2D
204023_at	0.01934021	4.91e-03	3.2073615	-2.48013	0.37829989	RFC4	replication factor C subunit 4
212600_s_at	0.01934093	4.91e-03	3.2071392	-2.4806	0.23340194	UQCRC2	ubiquinol-cytochrome c reductase core protein II
220068_at	0.01935195	4.92e-03	-3.206577	-2.48178	-1.20729286	VPREB3	pre-B lymphocyte 3
216615_s_at	0.01935195	4.92e-03	-3.2064696	-2.482	-0.17333393	HTR3A	5-hydroxytryptamine receptor 3A
218768_at	0.01943028	4.94e-03	3.2044238	-2.4863	0.32070245	NUP107	nucleoporin 107
200665_s_at	0.01943701	4.95e-03	-3.203907	-2.48738	-0.48574937	SPARC	secreted protein acidic and cysteine rich
211429_s_at	0.01943701	4.95e-03	-3.2038561	-2.48749	-0.42984391	SERPINA1	serpin family A member 1
206621_s_at	0.01944167	4.95e-03	3.2034735	-2.48829	0.30105887	EIF4H	eukaryotic translation initiation factor 4H
33760_at	0.01944167	4.95e-03	3.2033376	-2.48858	0.11351056	PEX14	peroxisomal biogenesis factor 14
208901_s_at	0.01944327	4.96e-03	3.2030955	-2.48909	0.37913717	TOP1	topoisomerase (DNA) I
201051_at	0.01948079	4.97e-03	3.2020126	-2.49136	0.33289191	ANP32A	acidic nuclear phosphoprotein 32 family member A
208855_s_at	0.01958776	5.00e-03	3.1993121	-2.49703	0.30479275	STK24	serine/threonine kinase 24
203473_at	0.01964666	5.01e-03	-3.1977392	-2.50033	-0.26688499	SLCO2B1	solute carrier organic anion transporter family member 2B1
213741_s_at	0.01967305	5.02e-03	3.1967404	-2.50242	0.14940492	KPNA1	karyopherin subunit alpha 1
200609_s_at	0.01967305	5.03e-03	3.1967189	-2.50247	0.29988304	WDR1	WD repeat domain 1
202622_s_at	0.01968343	5.03e-03	3.1962744	-2.5034	0.18732336	ATXN2	ataxin 2
203136_at	0.01969208	5.03e-03	-3.19587	-2.50425	-0.37276401	RABAC1	Rab acceptor 1
211184_s_at	0.01970901	5.04e-03	-3.1952744	-2.5055	-0.10812283	USH1C	USH1 protein network component harmonin
203608_at	0.01980308	5.07e-03	3.1928997	-2.51048	0.38454911	ALDH5A1	aldehyde dehydrogenase 5 family member A1
220248_x_at	0.01980486	5.07e-03	3.1926549	-2.51099	0.23852104	NSFL1C	NSFL1 cofactor
206314_at	0.01981231	5.07e-03	3.1922799	-2.51178	0.3489351	ZKSCAN7	zinc finger with KRAB and SCAN domains 7
200087_s_at	0.01986177	5.09e-03	3.1909394	-2.51459	0.3530952	TMED2	transmembrane p24 trafficking protein 2
203893_at	0.01993092	5.11e-03	3.1891509	-2.51834	0.25826892	AK6	adenylate kinase 6
204743_at	0.01997725	5.12e-03	-3.1878887	-2.52098	-0.1363735	TAGLN3	transgelin 3
203654_s_at	0.01998947	5.13e-03	3.1874065	-2.52199	0.30913017	COIL	coilin
206726_at	0.0201241	5.17e-03	3.1841401	-2.52884	0.69126497	HPGDS	hematopoietic prostaglandin D synthase
203718_at	0.0201241	5.17e-03	3.1839383	-2.52926	0.25601061	PNPLA6	patatin like phospholipase domain containing 6
221746_at	0.02012491	5.17e-03	3.1835215	-2.53014	0.21488712	UBL4A	ubiquitin like 4A
200090_at	0.02012491	5.17e-03	3.1835141	-2.53015	0.31967144	FNTA	farnesyltransferase, CAAX box, alpha
203035_s_at	0.02012978	5.18e-03	3.1832008	-2.53081	0.15750942	PIAS3	protein inhibitor of activated STAT 3
220012_at	0.02022485	5.20e-03	-3.1808486	-2.53574	-0.25664692	ERO1B	endoplasmic reticulum oxidoreductase 1 beta
208673_s_at	0.02026685	5.22e-03	3.1795651	-2.53843	0.30422973	SRSF3	serine and arginine rich splicing factor 3
208568_at	0.02026685	5.22e-03	-3.1794967	-2.53857	-0.12998377	MC2R	melanocortin 2 receptor
208863_s_at	0.02026978	5.22e-03	3.1792282	-2.53913	0.40483169	SRSF1	serine and arginine rich splicing factor 1
219708_at	0.02027267	5.22e-03	3.1789606	-2.53969	0.20008721	NT5M	5',3'-nucleotidase, mitochondrial
218450_at	0.02031953	5.24e-03	3.1777049	-2.54232	0.3433254	HEBP1	heme binding protein 1
208155_x_at	0.02034496	5.25e-03	-3.1769319	-2.54394	-0.10914668	GAGE12D///GAGE12F///GAGE12H///GAGE12E///GAGE12B///GAGE12C///GAGE2D///GAGE12J///GAGE12G///GAGE13///GAGE12I///GAGE7///GAGE6///GAGE5///GAGE4///GAGE1	G antigen 12D///G antigen 12F///G antigen 12H///G antigen 12E///G antigen 12B///G antigen 12C///G antigen 2D///G antigen 12J///G antigen 12G///G antigen 13///G antigen 12I///G antigen 7///G antigen 6///G antigen 5///G antigen 4///G antigen 1
205094_at	0.02036442	5.26e-03	3.1760397	-2.54581	0.20428598	PEX12	peroxisomal biogenesis factor 12
204079_at	0.02036442	5.26e-03	3.1759743	-2.54595	0.23558578	TPST2	tyrosylprotein sulfotransferase 2
214086_s_at	0.02036442	5.26e-03	3.1757164	-2.54649	0.17397598	PARP2	poly(ADP-ribose) polymerase 2
209183_s_at	0.02036442	5.26e-03	-3.1756872	-2.54655	-0.96097785	C10orf10	chromosome 10 open reading frame 10
208691_at	0.02037904	5.27e-03	3.1751579	-2.54766	0.61876037	TFRC	transferrin receptor
203667_at	0.02045295	5.29e-03	3.1733038	-2.55154	0.24840095	TBCA	tubulin folding cofactor A
222239_s_at	0.02045304	5.29e-03	3.1731002	-2.55197	0.28436214	INTS6	integrator complex subunit 6
204541_at	0.02048971	5.30e-03	3.1720811	-2.5541	0.1660056	SEC14L2	SEC14 like lipid binding 2
208991_at	0.02049645	5.31e-03	3.1717293	-2.55484	0.34439746	STAT3	signal transducer and activator of transcription 3
209625_at	0.02051461	5.32e-03	3.1711237	-2.55611	0.15634747	PIGH	phosphatidylinositol glycan anchor biosynthesis class H
209451_at	0.02056301	5.33e-03	3.1698467	-2.55878	0.23299133	TANK	TRAF family member associated NFKB activator
202205_at	0.02061474	5.35e-03	3.1684983	-2.5616	0.25294716	VASP	vasodilator-stimulated phosphoprotein
213951_s_at	0.02061568	5.35e-03	3.1682763	-2.56207	0.1316652	PSMC3IP	PSMC3 interacting protein
209340_at	0.02062295	5.35e-03	3.1679142	-2.56282	0.23283888	UAP1	UDP-N-acetylglucosamine pyrophosphorylase 1
206711_at	0.02065518	5.36e-03	-3.1670003	-2.56474	-0.14899327	TMEM257	transmembrane protein 257
213857_s_at	0.02065921	5.37e-03	3.1667103	-2.56534	0.35792293	CD47	CD47 molecule
205990_s_at	0.02071789	5.38e-03	-3.1652145	-2.56847	-0.13628211	WNT5A	Wnt family member 5A
213598_at	0.02075108	5.40e-03	3.1642828	-2.57042	0.28142736		
205062_x_at	0.02094678	5.45e-03	3.1597958	-2.57981	0.18746909	ARID4A	AT-rich interaction domain 4A
210133_at	0.02094942	5.45e-03	-3.1595376	-2.58035	-0.122012	CCL11	C-C motif chemokine ligand 11
206374_at	0.02097534	5.46e-03	-3.1587639	-2.58197	-0.11411006	LOC101927562///DUSP8	uncharacterized LOC101927562///dual specificity phosphatase 8
220056_at	0.02097534	5.46e-03	-3.1585375	-2.58244	-0.10236757	IL22RA1	interleukin 22 receptor subunit alpha 1
218190_s_at	0.02097534	5.47e-03	3.1582875	-2.58296	0.22597927	UQCR10	ubiquinol-cytochrome c reductase, complex III subunit X
200052_s_at	0.02097534	5.47e-03	3.1581331	-2.58329	0.34059916	ILF2	interleukin enhancer binding factor 2
201705_at	0.02097534	5.47e-03	3.1579168	-2.58374	0.31917977	PSMD7	proteasome 26S subunit, non-ATPase 7
208460_at	0.02097534	5.47e-03	-3.1577704	-2.58405	-0.11879733	GJC1	gap junction protein gamma 1
221216_s_at	0.02100148	5.48e-03	-3.1569324	-2.5858	-0.2238081	SCMH1	sex comb on midleg homolog 1 (Drosophila)
201321_s_at	0.02100148	5.48e-03	3.1568016	-2.58607	0.2762045	SMARCC2	SWI/SNF related, matrix associated, actin dependent regulator of chromatin subfamily c member 2
202212_at	0.02107595	5.51e-03	3.1549847	-2.58987	0.20813193	PES1	pescadillo ribosomal biogenesis factor 1
203848_at	0.0210936	5.51e-03	3.1544026	-2.59109	0.15000042	AKAP8	A-kinase anchoring protein 8
208190_s_at	0.02109661	5.52e-03	-3.1541376	-2.59164	-0.14639493	LSR	lipolysis stimulated lipoprotein receptor
204753_s_at	0.02112594	5.53e-03	-3.1533032	-2.59339	-0.34689339	HLF	HLF, PAR bZIP transcription factor
210947_s_at	0.02113651	5.53e-03	3.1528751	-2.59428	0.17027604	MSH3	mutS homolog 3
221460_at	0.02118062	5.55e-03	-3.1515628	-2.59702	-0.12047984	OR2C1	olfactory receptor family 2 subfamily C member 1
220929_at	0.02118062	5.55e-03	-3.1515237	-2.5971	-0.14617586	GALNT8	polypeptide N-acetylgalactosaminyltransferase 8
214375_at	0.02118935	5.55e-03	-3.1509682	-2.59827	-0.18093239	PPFIBP1	PPFIA binding protein 1
205863_at	0.02118935	5.56e-03	-3.1509369	-2.59833	-0.98520891	S100A12	S100 calcium binding protein A12
203167_at	0.02125858	5.58e-03	-3.1492472	-2.60186	-0.21209757	TIMP2	TIMP metallopeptidase inhibitor 2
209123_at	0.02125925	5.58e-03	3.1490337	-2.60231	0.26414681	QDPR	quinoid dihydropteridine reductase
210189_at	0.02132935	5.60e-03	-3.1473305	-2.60587	-0.16739029	HSPA1L	heat shock protein family A (Hsp70) member 1 like
205335_s_at	0.02135436	5.61e-03	3.146596	-2.6074	0.32626702	SRP19	signal recognition particle 19
219920_s_at	0.02138808	5.62e-03	-3.1456759	-2.60932	-0.18137331	AMIGO3///GMPPB	adhesion molecule with Ig like domain 3///GDP-mannose pyrophosphorylase B
201995_at	0.0213883	5.62e-03	3.1454725	-2.60975	0.13600097	EXT1	exostosin glycosyltransferase 1
201260_s_at	0.02139813	5.63e-03	3.1450638	-2.6106	0.20658849	SYPL1	synaptophysin like 1
203823_at	0.0214274	5.64e-03	-3.1442403	-2.61232	-0.22698971	RGS3	regulator of G-protein signaling 3
210894_s_at	0.0214416	5.64e-03	3.1437018	-2.61345	0.11185952	CEP250	centrosomal protein 250
206121_at	0.0214416	5.65e-03	-3.1435406	-2.61378	-0.11819987	AMPD1	adenosine monophosphate deaminase 1
207034_s_at	0.02144483	5.65e-03	3.1431784	-2.61454	0.17170318	GLI2	GLI family zinc finger 2
218866_s_at	0.02144483	5.65e-03	3.1430357	-2.61484	0.25131147	POLR3K	RNA polymerase III subunit K
211528_x_at	0.02144483	5.65e-03	-3.1428768	-2.61517	-0.3647431	HLA-G	major histocompatibility complex, class I, G
218350_s_at	0.02145407	5.66e-03	3.1424817	-2.616	0.40157424	GMNN	geminin, DNA replication inhibitor
210053_at	0.02146478	5.67e-03	3.1419902	-2.61702	0.24106944	TAF5	TATA-box binding protein associated factor 5
202778_s_at	0.02146478	5.67e-03	3.1418575	-2.6173	0.26792189	ZMYM2	zinc finger MYM-type containing 2
204647_at	0.02148423	5.68e-03	-3.1409469	-2.6192	-0.18515156	HOMER3	homer scaffolding protein 3
210825_s_at	0.02148423	5.68e-03	3.1408367	-2.61943	0.40550231	PEBP1	phosphatidylethanolamine binding protein 1
203859_s_at	0.02148423	5.68e-03	3.1407505	-2.61961	0.21759187	PALM	paralemmin
209074_s_at	0.02148423	5.68e-03	-3.1406524	-2.61982	-0.18456247	FAM107A	family with sequence similarity 107 member A
201089_at	0.02148649	5.69e-03	3.1402461	-2.62066	0.31927699	ATP6V1B2	ATPase H+ transporting V1 subunit B2
219862_s_at	0.02148649	5.69e-03	3.1402091	-2.62074	0.31306928	NARF	nuclear prelamin A recognition factor
201891_s_at	0.02153555	5.70e-03	-3.1389692	-2.62333	-0.35704305	B2M	beta-2-microglobulin
218508_at	0.02159503	5.72e-03	3.1375109	-2.62637	0.20656236	DCP1A	decapping mRNA 1A
204655_at	0.02160609	5.73e-03	3.1370797	-2.62727	0.25051798	CCL5	C-C motif chemokine ligand 5
221162_at	0.02163756	5.74e-03	-3.1362169	-2.62908	-0.13982659	HHLA1	HERV-H LTR-associating 1
218803_at	0.02164908	5.74e-03	3.1357764	-2.62999	0.17259204	CHFR	checkpoint with forkhead and ring finger domains, E3 ubiquitin protein ligase
208126_s_at	0.02168805	5.76e-03	-3.1347571	-2.63212	-0.124701	CYP2C18	cytochrome P450 family 2 subfamily C member 18
208161_s_at	0.02169521	5.76e-03	-3.1344092	-2.63285	-0.15446477	ABCC3	ATP binding cassette subfamily C member 3
201030_x_at	0.02173364	5.77e-03	3.1334031	-2.63495	0.27939049	LDHB	lactate dehydrogenase B
207186_s_at	0.02175428	5.78e-03	-3.1326905	-2.63643	-0.40343618	BPTF	bromodomain PHD finger transcription factor
213878_at	0.02175428	5.78e-03	3.1325755	-2.63667	0.32170628	PYROXD1	pyridine nucleotide-disulphide oxidoreductase domain 1
205648_at	0.02175497	5.79e-03	-3.1323644	-2.63712	-0.11631599	WNT2	Wnt family member 2
204664_at	0.02178408	5.80e-03	-3.1315562	-2.6388	-0.15080586	ALPP	alkaline phosphatase, placental
219613_s_at	0.02186682	5.82e-03	3.129626	-2.64283	0.11691212	SIRT6	sirtuin 6
202850_at	0.02187779	5.83e-03	3.1292003	-2.64372	0.27516272	ABCD3	ATP binding cassette subfamily D member 3
205072_s_at	0.02194234	5.85e-03	3.1276563	-2.64694	0.19681663	XRCC4	X-ray repair cross complementing 4
209814_at	0.02195378	5.85e-03	3.1272217	-2.64784	0.24886358	ZNF330	zinc finger protein 330
217912_at	0.02196842	5.86e-03	3.1267205	-2.64889	0.16568293	DUS1L	dihydrouridine synthase 1 like
200738_s_at	0.02201255	5.87e-03	3.1255048	-2.65142	0.26659139	PGK1	phosphoglycerate kinase 1
202135_s_at	0.02201255	5.88e-03	3.1253303	-2.65179	0.13092635	ACTR1B	ARP1 actin-related protein 1 homolog B, centractin beta
207341_at	0.02201255	5.88e-03	-3.1252144	-2.65203	-1.54170656	PRTN3	proteinase 3
205222_at	0.02203	5.88e-03	3.1246561	-2.65319	0.20993492	EHHADH	enoyl-CoA, hydratase/3-hydroxyacyl CoA dehydrogenase
218005_at	0.02207494	5.90e-03	3.123528	-2.65555	0.34403262	ZNF22	zinc finger protein 22
209732_at	0.02207904	5.90e-03	3.1232473	-2.65613	0.29719861	CLEC2B	C-type lectin domain family 2 member B
208389_s_at	0.02209194	5.91e-03	-3.1227786	-2.65711	-0.12944265	SLC1A2	solute carrier family 1 member 2
202217_at	0.02209194	5.91e-03	3.1225574	-2.65757	0.27306917	C21orf33	chromosome 21 open reading frame 33
221517_s_at	0.02209194	5.91e-03	3.1223933	-2.65791	0.32652292	MED17	mediator complex subunit 17
33814_at	0.02209429	5.92e-03	3.1221493	-2.65842	0.13260444	PAK4	p21 (RAC1) activated kinase 4
216343_at	0.02218708	5.94e-03	-3.1200365	-2.66282	-0.12151785		
205563_at	0.02224243	5.96e-03	-3.118701	-2.66561	-0.1010189	KISS1	KiSS-1 metastasis-suppressor
207099_s_at	0.02225709	5.97e-03	-3.1182043	-2.66664	-0.09976757	CHM	CHM, Rab escort protein 1
204908_s_at	0.022273	5.98e-03	-3.1174786	-2.66816	-0.35143691	MIR8085///BCL3	microRNA 8085///B-cell CLL/lymphoma 3
205249_at	0.022273	5.98e-03	-3.1173357	-2.66845	-0.10749921	EGR2	early growth response 2
206805_at	0.022273	5.98e-03	-3.1172923	-2.66854	-0.14562453	SEMA3A	semaphorin 3A
213044_at	0.02228841	5.99e-03	3.1167809	-2.66961	0.25977949	ROCK1	Rho associated coiled-coil containing protein kinase 1
205194_at	0.02230126	5.99e-03	3.1163222	-2.67056	0.17161269	PSPH	phosphoserine phosphatase
205309_at	0.02233245	6.00e-03	3.1154879	-2.6723	0.20586131	SMPDL3B	sphingomyelin phosphodiesterase acid like 3B
204537_s_at	0.02233462	6.01e-03	-3.1152487	-2.6728	-0.12078185	MIR452///MIR224///GABRE	microRNA 452///microRNA 224///gamma-aminobutyric acid type A receptor epsilon subunit
207723_s_at	0.02233911	6.01e-03	-3.1149622	-2.6734	-0.13255911	KLRC3	killer cell lectin like receptor C3
201956_s_at	0.02239949	6.03e-03	3.1135323	-2.67638	0.24987398	GNPAT	glyceronephosphate O-acyltransferase
208492_at	0.02243467	6.04e-03	3.112448	-2.67864	0.20167737	RFXAP	regulatory factor X associated protein
220573_at	0.02243467	6.04e-03	-3.1124251	-2.67868	-0.11022746	KLK14	kallikrein related peptidase 14
216910_at	0.0224364	6.05e-03	-3.1121957	-2.67916	-0.1400373	XPNPEP2	X-prolyl aminopeptidase 2
208573_s_at	0.02243904	6.05e-03	-3.1119476	-2.67968	-0.13960056	OR2H2	olfactory receptor family 2 subfamily H member 2
209943_at	0.02244354	6.05e-03	3.1116616	-2.68027	0.19438602	FBXL4	F-box and leucine rich repeat protein 4
208822_s_at	0.0225433	6.08e-03	3.1094371	-2.68491	0.25608899	DAP3	death associated protein 3
211367_s_at	0.02256081	6.09e-03	-3.1087709	-2.68629	-0.3859121	CASP1	caspase 1
205737_at	0.02256081	6.09e-03	-3.108637	-2.68657	-0.11613796	KCNQ2	potassium voltage-gated channel subfamily Q member 2
200948_at	0.02256081	6.10e-03	3.1085001	-2.68686	0.33056121	MLF2	myeloid leukemia factor 2
202567_at	0.02257307	6.10e-03	3.1080575	-2.68778	0.28951954	SNRPD3	small nuclear ribonucleoprotein D3 polypeptide
208894_at	0.02257426	6.10e-03	-3.1078399	-2.68823	-0.42260439	HLA-DRA	major histocompatibility complex, class II, DR alpha
220938_s_at	0.02258512	6.11e-03	-3.1074261	-2.68909	-0.12441241	GMEB1	glucocorticoid modulatory element binding protein 1
221261_x_at	0.02259204	6.12e-03	-3.106971	-2.69004	-0.28746894	SNORA11E///SNORA11D///MAGED4///MAGED4B	small nucleolar RNA, H/ACA box 11E///small nucleolar RNA, H/ACA box 11D///MAGE family member D4///MAGE family member D4B
221211_s_at	0.02259204	6.12e-03	-3.1068989	-2.69019	-0.2231586	MAP3K7CL	MAP3K7 C-terminal like
204850_s_at	0.02264396	6.13e-03	-3.1056544	-2.69278	-0.15758475	DCX	doublecortin
209945_s_at	0.02265954	6.14e-03	-3.1051463	-2.69384	-0.21981899	GSK3B	glycogen synthase kinase 3 beta
219896_at	0.02267492	6.15e-03	-3.1045982	-2.69498	-0.14017336	CALY	calcyon neuron specific vesicular protein
203564_at	0.02267492	6.15e-03	3.1044492	-2.69529	0.22261349	FANCG	Fanconi anemia complementation group G
211827_s_at	0.02268216	6.15e-03	-3.1041099	-2.696	-0.13862697	KCND3	potassium voltage-gated channel subfamily D member 3
206157_at	0.02279556	6.19e-03	3.1016329	-2.70115	0.29539668	PTX3	pentraxin 3
210213_s_at	0.02281443	6.20e-03	3.101061	-2.70234	0.21717224	EIF6	eukaryotic translation initiation factor 6
203741_s_at	0.02282241	6.20e-03	3.1007081	-2.70308	0.31669941	ADCY7	adenylate cyclase 7
218599_at	0.02299855	6.25e-03	3.0967815	-2.71124	0.2443604	REC8	REC8 meiotic recombination protein
204453_at	0.02299855	6.25e-03	3.0967728	-2.71126	0.21302929	ZNF84	zinc finger protein 84
218273_s_at	0.02299855	6.26e-03	-3.096608	-2.7116	-0.15448997	PDP1	pyruvate dehyrogenase phosphatase catalytic subunit 1
210878_s_at	0.02302972	6.27e-03	3.0957951	-2.7133	0.39030408	KDM3B	lysine demethylase 3B
216305_s_at	0.02306934	6.28e-03	3.0948149	-2.71533	0.19889071	GCFC2	GC-rich sequence DNA-binding factor 2
206666_at	0.02310578	6.29e-03	-3.0938995	-2.71724	-0.12916246	GZMK	granzyme K
204243_at	0.02312499	6.30e-03	3.0933262	-2.71843	0.22005569	RLF	rearranged L-myc fusion
206511_s_at	0.02314551	6.31e-03	-3.0927276	-2.71967	-0.12619123	SIX2	SIX homeobox 2
209724_s_at	0.02324394	6.34e-03	3.0905906	-2.72412	0.18478759	ZBTB14	zinc finger and BTB domain containing 14
205131_x_at	0.0232645	6.35e-03	-3.0899017	-2.72555	-0.47557652	CLEC11A	C-type lectin domain family 11 member A
219329_s_at	0.0232645	6.35e-03	3.0898013	-2.72576	0.19155806	ATRAID	all-trans retinoic acid induced differentiation factor
203663_s_at	0.02326609	6.35e-03	3.0895781	-2.72622	0.24935849	COX5A	cytochrome c oxidase subunit 5A
220971_at	0.02333153	6.37e-03	-3.0880987	-2.7293	-0.09973151	IL25	interleukin 25
208192_at	0.02334545	6.38e-03	-3.0876336	-2.73026	-0.11554976		
204776_at	0.02334861	6.38e-03	-3.0873799	-2.73079	-0.14858713	THBS4	thrombospondin 4
39248_at	0.02337285	6.39e-03	3.0867124	-2.73218	0.28611582	AQP3	aquaporin 3 (Gill blood group)
209008_x_at	0.02341578	6.41e-03	-3.0856797	-2.73432	-0.12855627	KRT8	keratin 8
217057_s_at	0.02341806	6.41e-03	-3.0851451	-2.73543	-0.23456956	GNAS	GNAS complex locus
205154_at	0.02341806	6.42e-03	-3.0850538	-2.73562	-0.15833322	LRRN2	leucine rich repeat neuronal 2
219466_s_at	0.02341806	6.42e-03	-3.0850304	-2.73567	-0.16553606	APOA2	apolipoprotein A2
206820_at	0.02341806	6.42e-03	-3.0848694	-2.73601	-0.13390669	AGFG2	ArfGAP with FG repeats 2
203434_s_at	0.02342648	6.42e-03	-3.0845017	-2.73677	-0.64635097	MME	membrane metallo-endopeptidase
221399_at	0.02342648	6.43e-03	-3.0842159	-2.73736	-0.15310654	EDA2R	ectodysplasin A2 receptor
218440_at	0.02342648	6.43e-03	3.0841311	-2.73754	0.23435382	MCCC1	methylcrotonoyl-CoA carboxylase 1
205359_at	0.02343902	6.43e-03	-3.0836949	-2.73845	-0.12872683	AKAP6	A-kinase anchoring protein 6
216942_s_at	0.02346023	6.44e-03	3.0830893	-2.7397	0.22173993	CD58	CD58 molecule
204319_s_at	0.02346748	6.45e-03	3.0827567	-2.74039	0.37350468	RGS10	regulator of G-protein signaling 10
206709_x_at	0.02352466	6.47e-03	3.0814502	-2.74311	0.15181501	GPT	glutamic--pyruvic transaminase
200804_at	0.02355342	6.48e-03	3.0806993	-2.74467	0.25618867	TMBIM6	transmembrane BAX inhibitor motif containing 6
221114_at	0.02359419	6.49e-03	-3.0797155	-2.74671	-0.16160443	AMBN	ameloblastin
209146_at	0.02359785	6.49e-03	3.0794539	-2.74725	0.47728093	MSMO1	methylsterol monooxygenase 1
201141_at	0.02359852	6.50e-03	-3.0792503	-2.74768	-0.50564405	GPNMB	glycoprotein nmb
208182_x_at	0.02363015	6.51e-03	3.0784457	-2.74935	0.15039875	IFNA14	interferon alpha 14
208510_s_at	0.0236334	6.51e-03	-3.0781924	-2.74987	-0.14202792	PPARG	peroxisome proliferator activated receptor gamma
205846_at	0.02363894	6.52e-03	-3.0778647	-2.75055	-0.15695016	PTPRB	protein tyrosine phosphatase, receptor type B
205672_at	0.02363894	6.52e-03	-3.0777043	-2.75089	-0.19711904	XPA	XPA, DNA damage recognition and repair factor
208123_at	0.02366076	6.53e-03	-3.0770912	-2.75216	-0.1364939	KCNB2	potassium voltage-gated channel subfamily B member 2
201899_s_at	0.02368637	6.54e-03	3.076405	-2.75358	0.2672211	UBE2A	ubiquitin conjugating enzyme E2 A
221084_at	0.02371472	6.55e-03	-3.0754892	-2.75549	-0.10563542	HTR3B	5-hydroxytryptamine receptor 3B
203536_s_at	0.02371472	6.55e-03	3.0754764	-2.75551	0.2244934	CIAO1	cytosolic iron-sulfur assembly component 1
201225_s_at	0.02376316	6.57e-03	3.0741245	-2.75832	0.40186613	SRRM1	serine and arginine repetitive matrix 1
205235_s_at	0.02376316	6.57e-03	3.0740266	-2.75852	0.25099515	KIF20B	kinesin family member 20B
201692_at	0.02376316	6.57e-03	3.0739714	-2.75864	0.28572829	SIGMAR1	sigma non-opioid intracellular receptor 1
206749_at	0.02377888	6.58e-03	-3.0734784	-2.75966	-0.1421329	CD1B	CD1b molecule
49679_s_at	0.02381638	6.59e-03	3.072566	-2.76155	0.11739202	MMP24-AS1	MMP24 antisense RNA 1
205554_s_at	0.02382725	6.60e-03	-3.0721671	-2.76238	-0.18749078	DNASE1L3	deoxyribonuclease 1 like 3
208168_s_at	0.02394489	6.63e-03	-3.0697081	-2.76748	-0.15456033	CHIT1	chitinase 1
210546_x_at	0.02394489	6.64e-03	-3.0695289	-2.76785	-0.12475991	CTAG1A///CTAG1B	cancer/testis antigen 1A///cancer/testis antigen 1B
209100_at	0.02396316	6.64e-03	3.0689897	-2.76897	0.23530759	IFRD2	interferon related developmental regulator 2
204381_at	0.02397227	6.65e-03	-3.0686261	-2.76973	-0.17823296	LRP3	LDL receptor related protein 3
219386_s_at	0.02408606	6.68e-03	-3.0662639	-2.77463	-0.12478781	SLAMF8	SLAM family member 8
221601_s_at	0.02416268	6.71e-03	-3.0646174	-2.77804	-0.67622277	FCMR	Fc fragment of IgM receptor
201522_x_at	0.02420316	6.72e-03	3.06366	-2.78003	0.27387254	SNURF///SNRPN	SNRPN upstream reading frame///small nuclear ribonucleoprotein polypeptide N
200058_s_at	0.02420686	6.73e-03	3.063401	-2.78056	0.23519503	LOC101929240///SNRNP200	U5 small nuclear ribonucleoprotein 200 kDa helicase pseudogene///small nuclear ribonucleoprotein U5 subunit 200
209418_s_at	0.02422093	6.73e-03	3.0628903	-2.78162	0.14474442	THOC5	THO complex 5
221156_x_at	0.02422093	6.74e-03	3.0627566	-2.7819	0.19583648	CCPG1	cell cycle progression 1
220832_at	0.02426062	6.75e-03	-3.0616532	-2.78419	-0.16059003	TLR8	toll like receptor 8
207052_at	0.02426062	6.75e-03	-3.0616278	-2.78424	-0.12258748	HAVCR1	hepatitis A virus cellular receptor 1
207042_at	0.02427842	6.76e-03	-3.0611025	-2.78533	-0.14967734	E2F2	E2F transcription factor 2
203034_s_at	0.02431237	6.77e-03	-3.0602725	-2.78705	-0.33580867	SNORA3A///RPL27A	small nucleolar RNA, H/ACA box 3A///ribosomal protein L27a
208811_s_at	0.02431627	6.78e-03	3.0600105	-2.78759	0.40050849	TMEM135///DNAJB6	transmembrane protein 135///DnaJ heat shock protein family (Hsp40) member B6
201695_s_at	0.02433019	6.78e-03	3.0595595	-2.78853	0.32453504	PNP	purine nucleoside phosphorylase
218101_s_at	0.02436816	6.80e-03	3.0586553	-2.7904	0.27235054	NDUFC2-KCTD14///NDUFC2	NDUFC2-KCTD14 readthrough///NADH:ubiquinone oxidoreductase subunit C2
208659_at	0.02438449	6.80e-03	3.0581594	-2.79143	0.22805149	CLIC1	chloride intracellular channel 1
203759_at	0.02438682	6.81e-03	3.0577646	-2.79225	0.21195605	ST3GAL4	ST3 beta-galactoside alpha-2,3-sialyltransferase 4
205841_at	0.02438682	6.81e-03	3.0577395	-2.7923	0.22063042	JAK2	Janus kinase 2
207919_at	0.02442102	6.82e-03	-3.0567918	-2.79426	-0.11535056	ART1	ADP-ribosyltransferase 1
208724_s_at	0.02442102	6.82e-03	3.0567201	-2.79441	0.21810679	RAB1A	RAB1A, member RAS oncogene family
208053_at	0.02448968	6.85e-03	-3.0552384	-2.79748	-0.12705663	GUCY2F	guanylate cyclase 2F, retinal
210428_s_at	0.02448968	6.85e-03	3.055055	-2.79786	0.24465181	HGS	hepatocyte growth factor-regulated tyrosine kinase substrate
206917_at	0.02448968	6.85e-03	3.0548675	-2.79825	0.25706152	GNA13	G protein subunit alpha 13
208007_at	0.02452946	6.87e-03	-3.0539347	-2.80018	-0.12083848		
206170_at	0.02457045	6.88e-03	-3.0528171	-2.8025	-0.28975474	ADRB2	adrenoceptor beta 2
218203_at	0.02457045	6.88e-03	3.0527928	-2.80255	0.30941933	ALG5	ALG5, dolichyl-phosphate beta-glucosyltransferase
200097_s_at	0.0245726	6.89e-03	3.0524423	-2.80327	0.26717534	HNRNPK	heterogeneous nuclear ribonucleoprotein K
200910_at	0.0245726	6.89e-03	3.0523778	-2.80341	0.33545721	LOC101927137///CCT3	uncharacterized LOC101927137///chaperonin containing TCP1 subunit 3
221066_at	0.02461338	6.90e-03	-3.051429	-2.80537	-0.12095629	RXFP3	relaxin/insulin like family peptide receptor 3
217061_s_at	0.02463769	6.91e-03	-3.0507661	-2.80674	-0.10566728	ETV1	ETS variant 1
204835_at	0.02463769	6.92e-03	3.0506013	-2.80708	0.23068178	POLA1	DNA polymerase alpha 1, catalytic subunit
202361_at	0.0246418	6.92e-03	3.0503375	-2.80763	0.16489741	SEC24C	SEC24 homolog C, COPII coat complex component
210942_s_at	0.02465219	6.93e-03	-3.0499569	-2.80842	-0.28921573	ST3GAL6	ST3 beta-galactoside alpha-2,3-sialyltransferase 6
205338_s_at	0.02466661	6.93e-03	-3.0495014	-2.80936	-0.10314125	DCT	dopachrome tautomerase
217829_s_at	0.02469103	6.95e-03	3.0485255	-2.81138	0.23151158	USP39	ubiquitin specific peptidase 39
207899_at	0.02469103	6.95e-03	-3.0483707	-2.8117	-0.13076912	GIP	gastric inhibitory polypeptide
203550_s_at	0.02469103	6.95e-03	3.0483237	-2.8118	0.17557158	FAM189B	family with sequence similarity 189 member B
206248_at	0.02469103	6.95e-03	-3.0483	-2.81185	-0.10971404	PRKCE	protein kinase C epsilon
201939_at	0.02470599	6.96e-03	-3.0477142	-2.81306	-0.16446295	PLK2	polo like kinase 2
209529_at	0.02470599	6.96e-03	-3.0476486	-2.8132	-0.114292	PLPP2	phospholipid phosphatase 2
217819_at	0.02470999	6.96e-03	3.047388	-2.81374	0.25417848	GOLGA7	golgin A7
213874_at	0.02471766	6.97e-03	-3.0470589	-2.81442	-0.11849451	SERPINA4	serpin family A member 4
209829_at	0.02471984	6.97e-03	3.0468322	-2.81489	0.29024522	FAM65B	family with sequence similarity 65 member B
205455_at	0.02471996	6.98e-03	-3.0466437	-2.81528	-0.13096313	MST1R	macrophage stimulating 1 receptor
202306_at	0.02476676	6.99e-03	3.0455887	-2.81746	0.19699224	POLR2G	RNA polymerase II subunit G
203810_at	0.02477694	7.00e-03	3.0452138	-2.81824	0.24340875	DNAJB4	DnaJ heat shock protein family (Hsp40) member B4
217149_x_at	0.02481339	7.01e-03	-3.0443523	-2.82002	-0.11716166	TNK1	tyrosine kinase non receptor 1
206770_s_at	0.02490145	7.04e-03	3.0425386	-2.82377	0.21089637	SLC35A3	solute carrier family 35 member A3
209444_at	0.02495	7.06e-03	3.0413179	-2.8263	0.27132323	RAP1GDS1	Rap1 GTPase-GDP dissociation stimulator 1
205471_s_at	0.02495	7.06e-03	-3.0412718	-2.82639	-0.27625201	DACH1	dachshund family transcription factor 1
212878_s_at	0.0250687	7.10e-03	3.0386681	-2.83178	0.26383018	KLC1	kinesin light chain 1
202597_at	0.0250687	7.10e-03	3.0385974	-2.83193	0.19035666	IRF6	interferon regulatory factor 6
204134_at	0.0250687	7.10e-03	-3.0385334	-2.83206	-0.10713311	PDE2A	phosphodiesterase 2A
201371_s_at	0.02517493	7.13e-03	3.036404	-2.83646	0.25809328	CUL3	cullin 3
204441_s_at	0.02520468	7.14e-03	3.0356756	-2.83797	0.21011777	POLA2	DNA polymerase alpha 2, accessory subunit
207776_s_at	0.02526432	7.16e-03	3.0344036	-2.8406	0.17252814	CACNB2	calcium voltage-gated channel auxiliary subunit beta 2
201903_at	0.02531045	7.18e-03	3.0332938	-2.84289	0.36975539	UQCRC1	ubiquinol-cytochrome c reductase core protein I
209666_s_at	0.02531045	7.18e-03	3.0331633	-2.84316	0.17362931	CHUK	conserved helix-loop-helix ubiquitous kinase
209477_at	0.02531045	7.19e-03	3.033009	-2.84348	0.15201604	EMD	emerin
204965_at	0.02531089	7.19e-03	-3.0328159	-2.84388	-0.14617444	GC	GC, vitamin D binding protein
209339_at	0.02533015	7.20e-03	3.0322811	-2.84499	0.36600535	SIAH2	siah E3 ubiquitin protein ligase 2
216092_s_at	0.02534231	7.21e-03	-3.0316937	-2.8462	-0.17104475	SLC7A8	solute carrier family 7 member 8
214183_s_at	0.02534231	7.21e-03	-3.0316904	-2.84621	-0.11517899	TKTL1	transketolase like 1
219883_at	0.02535227	7.22e-03	-3.0310283	-2.84758	-0.10782359	TEX40	testis expressed 40
202911_at	0.02535227	7.22e-03	3.0309975	-2.84764	0.37335881	MSH6	mutS homolog 6
210639_s_at	0.02535227	7.22e-03	3.0309554	-2.84773	0.25071552	ATG5	autophagy related 5
218502_s_at	0.02538322	7.23e-03	3.0302097	-2.84927	0.19139075	TRPS1	transcriptional repressor GATA binding 1
221001_at	0.02541865	7.24e-03	-3.0293837	-2.85097	-0.12262367		
206332_s_at	0.02543801	7.25e-03	-3.028849	-2.85208	-0.33931085	IFI16	interferon gamma inducible protein 16
200830_at	0.0255262	7.28e-03	3.0270728	-2.85575	0.26055831	PSMD2	proteasome 26S subunit, non-ATPase 2
202395_at	0.02561193	7.31e-03	3.0249389	-2.86016	0.21858681	LOC101930324///NSF	uncharacterized LOC101930324///N-ethylmaleimide sensitive factor, vesicle fusing ATPase
214446_at	0.02561193	7.31e-03	3.0248558	-2.86033	0.20863102	ELL2	elongation factor for RNA polymerase II 2
203477_at	0.02561193	7.32e-03	-3.0247976	-2.86045	-0.14215419	COL15A1	collagen type XV alpha 1 chain
221576_at	0.02561193	7.32e-03	-3.0247932	-2.86046	-0.1255175	GDF15	growth differentiation factor 15
203507_at	0.02562684	7.32e-03	-3.0243414	-2.86139	-0.17990573	LOC101928634///SNORA67///CD68	uncharacterized LOC101928634///small nucleolar RNA, H/ACA box 67///CD68 molecule
209645_s_at	0.02567023	7.34e-03	3.0233792	-2.86338	0.18222648	ALDH1B1	aldehyde dehydrogenase 1 family member B1
209494_s_at	0.02572086	7.36e-03	3.0222886	-2.86563	0.17377827	PATZ1	POZ/BTB and AT hook containing zinc finger 1
208887_at	0.02576432	7.37e-03	-3.0213279	-2.86761	-0.16829014	EIF3G	eukaryotic translation initiation factor 3 subunit G
201092_at	0.02580411	7.38e-03	3.020434	-2.86946	0.30182721	RBBP7	RB binding protein 7, chromatin remodeling factor
203889_at	0.02580508	7.39e-03	-3.020101	-2.87015	-0.12729094	SCG5	secretogranin V
219788_at	0.02580508	7.39e-03	-3.0200492	-2.87025	-0.18540179	PILRA	paired immunoglobin like type 2 receptor alpha
205811_at	0.0258432	7.40e-03	3.0191862	-2.87203	0.20562431	POLG2	DNA polymerase gamma 2, accessory subunit
205323_s_at	0.02585185	7.41e-03	-3.0188486	-2.87273	-0.16101478	MTF1	metal regulatory transcription factor 1
38521_at	0.02592327	7.43e-03	-3.0173955	-2.87573	-0.18831812	CD22	CD22 molecule
221129_at	0.02594621	7.45e-03	-3.016663	-2.87724	-0.13044543	FAM215A	family with sequence similarity 215 member A (non-protein coding)
207446_at	0.02594621	7.45e-03	-3.0165953	-2.87738	-0.13708036	TLR6	toll like receptor 6
213454_at	0.02594621	7.45e-03	3.0164381	-2.87771	0.26289211	APITD1-CORT///APITD1	APITD1-CORT readthrough///apoptosis-inducing, TAF9-like domain 1
205805_s_at	0.02594775	7.45e-03	-3.0162275	-2.87814	-0.14340257	ROR1	receptor tyrosine kinase like orphan receptor 1
202236_s_at	0.02598012	7.47e-03	3.0153192	-2.88002	0.44180286	SLC16A1	solute carrier family 16 member 1
203618_at	0.02598012	7.47e-03	-3.0152156	-2.88023	-0.08346567	FAIM2	Fas apoptotic inhibitory molecule 2
200846_s_at	0.02598012	7.47e-03	3.0151044	-2.88046	0.18139138	PPP1CA	protein phosphatase 1 catalytic subunit alpha
204616_at	0.02601312	7.48e-03	3.014337	-2.88204	0.22340469	UCHL3	ubiquitin C-terminal hydrolase L3
219421_at	0.02602324	7.49e-03	3.0139751	-2.88279	0.27112349	TTC33	tetratricopeptide repeat domain 33
200018_at	0.02604741	7.50e-03	-3.013365	-2.88405	-0.24524572	LOC100508408///SNORD14B///RPS13	uncharacterized LOC100508408///small nucleolar RNA, C/D box 14B///ribosomal protein S13
207504_at	0.02613246	7.53e-03	-3.0116338	-2.88762	-0.09487454	CA7	carbonic anhydrase 7
220954_s_at	0.02613246	7.53e-03	3.0114987	-2.8879	0.29205209	MIR6840///STAG3L5P-PVRIG2P-PILRB///PILRB	microRNA 6840///STAG3L5P-PVRIG2P-PILRB readthrough///paired immunoglobin-like type 2 receptor beta
203753_at	0.02622026	7.56e-03	-3.0097717	-2.89146	-0.53327772	TCF4	transcription factor 4
219593_at	0.02632222	7.59e-03	-3.0076409	-2.89585	-0.18183204	SLC15A3	solute carrier family 15 member 3
203603_s_at	0.02632222	7.59e-03	3.0076193	-2.8959	0.29326212	ZEB2	zinc finger E-box binding homeobox 2
208408_at	0.02632302	7.60e-03	-3.0074228	-2.8963	-0.11571287	PTN	pleiotrophin
210114_at	0.02641537	7.63e-03	3.0056276	-2.9	0.15927823	INVS	inversin
216835_s_at	0.026433	7.63e-03	3.0051379	-2.90101	0.14177706	DOK1	docking protein 1
206177_s_at	0.02644224	7.64e-03	-3.0047946	-2.90172	-0.20520213	ARG1	arginase 1
202756_s_at	0.02662505	7.70e-03	-3.0014388	-2.90864	-0.10994567	GPC1	glypican 1
218767_at	0.02664665	7.71e-03	3.0008828	-2.90978	0.10360914	REXO4	REX4 homolog, 3'-5' exonuclease
208862_s_at	0.02668563	7.72e-03	3.0000273	-2.91154	0.27503598	TMX2-CTNND1///CTNND1	TMX2-CTNND1 readthrough (NMD candidate)///catenin delta 1
207205_at	0.02671487	7.73e-03	-2.9993406	-2.91296	-0.2168768	CEACAM4	carcinoembryonic antigen related cell adhesion molecule 4
204415_at	0.02674136	7.74e-03	-2.998702	-2.91427	-0.44751409	IFI6	interferon alpha inducible protein 6
218207_s_at	0.02674649	7.75e-03	2.9984317	-2.91483	0.17759902	STMN3	stathmin 3
202724_s_at	0.02675637	7.75e-03	-2.9980797	-2.91556	-0.3495473	FOXO1	forkhead box O1
202565_s_at	0.02676314	7.76e-03	-2.9977812	-2.91617	-0.24608037	SVIL	supervillin
219600_s_at	0.02677506	7.76e-03	2.9973943	-2.91697	0.25114244	TMEM50B	transmembrane protein 50B
200821_at	0.02679053	7.77e-03	2.9969465	-2.91789	0.24343775	LAMP2	lysosomal associated membrane protein 2
32723_at	0.02702204	7.84e-03	2.9927273	-2.92658	0.21260572	CSTF1	cleavage stimulation factor subunit 1
205881_at	0.02702204	7.85e-03	2.9925835	-2.92687	0.10095821	ZNF74	zinc finger protein 74
203723_at	0.02702204	7.85e-03	2.9924362	-2.92718	0.21716087	ITPKB	inositol-trisphosphate 3-kinase B
204551_s_at	0.02707296	7.87e-03	-2.991387	-2.92934	-0.13236063	AHSG	alpha 2-HS glycoprotein
208726_s_at	0.0270842	7.87e-03	2.9910143	-2.9301	0.28227647	EIF2S2	eukaryotic translation initiation factor 2 subunit beta
206858_s_at	0.02710421	7.88e-03	-2.9904926	-2.93118	-0.12656382	HOXC6	homeobox C6
201205_at	0.02712198	7.89e-03	-2.9900091	-2.93217	-0.14722862	RRBP1	ribosome binding protein 1
220833_at	0.02715637	7.90e-03	-2.9892437	-2.93375	-0.14541337		
203707_at	0.02715836	7.91e-03	2.9889927	-2.93426	0.16706293	LINC00921///ZNF263	long intergenic non-protein coding RNA 921///zinc finger protein 263
207039_at	0.02715836	7.91e-03	-2.9888477	-2.93456	-0.11693506	CDKN2A	cyclin dependent kinase inhibitor 2A
203961_at	0.027206	7.93e-03	-2.9875815	-2.93717	-0.15686365	NEBL	nebulette
204346_s_at	0.027206	7.93e-03	2.987568	-2.93719	0.29927155	RASSF1	Ras association domain family member 1
213601_at	0.027206	7.93e-03	-2.9874969	-2.93734	-0.14659289	SLIT1	slit guidance ligand 1
208414_s_at	0.0272518	7.95e-03	2.9865406	-2.93931	0.12722268	HOXB3	homeobox B3
219624_at	0.02726759	7.96e-03	2.9860927	-2.94023	0.27560584	BAG4	BCL2 associated athanogene 4
206581_at	0.02726785	7.96e-03	-2.9858788	-2.94067	-0.14794648	BNC1	basonuclin 1
214377_s_at	0.02726785	7.96e-03	-2.9857272	-2.94098	-0.13772617	CTRL	chymotrypsin like
209382_at	0.02727384	7.97e-03	2.9851558	-2.94216	0.20726367	POLR3C	RNA polymerase III subunit C
207597_at	0.02727384	7.98e-03	-2.9849908	-2.9425	-0.10711394	ADAM18	ADAM metallopeptidase domain 18
200093_s_at	0.02727384	7.98e-03	2.9849388	-2.9426	0.24425185	HINT1	histidine triad nucleotide binding protein 1
206181_at	0.02727384	7.98e-03	-2.9849041	-2.94267	-0.15649078	SLAMF1	signaling lymphocytic activation molecule family member 1
205185_at	0.02732532	8.00e-03	-2.9834397	-2.94569	-0.13650101	SPINK5	serine peptidase inhibitor, Kazal type 5
208835_s_at	0.02732532	8.00e-03	2.9833445	-2.94588	0.49103563	LUC7L3	LUC7 like 3 pre-mRNA splicing factor
206100_at	0.02732532	8.01e-03	-2.9832682	-2.94604	-0.1844798	CPM	carboxypeptidase M
208943_s_at	0.02732532	8.01e-03	2.9831848	-2.94621	0.24686632	SEC62	SEC62 homolog, preprotein translocation factor
208193_at	0.02732532	8.01e-03	-2.9831338	-2.94632	-0.11054604	IL9	interleukin 9
204260_at	0.02733384	8.01e-03	-2.9828101	-2.94698	-0.14633789	CHGB	chromogranin B
203697_at	0.02735478	8.02e-03	-2.9822771	-2.94808	-0.158083	FRZB	frizzled-related protein
201216_at	0.027373	8.03e-03	-2.9817902	-2.94908	-0.22875063	ERP29	endoplasmic reticulum protein 29
202556_s_at	0.02738014	8.04e-03	2.9813619	-2.94996	0.24041647	MCRS1	microspherule protein 1
212997_s_at	0.02738014	8.04e-03	2.9813106	-2.95006	0.20598228	TLK2	tousled like kinase 2
208939_at	0.02749335	8.08e-03	2.9792275	-2.95435	0.30446372	SEPHS1	selenophosphate synthetase 1
202228_s_at	0.02749394	8.09e-03	2.9786875	-2.95546	0.31061082	NPTN	neuroplastin
221312_at	0.02749394	8.09e-03	-2.9786834	-2.95546	-0.11212575	GLP2R	glucagon like peptide 2 receptor
206418_at	0.02749394	8.09e-03	-2.9786792	-2.95547	-0.12053395	NOX1	NADPH oxidase 1
202130_at	0.02753373	8.10e-03	2.9777082	-2.95747	0.23598324	RIOK3	RIO kinase 3
204300_at	0.02753373	8.10e-03	2.9776533	-2.95758	0.16147964	GATB	glutamyl-tRNA amidotransferase subunit B
209587_at	0.02759473	8.13e-03	-2.9763136	-2.96033	-0.10658514	PITX1	paired like homeodomain 1
206158_s_at	0.02759473	8.13e-03	2.9762738	-2.96042	0.28074501	CNBP	CCHC-type zinc finger nucleic acid binding protein
202413_s_at	0.02759906	8.13e-03	2.975868	-2.96125	0.35436584	USP1	ubiquitin specific peptidase 1
208519_x_at	0.02759906	8.14e-03	-2.9758434	-2.9613	-0.14015884	GNRH2	gonadotropin releasing hormone 2
203325_s_at	0.02771442	8.17e-03	-2.9737395	-2.96562	-0.3018804	COL5A1	collagen type V alpha 1 chain
205821_at	0.02773264	8.18e-03	-2.9732573	-2.96661	-0.12141829	KLRC4-KLRK1///KLRK1	KLRC4-KLRK1 readthrough///killer cell lectin like receptor K1
201356_at	0.02773871	8.19e-03	2.9729774	-2.96719	0.25733233	SF3A1	splicing factor 3a subunit 1
215916_at	0.02774641	8.19e-03	-2.9726706	-2.96782	-0.09988438	CHRNE	cholinergic receptor nicotinic epsilon subunit
206899_at	0.02776692	8.20e-03	-2.9721508	-2.96889	-0.12772944	NTSR2	neurotensin receptor 2
208905_at	0.02780714	8.22e-03	2.971304	-2.97063	0.37375763	CYCS	cytochrome c, somatic
209401_s_at	0.02782298	8.22e-03	2.9708627	-2.97153	0.13768334	SLC12A4	solute carrier family 12 member 4
210234_at	0.02790619	8.25e-03	-2.9692197	-2.97491	-0.14997415	GRM4	glutamate metabotropic receptor 4
204169_at	0.02790619	8.25e-03	-2.9691271	-2.9751	-0.14606243	IMPDH1	inosine monophosphate dehydrogenase 1
206292_s_at	0.02792502	8.26e-03	-2.9685839	-2.97621	-0.10550964	SULT2A1	sulfotransferase family 2A member 1
211980_at	0.02792502	8.27e-03	-2.9684591	-2.97647	-0.13614516	COL4A1	collagen type IV alpha 1 chain
212218_s_at	0.02800543	8.29e-03	2.9669531	-2.97956	0.38871938	FASN	fatty acid synthase
221164_x_at	0.02808151	8.32e-03	-2.9655223	-2.9825	-0.12373972	CHST5	carbohydrate sulfotransferase 5
206931_at	0.02808985	8.32e-03	2.965207	-2.98314	0.17571995	ZNF141	zinc finger protein 141
206688_s_at	0.02814443	8.34e-03	2.9641326	-2.98535	0.12133511	CPSF4	cleavage and polyadenylation specific factor 4
203151_at	0.02814994	8.35e-03	-2.9638641	-2.9859	-0.25069189	MAP1A	microtubule associated protein 1A
202399_s_at	0.02824203	8.38e-03	2.9621777	-2.98936	0.18789729	C15orf38-AP3S2///AP3S2	C15orf38-AP3S2 readthrough///adaptor related protein complex 3 sigma 2 subunit
203730_s_at	0.02824565	8.38e-03	2.9619405	-2.98985	0.17367013	ZKSCAN5	zinc finger with KRAB and SCAN domains 5
209189_at	0.02826596	8.39e-03	-2.9614307	-2.99089	-1.24442754	FOS	Fos proto-oncogene, AP-1 transcription factor subunit
218490_s_at	0.02827932	8.40e-03	2.9610347	-2.99171	0.272903	ZNF302	zinc finger protein 302
206055_s_at	0.02829292	8.41e-03	2.9605543	-2.99269	0.2457329	SNRPA1	small nuclear ribonucleoprotein polypeptide A'
218216_x_at	0.02829292	8.41e-03	2.9604572	-2.99289	0.2777155	ARL6IP4	ADP ribosylation factor like GTPase 6 interacting protein 4
204069_at	0.02830681	8.42e-03	2.9600528	-2.99372	0.48157746	MEIS1	Meis homeobox 1
202550_s_at	0.02831695	8.42e-03	2.9597098	-2.99442	0.26199245	VAPB	VAMP associated protein B and C
208548_at	0.02841535	8.46e-03	-2.9579299	-2.99807	-0.1113911	IFNA6///IFNA5	interferon alpha 6///interferon alpha 5
205234_at	0.02847316	8.48e-03	-2.9568134	-3.00036	-0.12922135	SLC16A4	solute carrier family 16 member 4
206642_at	0.02847827	8.48e-03	-2.9565531	-3.0009	-0.12025869	DSG1	desmoglein 1
210816_s_at	0.02847858	8.49e-03	2.9563707	-3.00127	0.13444755	CYB561	cytochrome b561
212685_s_at	0.02850915	8.50e-03	2.9556978	-3.00265	0.13616184	TBL2	transducin (beta)-like 2
205531_s_at	0.02851536	8.50e-03	-2.9554199	-3.00322	-0.13489352	GLS2	glutaminase 2
202365_at	0.02852402	8.51e-03	2.9549294	-3.00423	0.22583499	UNC119B	unc-119 lipid binding chaperone B
206566_at	0.02852402	8.51e-03	2.9549255	-3.00423	0.1762887	SLC7A1	solute carrier family 7 member 1
202174_s_at	0.02855275	8.52e-03	2.9542833	-3.00555	0.30282909	PCM1	pericentriolar material 1
202448_s_at	0.02859763	8.54e-03	2.9533805	-3.0074	0.14281708	ZER1	zyg-11 related cell cycle regulator
203970_s_at	0.02863393	8.55e-03	2.9526174	-3.00897	0.17121548	PEX3	peroxisomal biogenesis factor 3
216934_at	0.02866836	8.57e-03	-2.9518851	-3.01047	-0.10563102		
208319_s_at	0.02867728	8.57e-03	2.9515646	-3.01112	0.3613223	RBM3	RNA binding motif (RNP1, RRM) protein 3
207600_at	0.02868005	8.58e-03	-2.9513432	-3.01158	-0.13880728	KCNC3	potassium voltage-gated channel subfamily C member 3
204575_s_at	0.02869064	8.58e-03	-2.950996	-3.01229	-0.12195928	MMP19	matrix metallopeptidase 19
205098_at	0.02869131	8.59e-03	-2.950712	-3.01287	-0.27463139	CCR1	C-C motif chemokine receptor 1
202709_at	0.02869131	8.59e-03	-2.9506322	-3.01303	-0.09316709	FMOD	fibromodulin
205954_at	0.02871179	8.60e-03	-2.9501259	-3.01407	-0.11572201	RXRG	retinoid X receptor gamma
220106_at	0.02871968	8.61e-03	-2.9494519	-3.01545	-0.10358649	NPC1L1	NPC1 like intracellular cholesterol transporter 1
203825_at	0.02871968	8.61e-03	2.9494484	-3.01546	0.26873442	BRD3	bromodomain containing 3
216339_s_at	0.02871968	8.62e-03	-2.9493447	-3.01567	-0.12300838	TNXB///TNXA	tenascin XB///tenascin XA (pseudogene)
219492_at	0.02871968	8.62e-03	2.9492937	-3.01578	0.29791942	CHIC2	cysteine rich hydrophobic domain 2
209892_at	0.02874677	8.63e-03	-2.9486816	-3.01703	-0.30267342	FUT4	fucosyltransferase 4
205300_s_at	0.02883313	8.66e-03	2.946964	-3.02055	0.1470456	SNRNP35	small nuclear ribonucleoprotein U11/U12 subunit 35
219282_s_at	0.02883313	8.66e-03	2.9468798	-3.02072	0.20616204	TRPV2	transient receptor potential cation channel subfamily V member 2
202689_at	0.02883313	8.66e-03	2.9467669	-3.02095	0.2112073	RBM15B	RNA binding motif protein 15B
204334_at	0.02886277	8.68e-03	-2.946116	-3.02229	-0.183497	KLF7	Kruppel like factor 7
219189_at	0.02889531	8.69e-03	2.9454192	-3.02371	0.18130658	FBXL6	F-box and leucine rich repeat protein 6
203849_s_at	0.02899741	8.72e-03	-2.9436124	-3.02741	-0.13090463	KIF1A	kinesin family member 1A
202109_at	0.02905361	8.75e-03	2.9424166	-3.02986	0.18305184	ARFIP2	ADP ribosylation factor interacting protein 2
219657_s_at	0.02905361	8.75e-03	2.9423656	-3.02996	0.25680114	KLF3	Kruppel like factor 3
210130_s_at	0.02916762	8.79e-03	2.9402472	-3.0343	0.15580531	TM7SF2	transmembrane 7 superfamily member 2
201969_at	0.02916762	8.79e-03	2.9402031	-3.03439	0.27011673	NASP	nuclear autoantigenic sperm protein
200875_s_at	0.02919467	8.80e-03	2.9395988	-3.03563	0.23033313	MIR1292///SNORD110///SNORD86///SNORD57///NOP56	microRNA 1292///small nucleolar RNA, C/D box 110///small nucleolar RNA, C/D box 86///small nucleolar RNA, C/D box 57///NOP56 ribonucleoprotein
206706_at	0.02922691	8.81e-03	-2.9389129	-3.03703	-0.09957118	NTF3	neurotrophin 3
209399_at	0.02931174	8.84e-03	2.9373967	-3.04013	0.12656659	HLCS	holocarboxylase synthetase
208596_s_at	0.02941534	8.88e-03	-2.9355348	-3.04394	-0.15859367	UGT1A3///UGT1A1///UGT1A4///UGT1A9///UGT1A5///UGT1A6///UGT1A7///UGT1A8///UGT1A10	UDP glucuronosyltransferase family 1 member A3///UDP glucuronosyltransferase family 1 member A1///UDP glucuronosyltransferase family 1 member A4///UDP glucuronosyltransferase family 1 member A9///UDP glucuronosyltransferase family 1 member A5///UDP glucuronosyltransferase family 1 member A6///UDP glucuronosyltransferase family 1 member A7///UDP glucuronosyltransferase family 1 member A8///UDP glucuronosyltransferase family 1 member A10
218059_at	0.02941534	8.88e-03	2.9354137	-3.04419	0.25785282	ZNF706	zinc finger protein 706
200703_at	0.02944508	8.89e-03	2.9347237	-3.0456	0.22730471	DYNLL1	dynein light chain LC8-type 1
205014_at	0.02944508	8.90e-03	-2.9345566	-3.04594	-0.09986705	FGFBP1	fibroblast growth factor binding protein 1
219993_at	0.02944508	8.90e-03	-2.9344207	-3.04622	-0.11950795	SOX17	SRY-box 17
219772_s_at	0.02948829	8.91e-03	-2.9335469	-3.04801	-0.14837611	SMPX	small muscle protein, X-linked
203525_s_at	0.02948829	8.92e-03	2.9333921	-3.04833	0.24000588	APC	APC, WNT signaling pathway regulator
212037_at	0.02949117	8.92e-03	2.933172	-3.04878	0.3039516	PNN	pinin, desmosome associated protein
201393_s_at	0.02959954	8.96e-03	-2.9312997	-3.0526	-0.1804038	IGF2R	insulin like growth factor 2 receptor
206207_at	0.02967327	8.98e-03	2.9299733	-3.05532	0.64772884	CLC	Charcot-Leyden crystal galectin
218182_s_at	0.02967625	8.99e-03	-2.9297521	-3.05577	-0.12260149	CLDN1	claudin 1
207804_s_at	0.02979829	9.03e-03	-2.9276776	-3.06001	-0.12693413	FCN2	ficolin 2
207972_at	0.02999059	9.09e-03	-2.9245247	-3.06645	-0.14921668	GLRA1	glycine receptor alpha 1
207073_at	0.03006898	9.12e-03	-2.9231413	-3.06928	-0.13826649	CDKL2	cyclin dependent kinase like 2
203198_at	0.03007959	9.12e-03	2.9228034	-3.06997	0.24407659	CDK9	cyclin dependent kinase 9
201894_s_at	0.0301456	9.15e-03	2.9216136	-3.0724	0.35400382	SSR1	signal sequence receptor subunit 1
206350_at	0.0301492	9.15e-03	-2.9213478	-3.07294	-0.15358231	APCS	amyloid P component, serum
206192_at	0.0301492	9.16e-03	-2.9212094	-3.07322	-0.11862482	CDSN	corneodesmosin
201568_at	0.03019055	9.18e-03	2.9202318	-3.07522	0.25099253	UQCRQ	ubiquinol-cytochrome c reductase complex III subunit VII
64432_at	0.03019055	9.18e-03	2.920226	-3.07523	0.15369062	MAPKAPK5-AS1	MAPKAPK5 antisense RNA 1
220171_x_at	0.03019948	9.18e-03	2.9199148	-3.07587	0.19642891	GPALPP1	GPALPP motifs containing 1
218409_s_at	0.03021505	9.19e-03	2.9195019	-3.07671	0.17148797	DNAJC1	DnaJ heat shock protein family (Hsp40) member C1
201407_s_at	0.03021739	9.19e-03	2.9192919	-3.07714	0.24012582	PPP1CB	protein phosphatase 1 catalytic subunit beta
200019_s_at	0.03031068	9.23e-03	-2.9176014	-3.08059	-0.17384612	FAU	FAU, ubiquitin like and ribosomal protein S30 fusion
204451_at	0.03031068	9.23e-03	2.917516	-3.08076	0.18797756	FZD1	frizzled class receptor 1
219192_at	0.0303196	9.24e-03	2.9172058	-3.0814	0.36193395	UBAP2	ubiquitin associated protein 2
209397_at	0.03042542	9.27e-03	2.9154177	-3.08505	0.21694425	ME2	malic enzyme 2
205242_at	0.03043727	9.28e-03	-2.9150633	-3.08577	-0.12800902	CXCL13	C-X-C motif chemokine ligand 13
207854_at	0.03047179	9.29e-03	2.9143644	-3.0872	0.21025118	GYPE	glycophorin E (MNS blood group)
210386_s_at	0.03051306	9.31e-03	2.9135636	-3.08883	0.2433288	MTX1	metaxin 1
221044_s_at	0.0305481	9.32e-03	2.912858	-3.09027	0.16044415	TRIM6-TRIM34///TRIM34	TRIM6-TRIM34 readthrough///tripartite motif containing 34
202653_s_at	0.0305861	9.34e-03	2.9121083	-3.0918	0.26570574	MARCH7	membrane associated ring-CH-type finger 7
206150_at	0.03065481	9.36e-03	-2.9108948	-3.09427	-0.16002801	CD27	CD27 molecule
209591_s_at	0.03066992	9.37e-03	-2.9104928	-3.09509	-0.11970261	BMP7	bone morphogenetic protein 7
212186_at	0.0306824	9.38e-03	2.9101309	-3.09583	0.23677155	ACACA	acetyl-CoA carboxylase alpha
201625_s_at	0.03070039	9.39e-03	2.9096858	-3.09674	0.25422482	INSIG1	insulin induced gene 1
202239_at	0.03076359	9.41e-03	2.9084099	-3.09934	0.19869296	PARP4	poly(ADP-ribose) polymerase family member 4
215535_s_at	0.03076359	9.41e-03	2.9083859	-3.09939	0.39302874	AGPAT1	1-acylglycerol-3-phosphate O-acyltransferase 1
209449_at	0.03079072	9.42e-03	2.9078041	-3.10058	0.2831136	LSM2	LSM2 homolog, U6 small nuclear RNA and mRNA degradation associated
206197_at	0.03080226	9.43e-03	-2.9074572	-3.10128	-0.10777724	NME5	NME/NM23 family member 5
221032_s_at	0.03090293	9.47e-03	-2.9057714	-3.10472	-0.15787297	TMPRSS5	transmembrane protease, serine 5
202711_at	0.03090307	9.47e-03	-2.9055309	-3.10521	-0.12933873	EFNB1	ephrin B1
202716_at	0.03090307	9.47e-03	2.9054232	-3.10543	0.19001753	PTPN1	protein tyrosine phosphatase, non-receptor type 1
211389_x_at	0.03091124	9.48e-03	-2.9051277	-3.10603	-0.1151629	KIR3DS1	killer cell immunoglobulin like receptor, three Ig domains and short cytoplasmic tail 1
218241_at	0.03094917	9.50e-03	2.9043186	-3.10768	0.20584707	GOLGA5	golgin A5
202309_at	0.03094917	9.50e-03	2.9042134	-3.1079	0.32285703	MTHFD1	methylenetetrahydrofolate dehydrogenase, cyclohydrolase and formyltetrahydrofolate synthetase 1
206194_at	0.03105134	9.53e-03	-2.9025123	-3.11136	-0.1336346	HOXC4	homeobox C4
200048_s_at	0.03107514	9.54e-03	2.9019843	-3.11244	0.22005233	JTB	jumping translocation breakpoint
215538_at	0.03109296	9.55e-03	-2.9015457	-3.11333	-0.1960808		
214341_at	0.03109901	9.56e-03	-2.901283	-3.11387	-0.1264025	AP1G2	adaptor related protein complex 1 gamma 2 subunit
207560_at	0.0311518	9.58e-03	-2.9003238	-3.11582	-0.14922744	SLC28A1	solute carrier family 28 member 1
208969_at	0.03133455	9.64e-03	2.8974378	-3.1217	0.25215276	NDUFA9	NADH:ubiquinone oxidoreductase subunit A9
210085_s_at	0.03136424	9.65e-03	-2.896826	-3.12295	-0.0943301	ANXA9	annexin A9
218092_s_at	0.03138232	9.66e-03	2.8963863	-3.12384	0.21497897	AGFG1	ArfGAP with FG repeats 1
203957_at	0.03138443	9.67e-03	2.8959786	-3.12467	0.19785927	E2F6	E2F transcription factor 6
203668_at	0.03138443	9.67e-03	2.8958703	-3.12489	0.23763517	MAN2C1	mannosidase alpha class 2C member 1
243_g_at	0.03138443	9.67e-03	2.8958383	-3.12496	0.20811403	MAP4	microtubule associated protein 4
205456_at	0.03143816	9.69e-03	-2.8947545	-3.12716	-0.15049096	CD3E	CD3e molecule
205347_s_at	0.03143816	9.69e-03	-2.8946856	-3.1273	-0.31675573	TMSB15B///TMSB15A	thymosin beta 15B///thymosin beta 15a
37512_at	0.03143816	9.70e-03	-2.8943802	-3.12793	-0.13974148	HSD17B6	hydroxysteroid 17-beta dehydrogenase 6
202260_s_at	0.03143816	9.70e-03	2.8943162	-3.12806	0.22514101	STXBP1	syntaxin binding protein 1
210097_s_at	0.03143816	9.71e-03	2.8941846	-3.12832	0.24773942	NOL7	nucleolar protein 7
206950_at	0.03145878	9.72e-03	2.8935461	-3.12962	0.24616056	SCN9A	sodium voltage-gated channel alpha subunit 9
205975_s_at	0.03145878	9.72e-03	-2.8935366	-3.12964	-0.11817642	HOXD1	homeobox D1
207443_at	0.03149924	9.74e-03	-2.8927685	-3.13121	-0.10344167	NR2E1	nuclear receptor subfamily 2 group E member 1
206474_at	0.0315084	9.74e-03	2.8924144	-3.13193	0.18537079	CDK17	cyclin dependent kinase 17
218634_at	0.0315084	9.75e-03	-2.8922902	-3.13218	-0.15180395	PHLDA3	pleckstrin homology like domain family A member 3
201273_s_at	0.03155855	9.76e-03	2.8913805	-3.13403	0.25379484	SRP9	signal recognition particle 9
209108_at	0.03158531	9.78e-03	-2.8908157	-3.13518	-0.13164618	TSPAN6	tetraspanin 6
201448_at	0.03162152	9.79e-03	2.8901124	-3.13661	0.38373465	TIA1	TIA1 cytotoxic granule-associated RNA binding protein
207195_at	0.03167431	9.81e-03	-2.8890009	-3.13887	-0.11688868	CNTN6	contactin 6
214561_at	0.03167431	9.81e-03	-2.8889953	-3.13889	-0.15115129	LILRP2	leukocyte immunoglobulin-like receptor pseudogene 2
214988_s_at	0.03169969	9.83e-03	2.8884523	-3.13999	0.30303464	SON	SON DNA binding protein
202777_at	0.03170008	9.83e-03	2.8882754	-3.14035	0.2688728	SHOC2	SHOC2, leucine rich repeat scaffold protein
207116_s_at	0.03170259	9.84e-03	-2.8879973	-3.14092	-0.12755861	GAPDHS	glyceraldehyde-3-phosphate dehydrogenase, spermatogenic
210028_s_at	0.03170259	9.84e-03	2.8878963	-3.14112	0.20802375	ORC3	origin recognition complex subunit 3
202185_at	0.031707	9.84e-03	2.8876607	-3.1416	0.165039	PLOD3	procollagen-lysine,2-oxoglutarate 5-dioxygenase 3
214038_at	0.03171246	9.85e-03	-2.8874097	-3.14211	-0.19301747	CCL8	C-C motif chemokine ligand 8
218846_at	0.03177303	9.87e-03	2.8863529	-3.14426	0.30097594	MED23	mediator complex subunit 23
221564_at	0.03178234	9.88e-03	2.8860461	-3.14488	0.2405955	PRMT2	protein arginine methyltransferase 2
38707_r_at	0.03181317	9.89e-03	2.885425	-3.14615	0.14964102	E2F4	E2F transcription factor 4
204618_s_at	0.031881	9.91e-03	2.8842652	-3.14851	0.26012687	GABPB1	GA binding protein transcription factor beta subunit 1
35626_at	0.03190527	9.93e-03	-2.8836361	-3.14978	-0.12208771	SGSH	N-sulfoglucosamine sulfohydrolase
213664_at	0.03190527	9.93e-03	-2.8835705	-3.14992	-0.09671694	SLC1A1	solute carrier family 1 member 1
207384_at	0.03195967	9.95e-03	-2.8826087	-3.15187	-0.25837669	PGLYRP1	peptidoglycan recognition protein 1
203235_at	0.03197495	9.96e-03	2.8822161	-3.15267	0.16786318	THOP1	thimet oligopeptidase 1
204683_at	0.03199106	9.97e-03	2.8818117	-3.15349	0.24283191	ICAM2	intercellular adhesion molecule 2
203478_at	0.03203593	9.99e-03	2.8809903	-3.15516	0.20758386	NDUFC1	NADH:ubiquinone oxidoreductase subunit C1
218660_at	0.03203644	9.99e-03	-2.8808125	-3.15552	-0.14262468	DYSF	dysferlin
205865_at	0.03204025	9.99e-03	2.880587	-3.15598	0.1519723	ARID3A	AT-rich interaction domain 3A
202416_at	0.03206893	1.00e-02	2.8800011	-3.15717	0.39127253	DNAJC7	DnaJ heat shock protein family (Hsp40) member C7
211434_s_at	0.0320792	1.00e-02	2.8796822	-3.15782	0.16128527	CCRL2	C-C motif chemokine receptor like 2
204884_s_at	0.0322362	1.01e-02	2.8772439	-3.16278	0.14264435	HUS1	HUS1 checkpoint clamp component
221507_at	0.03228293	1.01e-02	2.8764007	-3.16449	0.2011352	TNPO2	transportin 2
209321_s_at	0.03233573	1.01e-02	-2.8754713	-3.16638	-0.23351598	ADCY3	adenylate cyclase 3
219436_s_at	0.03235932	1.01e-02	-2.8749624	-3.16741	-0.15450928	EMCN	endomucin
207444_at	0.03241105	1.01e-02	-2.8740502	-3.16926	-0.16164155	SLC22A13	solute carrier family 22 member 13
205140_at	0.03251222	1.02e-02	2.8724317	-3.17255	0.27474104	FPGT	fucose-1-phosphate guanylyltransferase
203814_s_at	0.03263679	1.02e-02	2.8704843	-3.1765	0.43149308	NQO2	NAD(P)H quinone dehydrogenase 2
220501_at	0.03272718	1.02e-02	-2.8690286	-3.17946	-0.14109496	ACTL7A	actin like 7A
201331_s_at	0.03273076	1.03e-02	2.868808	-3.1799	0.200303	STAT6	signal transducer and activator of transcription 6
221681_s_at	0.03273652	1.03e-02	2.8685564	-3.18041	0.20739302	DSPP	dentin sialophosphoprotein
203459_s_at	0.03276851	1.03e-02	2.8679327	-3.18168	0.15835466	VPS16	VPS16, CORVET/HOPS core subunit
209330_s_at	0.03287485	1.03e-02	2.8662566	-3.18508	0.23339678	HNRNPD	heterogeneous nuclear ribonucleoprotein D
207029_at	0.03295084	1.03e-02	-2.8650134	-3.1876	-0.09389742	KITLG	KIT ligand
200029_at	0.03295618	1.03e-02	-2.8647685	-3.1881	-0.2120999	RPL19	ribosomal protein L19
219059_s_at	0.03297413	1.03e-02	-2.8643457	-3.18896	-0.1736629	LYVE1	lymphatic vessel endothelial hyaluronan receptor 1
207016_s_at	0.0329792	1.04e-02	-2.8640711	-3.18951	-0.13871171	LOC101928635///ALDH1A2	uncharacterized LOC101928635///aldehyde dehydrogenase 1 family member A2
219437_s_at	0.0329792	1.04e-02	-2.8638293	-3.19	-0.21202349	ANKRD11	ankyrin repeat domain 11
205176_s_at	0.0329792	1.04e-02	2.8637663	-3.19013	0.27403359	ITGB3BP	integrin subunit beta 3 binding protein
201068_s_at	0.03299758	1.04e-02	2.8633378	-3.191	0.24052857	PSMC2	proteasome 26S subunit, ATPase 2
200807_s_at	0.033109	1.04e-02	2.8616007	-3.19452	0.28174739	HSPD1	heat shock protein family D (Hsp60) member 1
220126_at	0.0331479	1.04e-02	-2.8608853	-3.19597	-0.09254179	PRSS50	protease, serine 50
213746_s_at	0.03318954	1.04e-02	2.8601322	-3.1975	0.52630358	FLNA	filamin A
206850_at	0.03336745	1.05e-02	-2.8574758	-3.20289	-0.12321946	RASL10A	RAS like family 10 member A
220424_at	0.03342933	1.05e-02	-2.8564445	-3.20497	-0.14110583	NPHS2	NPHS2, podocin
203399_x_at	0.03352295	1.06e-02	-2.854974	-3.20795	-0.09730177	PSG11///PSG3	pregnancy specific beta-1-glycoprotein 11///pregnancy specific beta-1-glycoprotein 3
208052_x_at	0.03356233	1.06e-02	-2.8542588	-3.2094	-0.10914192	CEACAM3	carcinoembryonic antigen related cell adhesion molecule 3
37408_at	0.03363995	1.06e-02	-2.8530146	-3.21192	-0.14833472	MRC2	mannose receptor C type 2
207682_s_at	0.03371511	1.06e-02	-2.851807	-3.21437	-0.1078076	KIF25	kinesin family member 25
211333_s_at	0.0337762	1.07e-02	-2.8506805	-3.21665	-0.123777	FASLG	Fas ligand
208074_s_at	0.0337762	1.07e-02	2.8506266	-3.21676	0.24654412	AP2S1	adaptor related protein complex 2 sigma 1 subunit
206689_x_at	0.03390922	1.07e-02	2.8486279	-3.22081	0.18902787	KAT5	lysine acetyltransferase 5
211284_s_at	0.03401676	1.07e-02	-2.8469847	-3.22413	-0.28448862	GRN	granulin
219287_at	0.03402143	1.07e-02	-2.8467523	-3.2246	-0.10857661	KCNMB4	potassium calcium-activated channel subfamily M regulatory beta subunit 4
214646_at	0.03405328	1.08e-02	-2.846148	-3.22582	-0.09477934	HIST1H3F///HIST1H3B///HIST1H3H///HIST1H3J///HIST1H3G///HIST1H3I///HIST1H3E///HIST1H3C///HIST1H3D///HIST1H3A	histone cluster 1, H3f///histone cluster 1, H3b///histone cluster 1, H3h///histone cluster 1, H3j///histone cluster 1, H3g///histone cluster 1, H3i///histone cluster 1, H3e///histone cluster 1, H3c///histone cluster 1, H3d///histone cluster 1, H3a
206614_at	0.03405475	1.08e-02	-2.8459594	-3.22621	-0.12058427	GDF5	growth differentiation factor 5
200038_s_at	0.03409022	1.08e-02	-2.8453061	-3.22753	-0.21523335	RPL17-C18orf32///SNORD58C///C18orf32///SNORD58A///SNORD58B///RPL17	RPL17-C18orf32 readthrough///small nucleolar RNA, C/D box 58C///chromosome 18 open reading frame 32///small nucleolar RNA, C/D box 58A///small nucleolar RNA, C/D box 58B///ribosomal protein L17
210311_at	0.03421666	1.08e-02	-2.8434132	-3.23136	-0.12368472	FGF5	fibroblast growth factor 5
220865_s_at	0.03431794	1.09e-02	2.841868	-3.23448	0.30563461	PDSS1	prenyl (decaprenyl) diphosphate synthase, subunit 1
202603_at	0.03433571	1.09e-02	2.8414586	-3.23531	0.22204814	ADAM10	ADAM metallopeptidase domain 10
201020_at	0.03442774	1.09e-02	2.8400431	-3.23817	0.31845872	YWHAH	tyrosine 3-monooxygenase/tryptophan 5-monooxygenase activation protein eta
207821_s_at	0.03460306	1.10e-02	2.8374522	-3.24341	0.15295465	PTK2	protein tyrosine kinase 2
204544_at	0.03460306	1.10e-02	2.8373397	-3.24364	0.19989517	HPS5	HPS5, biogenesis of lysosomal organelles complex 2 subunit 2
205508_at	0.03464162	1.10e-02	-2.8366525	-3.24503	-0.13857824	SCN1B	sodium voltage-gated channel beta subunit 1
206660_at	0.03476596	1.10e-02	-2.8347924	-3.24879	-1.06775779	IGLL1	immunoglobulin lambda like polypeptide 1
202632_at	0.03476596	1.10e-02	2.8346464	-3.24908	0.16130935	OVCA2///DPH1	ovarian tumor suppressor candidate 2///diphthamide biosynthesis 1
218877_s_at	0.03476792	1.10e-02	2.8344521	-3.24947	0.24126708	TRMT11	tRNA methyltransferase 11 homolog
206534_at	0.03485646	1.11e-02	-2.8330986	-3.25221	-0.13136026	GRIN2A	glutamate ionotropic receptor NMDA type subunit 2A
208886_at	0.03493298	1.11e-02	2.8319082	-3.25461	0.26818382	H1F0	H1 histone family member 0
221631_at	0.03493983	1.11e-02	-2.8315352	-3.25537	-0.09116116	CACNA1I	calcium voltage-gated channel subunit alpha1 I
221387_at	0.03493983	1.11e-02	-2.8314813	-3.25548	-0.11086366	NPFFR1	neuropeptide FF receptor 1
212595_s_at	0.03494643	1.11e-02	2.8312255	-3.25599	0.36067965	DAZAP2	DAZ associated protein 2
210015_s_at	0.03503327	1.11e-02	-2.8299005	-3.25867	-0.11767889	MAP2	microtubule associated protein 2
221492_s_at	0.03504343	1.12e-02	2.8295978	-3.25928	0.27805136	ATG3	autophagy related 3
216598_s_at	0.03506457	1.12e-02	-2.8289998	-3.26049	-0.14818306	CCL2	C-C motif chemokine ligand 2
201649_at	0.03506457	1.12e-02	2.8289815	-3.26052	0.17097712	UBE2L6	ubiquitin conjugating enzyme E2 L6
206039_at	0.03506838	1.12e-02	2.8287633	-3.26096	0.22539513	RAB33A	RAB33A, member RAS oncogene family
209863_s_at	0.03507956	1.12e-02	-2.8284473	-3.2616	-0.09838781	TP63	tumor protein p63
207198_s_at	0.03508436	1.12e-02	2.8282162	-3.26207	0.35879094	LIMS4///LIMS1	LIM zinc finger domain containing 4///LIM zinc finger domain containing 1
219614_s_at	0.03510925	1.12e-02	-2.8277182	-3.26307	-0.13137737	SLC6A20	solute carrier family 6 member 20
208132_x_at	0.03514609	1.12e-02	2.8270618	-3.2644	0.22344967	PRRC2A	proline rich coiled-coil 2A
206231_at	0.03519003	1.12e-02	-2.8263118	-3.26591	-0.12662354	KCNN1	potassium calcium-activated channel subfamily N member 1
221330_at	0.03527839	1.13e-02	-2.8249749	-3.26861	-0.11476808	CHRM2	cholinergic receptor muscarinic 2
205880_at	0.03535261	1.13e-02	-2.8238273	-3.27093	-0.15353878	PRKD1	protein kinase D1
209355_s_at	0.03538307	1.13e-02	-2.8232585	-3.27208	-0.13101398	PLPP3	phospholipid phosphatase 3
207612_at	0.03545264	1.13e-02	-2.8221044	-3.2744	-0.10273023	WNT8B	Wnt family member 8B
202706_s_at	0.03545264	1.13e-02	2.822008	-3.2746	0.28227866	UMPS	uridine monophosphate synthetase
201999_s_at	0.03546117	1.13e-02	2.8217289	-3.27516	0.32328715	DYNLT1	dynein light chain Tctex-type 1
204590_x_at	0.03547914	1.14e-02	2.8212072	-3.27621	0.12979143	VPS33A	VPS33A, CORVET/HOPS core subunit
202201_at	0.03547914	1.14e-02	2.8206725	-3.27729	0.56295671	BLVRB	biliverdin reductase B
221514_at	0.03547914	1.14e-02	2.8206723	-3.27729	0.17649005	UTP14A	UTP14A small subunit processome component
200699_at	0.03547914	1.14e-02	2.8206345	-3.27737	0.27220912	KDELR2	KDEL endoplasmic reticulum protein retention receptor 2
209406_at	0.03547914	1.14e-02	2.8205715	-3.2775	0.36804477	BAG2	BCL2 associated athanogene 2
203999_at	0.03547914	1.14e-02	-2.8203835	-3.27787	-0.14743016	SYT1	synaptotagmin 1
1494_f_at	0.03547914	1.14e-02	-2.820326	-3.27799	-0.12067378	CYP2A6	cytochrome P450 family 2 subfamily A member 6
213756_s_at	0.03549264	1.14e-02	2.819982	-3.27868	0.17327276	HSF1	heat shock transcription factor 1
212867_at	0.03550084	1.14e-02	2.8197079	-3.27924	0.25395457	NCOA2	nuclear receptor coactivator 2
200762_at	0.03553194	1.14e-02	2.8191329	-3.2804	0.35126304	DPYSL2	dihydropyrimidinase like 2
205461_at	0.03556602	1.14e-02	2.8185191	-3.28163	0.11270184	RAB35	RAB35, member RAS oncogene family
212426_s_at	0.03557092	1.14e-02	2.8182886	-3.2821	0.30091611	YWHAQ	tyrosine 3-monooxygenase/tryptophan 5-monooxygenase activation protein theta
216885_s_at	0.03558617	1.14e-02	2.8179224	-3.28284	0.15029459	DCAF8	DDB1 and CUL4 associated factor 8
206799_at	0.03563789	1.15e-02	-2.8170783	-3.28454	-0.12659552	SCGB1D2	secretoglobin family 1D member 2
201244_s_at	0.03568088	1.15e-02	2.8163496	-3.28601	0.19328953	RAF1	Raf-1 proto-oncogene, serine/threonine kinase
214440_at	0.03569359	1.15e-02	2.8160172	-3.28668	0.21513525	NAT1	N-acetyltransferase 1
204844_at	0.03573189	1.15e-02	-2.8152908	-3.28814	-0.15130693	ENPEP	glutamyl aminopeptidase
207763_at	0.03573189	1.15e-02	-2.8150319	-3.28866	-0.1253574	S100A5	S100 calcium binding protein A5
39548_at	0.03573189	1.15e-02	-2.815019	-3.28869	-0.10221722	NPAS2	neuronal PAS domain protein 2
203132_at	0.03578113	1.15e-02	2.8142101	-3.29032	0.32708546	RB1	RB transcriptional corepressor 1
207336_at	0.03582482	1.15e-02	-2.8134746	-3.2918	-0.11044309	SOX5	SRY-box 5
65884_at	0.03584721	1.16e-02	2.8129181	-3.29292	0.14066757	MAN1B1	mannosidase alpha class 1B member 1
203817_at	0.03584721	1.16e-02	2.8128516	-3.29306	0.47358632	GUCY1B3	guanylate cyclase 1 soluble subunit beta
221050_s_at	0.0358484	1.16e-02	2.8126704	-3.29342	0.17637133	GTPBP2	GTP binding protein 2
221441_at	0.03586275	1.16e-02	-2.8123181	-3.29413	-0.11343474	GSC2	goosecoid homeobox 2
201491_at	0.03587946	1.16e-02	2.8119351	-3.2949	0.28790846	AHSA1	activator of Hsp90 ATPase activity 1
205656_at	0.03589244	1.16e-02	-2.8116008	-3.29558	-0.1251565	PCDH17	protocadherin 17
202924_s_at	0.03599096	1.16e-02	-2.8101551	-3.29849	-0.11760988	PLAGL2	PLAG1 like zinc finger 2
209190_s_at	0.03602863	1.16e-02	2.8095013	-3.29981	0.19230733	DIAPH1	diaphanous related formin 1
205482_x_at	0.03604163	1.16e-02	2.8091675	-3.30048	0.15486773	SNX15	sorting nexin 15
219061_s_at	0.03607174	1.17e-02	2.8084634	-3.3019	0.1807884	LAGE3	L antigen family member 3
205263_at	0.03607174	1.17e-02	2.8084469	-3.30193	0.26808592	BCL10	B-cell CLL/lymphoma 10
222021_x_at	0.0360761	1.17e-02	2.8082254	-3.30238	0.18251837	SDHAP2///SDHAP1	succinate dehydrogenase complex flavoprotein subunit A pseudogene 2///succinate dehydrogenase complex flavoprotein subunit A pseudogene 1
205142_x_at	0.03608588	1.17e-02	-2.8079337	-3.30296	-0.14908707	ABCD1	ATP binding cassette subfamily D member 1
207825_s_at	0.03623802	1.17e-02	-2.8058031	-3.30725	-0.10631785	GHRHR	growth hormone releasing hormone receptor
200710_at	0.0362553	1.17e-02	2.8054154	-3.30803	0.19795532	ACADVL	acyl-CoA dehydrogenase, very long chain
203454_s_at	0.03636814	1.18e-02	2.8037984	-3.31129	0.16984431	ATOX1	antioxidant 1 copper chaperone
207442_at	0.0364501	1.18e-02	-2.8025766	-3.31375	-0.1260164	CSF3	colony stimulating factor 3
206262_at	0.0364501	1.18e-02	-2.8024165	-3.31407	-0.09333255	ADH1C	alcohol dehydrogenase 1C (class I), gamma polypeptide
202071_at	0.03647879	1.18e-02	2.8018841	-3.31514	0.14000176	SDC4	syndecan 4
213608_s_at	0.03648128	1.18e-02	2.8016875	-3.31554	0.16038831	SRRD	SRR1 domain containing
206854_s_at	0.03654339	1.19e-02	2.8007276	-3.31747	0.24055812	MAP3K7	mitogen-activated protein kinase kinase kinase 7
201597_at	0.03665102	1.19e-02	2.7991464	-3.32065	0.24513692	COX7A2	cytochrome c oxidase subunit 7A2
207841_at	0.03665102	1.19e-02	-2.7990236	-3.32089	-0.09591595	SPIN2A	spindlin family member 2A
211336_x_at	0.03672052	1.19e-02	-2.7979733	-3.32301	-0.17417114	LILRB1	leukocyte immunoglobulin like receptor B1
213671_s_at	0.03676327	1.20e-02	2.7972648	-3.32443	0.1555898	MIR6758///MARS	microRNA 6758///methionyl-tRNA synthetase
200632_s_at	0.03678638	1.20e-02	-2.7968066	-3.32535	-0.250252	NDRG1	N-myc downstream regulated 1
201079_at	0.03689117	1.20e-02	2.7951604	-3.32866	0.27360797	SYNGR2	synaptogyrin 2
212739_s_at	0.03689117	1.20e-02	2.7951476	-3.32869	0.45540604	NME4	NME/NM23 nucleoside diphosphate kinase 4
213194_at	0.0368977	1.20e-02	-2.794763	-3.32946	-0.33419731	ROBO1	roundabout guidance receptor 1
210191_s_at	0.0368977	1.20e-02	2.7945803	-3.32983	0.25165064	PHTF1	putative homeodomain transcription factor 1
218604_at	0.0368977	1.20e-02	2.7945721	-3.32984	0.32522275	LEMD3	LEM domain containing 3
209595_at	0.0370937	1.21e-02	2.7919299	-3.33515	0.2059919	GTF2F2	general transcription factor IIF subunit 2
205267_at	0.03727116	1.21e-02	-2.789533	-3.33997	-1.14597301	POU2AF1	POU class 2 associating factor 1
208070_s_at	0.03728095	1.22e-02	2.789246	-3.34054	0.18079597	REV3L	REV3 like, DNA directed polymerase zeta catalytic subunit
220045_at	0.03731546	1.22e-02	-2.7886491	-3.34174	-0.10269938	NEUROD6	neuronal differentiation 6
201487_at	0.03732265	1.22e-02	2.7883949	-3.34225	0.28611332	CTSC	cathepsin C
206021_at	0.03740339	1.22e-02	-2.7872197	-3.34461	-0.14601836	SCAND2P	SCAN domain containing 2 pseudogene
213762_x_at	0.0375394	1.23e-02	2.7853571	-3.34835	0.22279313	LOC101928747///RBMX///SNORD61	uncharacterized LOC101928747///RNA binding motif protein, X-linked///small nucleolar RNA, C/D box 61
207767_s_at	0.0375474	1.23e-02	-2.7850935	-3.34888	-0.17677628	EGR4	early growth response 4
220735_s_at	0.0375677	1.23e-02	2.7846767	-3.34972	0.21128805	SENP7	SUMO1/sentrin specific peptidase 7
200027_at	0.0376232	1.23e-02	2.7838219	-3.35143	0.24316084	NARS	asparaginyl-tRNA synthetase
203585_at	0.03763812	1.23e-02	-2.7834726	-3.35214	-0.19725492	ZNF185	zinc finger protein 185 (LIM domain)
203313_s_at	0.03764717	1.23e-02	2.7831964	-3.35269	0.34983821	TGIF1	TGFB induced factor homeobox 1
221035_s_at	0.03766121	1.23e-02	-2.7828583	-3.35337	-0.12209365	TEX14	testis expressed 14, intercellular bridge forming factor
203233_at	0.03766323	1.23e-02	2.7826696	-3.35375	0.12288799	IL4R	interleukin 4 receptor
209463_s_at	0.03767565	1.23e-02	2.7823517	-3.35438	0.20947023	TAF12	TATA-box binding protein associated factor 12
200072_s_at	0.03774962	1.24e-02	2.781201	-3.35669	0.2279668	HNRNPM	heterogeneous nuclear ribonucleoprotein M
205108_s_at	0.03774962	1.24e-02	-2.7811066	-3.35688	-0.11264108	APOB	apolipoprotein B
202251_at	0.03781059	1.24e-02	2.7801876	-3.35873	0.17800043	PRPF3	pre-mRNA processing factor 3
204163_at	0.03786252	1.24e-02	2.7793816	-3.36034	0.24800078	EMILIN1	elastin microfibril interfacer 1
221017_s_at	0.03786377	1.24e-02	-2.7792028	-3.3607	-0.11071439	LRRC3	leucine rich repeat containing 3
219181_at	0.03786799	1.24e-02	-2.7789874	-3.36113	-0.12860808	LIPG	lipase G, endothelial type
208440_at	0.03787244	1.24e-02	-2.7787693	-3.36157	-0.10670058	LINC01565	long intergenic non-protein coding RNA 1565
200840_at	0.03789872	1.24e-02	2.7782813	-3.36255	0.34872281	KARS	lysyl-tRNA synthetase
37950_at	0.0379203	1.25e-02	2.7778518	-3.36341	0.14379267	PREP	prolyl endopeptidase
206381_at	0.03803459	1.25e-02	-2.776273	-3.36658	-0.15623546	SCN2A	sodium voltage-gated channel alpha subunit 2
205032_at	0.03803459	1.25e-02	-2.7761162	-3.36689	-0.14253775	ITGA2	integrin subunit alpha 2
207330_at	0.03807134	1.25e-02	-2.7753806	-3.36837	-0.09526424	PZP	PZP, alpha-2-macroglobulin like
202117_at	0.03807134	1.25e-02	2.775338	-3.36845	0.16487114	ARHGAP1	Rho GTPase activating protein 1
203039_s_at	0.03824875	1.26e-02	2.7729972	-3.37314	0.28468572	NDUFS1	NADH:ubiquinone oxidoreductase core subunit S1
200953_s_at	0.03835577	1.26e-02	2.7715251	-3.37609	0.31602378	CCND2	cyclin D2
206946_at	0.03839278	1.26e-02	-2.7707872	-3.37757	-0.11084094	HCN4	hyperpolarization activated cyclic nucleotide gated potassium channel 4
201281_at	0.03839278	1.26e-02	2.7707477	-3.37765	0.18386933	ADRM1	adhesion regulating molecule 1
219725_at	0.03842918	1.27e-02	-2.770141	-3.37887	-0.13485564	TREM2	triggering receptor expressed on myeloid cells 2
209196_at	0.03850185	1.27e-02	2.769093	-3.38096	0.16219767	WDR46	WD repeat domain 46
213798_s_at	0.0385029	1.27e-02	2.7689176	-3.38132	0.36572739	CAP1	adenylate cyclase associated protein 1
203244_at	0.03851733	1.27e-02	2.7685795	-3.38199	0.19066908	PEX5	peroxisomal biogenesis factor 5
220142_at	0.03854762	1.27e-02	-2.7678976	-3.38336	-0.13983794	HAPLN2	hyaluronan and proteoglycan link protein 2
208306_x_at	0.03854762	1.27e-02	-2.7678861	-3.38338	-0.32170375	HLA-DRB1	major histocompatibility complex, class II, DR beta 1
205357_s_at	0.0387399	1.28e-02	-2.7653911	-3.38838	-0.10890736	AGTR1	angiotensin II receptor type 1
206719_at	0.03874567	1.28e-02	-2.7651591	-3.38884	-0.09526955	SYNGR4	synaptogyrin 4
219024_at	0.03885396	1.28e-02	-2.7635449	-3.39207	-0.15157724	PLEKHA1	pleckstrin homology domain containing A1
220179_at	0.03885396	1.28e-02	-2.7635258	-3.39211	-0.67691438	DPEP3	dipeptidase 3
221241_s_at	0.03892266	1.29e-02	-2.7625353	-3.39409	-0.09923568	BCL2L14	BCL2 like 14
205225_at	0.03906278	1.29e-02	-2.7606877	-3.39779	-0.16211156	ESR1	estrogen receptor 1
207618_s_at	0.0390924	1.29e-02	2.7601701	-3.39882	0.15029629	BCS1L	BCS1 homolog, ubiquinol-cytochrome c reductase complex chaperone
208295_x_at	0.03915176	1.30e-02	-2.7590564	-3.40105	-0.13676792	CSHL1	chorionic somatomammotropin hormone like 1
219579_at	0.03915176	1.30e-02	-2.7589861	-3.40119	-0.12012098	RAB3IL1	RAB3A interacting protein like 1
206934_at	0.03915176	1.30e-02	-2.7589723	-3.40122	-0.11072989	SIRPB1	signal regulatory protein beta 1
41220_at	0.03930634	1.30e-02	-2.7569617	-3.40524	-0.4936867	SEPT9	septin 9
200812_at	0.03936269	1.30e-02	2.7561276	-3.40691	0.20329125	CCT7	chaperonin containing TCP1 subunit 7
219382_at	0.0393773	1.31e-02	-2.7557917	-3.40758	-0.14951282	SERTAD3	SERTA domain containing 3
205557_at	0.03938118	1.31e-02	-2.7555836	-3.408	-0.15191767	LOC149684///BPI	uncharacterized LOC149684///bactericidal/permeability-increasing protein
219295_s_at	0.03942812	1.31e-02	-2.7548629	-3.40944	-0.1969176	PCOLCE2	procollagen C-endopeptidase enhancer 2
220978_at	0.03944061	1.31e-02	-2.7545526	-3.41006	-0.13714508	KRTAP1-3	keratin associated protein 1-3
219495_s_at	0.03945192	1.31e-02	2.7542564	-3.41065	0.13704624	ZNF180	zinc finger protein 180
219394_at	0.03948767	1.31e-02	2.7536696	-3.41182	0.1235448	PGS1	phosphatidylglycerophosphate synthase 1
210649_s_at	0.0396357	1.32e-02	2.7516577	-3.41584	0.48995339	ARID1A	AT-rich interaction domain 1A
207037_at	0.0396357	1.32e-02	-2.7515904	-3.41598	-0.11764122	TNFRSF11A	TNF receptor superfamily member 11a
203689_s_at	0.03985239	1.33e-02	2.7488692	-3.42141	0.26561954	FMR1	fragile X mental retardation 1
213081_at	0.03985286	1.33e-02	2.7487022	-3.42175	0.15596081	ZBTB22	zinc finger and BTB domain containing 22
205612_at	0.03985828	1.33e-02	2.748477	-3.4222	0.38605016	MMRN1	multimerin 1
211423_s_at	0.03988449	1.33e-02	2.7478866	-3.42337	0.23240956	SC5D	sterol-C5-desaturase
202182_at	0.03988449	1.33e-02	2.7478457	-3.42346	0.17944946	KAT2A	lysine acetyltransferase 2A
219744_at	0.03990421	1.33e-02	-2.7473873	-3.42437	-0.12382306	FN3K	fructosamine 3 kinase
207881_at	0.03990421	1.33e-02	-2.7470752	-3.42499	-0.11515932		
216986_s_at	0.03990421	1.33e-02	-2.7470716	-3.425	-0.11301324	IRF4	interferon regulatory factor 4
209948_at	0.03990421	1.33e-02	-2.746969	-3.42521	-0.11861496	KCNMB1	potassium calcium-activated channel subfamily M regulatory beta subunit 1
202458_at	0.03994714	1.33e-02	2.746303	-3.42654	0.14354759	PRSS23	protease, serine 23
203422_at	0.04001229	1.33e-02	2.7453767	-3.42839	0.33433089	POLD1	DAN polymerase delta 1, catalytic subunit
204022_at	0.04016354	1.34e-02	2.7434434	-3.43224	0.15157746	WWP2	WW domain containing E3 ubiquitin protein ligase 2
210567_s_at	0.04019484	1.34e-02	2.7429166	-3.43329	0.23519267	SKP2	S-phase kinase-associated protein 2, E3 ubiquitin protein ligase
221337_s_at	0.04024082	1.34e-02	-2.7422186	-3.43469	-0.10929082	LOC101928551///ADAM29	uncharacterized LOC101928551///ADAM metallopeptidase domain 29
203186_s_at	0.04032083	1.35e-02	2.7411246	-3.43687	0.4632564	S100A4	S100 calcium binding protein A4
221649_s_at	0.04039108	1.35e-02	2.7401459	-3.43882	0.12497915	PPAN-P2RY11///PPAN	PPAN-P2RY11 readthrough///peter pan homolog (Drosophila)
207662_at	0.040458	1.35e-02	-2.7392072	-3.44069	-0.1655798	TBX1	T-box 1
205948_at	0.04046745	1.35e-02	-2.7389367	-3.44123	-0.11750736	PTPRT	protein tyrosine phosphatase, receptor type T
204694_at	0.0405784	1.36e-02	-2.7373317	-3.44443	-0.1194831	AFP	alpha fetoprotein
204847_at	0.0405784	1.36e-02	2.7371898	-3.44472	0.3114275	ZBTB11	zinc finger and BTB domain containing 11
216963_s_at	0.0405784	1.36e-02	-2.7371681	-3.44476	-0.13467434	GAP43	growth associated protein 43
206513_at	0.04060972	1.36e-02	-2.7366141	-3.44587	-0.12325315	AIM2	absent in melanoma 2
206940_s_at	0.04060972	1.36e-02	-2.7364845	-3.44612	-0.0933492	POU4F1	POU class 4 homeobox 1
207820_at	0.04070203	1.36e-02	-2.7352567	-3.44857	-0.13473665	ADH1A	alcohol dehydrogenase 1A (class I), alpha polypeptide
213775_x_at	0.04073474	1.37e-02	2.7345573	-3.44997	0.3070969	ZNF638-IT1///ZNF638	ZNF638 intronic transcript 1///zinc finger protein 638
210797_s_at	0.04073474	1.37e-02	-2.7343745	-3.45033	-0.14159797	OASL	2'-5'-oligoadenylate synthetase like
37004_at	0.04073474	1.37e-02	-2.7342635	-3.45055	-0.10511352	SFTPB	surfactant protein B
219155_at	0.04073474	1.37e-02	-2.734238	-3.4506	-0.16796677	PITPNC1	phosphatidylinositol transfer protein, cytoplasmic 1
207391_s_at	0.04074158	1.37e-02	2.7339989	-3.45108	0.20242218	PIP5K1A	phosphatidylinositol-4-phosphate 5-kinase type 1 alpha
208654_s_at	0.04077405	1.37e-02	2.7333459	-3.45238	0.34777313	CD164	CD164 molecule
206682_at	0.04077405	1.37e-02	-2.7333041	-3.45246	-0.15430342	CLEC10A	C-type lectin domain family 10 member A
201221_s_at	0.04078541	1.37e-02	2.7330131	-3.45304	0.20595632	SNRNP70	small nuclear ribonucleoprotein U1 subunit 70
215918_s_at	0.04080001	1.37e-02	-2.7326848	-3.4537	-0.07747442	SPTBN1	spectrin beta, non-erythrocytic 1
206608_s_at	0.04080713	1.37e-02	-2.7324429	-3.45418	-0.11277582	RPGRIP1	retinitis pigmentosa GTPase regulator interacting protein 1
220951_s_at	0.04081156	1.37e-02	-2.732232	-3.4546	-0.10990968	A1CF	APOBEC1 complementation factor
207137_at	0.0408466	1.37e-02	2.7316686	-3.45572	0.13135394	TONSL	tonsoku-like, DNA repair protein
205478_at	0.04085096	1.38e-02	-2.7313435	-3.45637	-0.17217685	PPP1R1A	protein phosphatase 1 regulatory inhibitor subunit 1A
206656_s_at	0.04085096	1.38e-02	2.731299	-3.45646	0.23426685	APMAP	adipocyte plasma membrane associated protein
208464_at	0.04085423	1.38e-02	-2.7311016	-3.45685	-0.08656134	GRIA4	glutamate ionotropic receptor AMPA type subunit 4
39817_s_at	0.0408891	1.38e-02	2.7304805	-3.45809	0.24362923	DNPH1	2'-deoxynucleoside 5'-phosphate N-hydrolase 1
205133_s_at	0.0408891	1.38e-02	2.7303813	-3.45829	0.29230931	HSPE1	heat shock protein family E (Hsp10) member 1
204122_at	0.04093747	1.38e-02	-2.7296656	-3.45971	-0.56379859	TYROBP	TYRO protein tyrosine kinase binding protein
221217_s_at	0.04101073	1.38e-02	-2.7286652	-3.4617	-0.13011681	RBFOX1	RNA binding protein, fox-1 homolog 1
177_at	0.04108098	1.39e-02	2.7276658	-3.46369	0.13259637	PLD1	phospholipase D1
206596_s_at	0.04108098	1.39e-02	-2.7275412	-3.46394	-0.09076051	NRL	neural retina leucine zipper
216015_s_at	0.04113247	1.39e-02	-2.7267926	-3.46543	-0.19988474	NLRP3	NLR family pyrin domain containing 3
220125_at	0.04115302	1.39e-02	-2.7261019	-3.46681	-0.17488935	DNAI1	dynein axonemal intermediate chain 1
202551_s_at	0.04115302	1.39e-02	-2.7260849	-3.46684	-0.31860276	LOC101929500///CRIM1	uncharacterized LOC101929500///cysteine rich transmembrane BMP regulator 1
203152_at	0.04115302	1.39e-02	2.7259757	-3.46706	0.19571199	MRPL40	mitochondrial ribosomal protein L40
205936_s_at	0.04115302	1.39e-02	-2.7259208	-3.46717	-0.16654075	HK3	hexokinase 3
32836_at	0.04118677	1.39e-02	2.7253759	-3.46825	0.3872074	AGPAT1	1-acylglycerol-3-phosphate O-acyltransferase 1
205240_at	0.04128314	1.40e-02	2.7240305	-3.47093	0.19847904	GPSM2	G-protein signaling modulator 2
203732_at	0.04128314	1.40e-02	2.7238729	-3.47124	0.23286273	TRIP4	thyroid hormone receptor interactor 4
205999_x_at	0.04128314	1.40e-02	-2.7237992	-3.47139	-0.11611644	CYP3A4	cytochrome P450 family 3 subfamily A member 4
221684_s_at	0.04129019	1.40e-02	-2.7235599	-3.47187	-0.08230532	NYX	nyctalopin
206413_s_at	0.04136918	1.40e-02	-2.7225016	-3.47397	-0.10944803	TCL1B	T-cell leukemia/lymphoma 1B
200867_at	0.04137954	1.40e-02	2.7222249	-3.47452	0.23468847	RNF114	ring finger protein 114
216994_s_at	0.04144484	1.41e-02	-2.7213239	-3.47631	-0.11674611	RUNX2	runt related transcription factor 2
205246_at	0.041506	1.41e-02	2.7204711	-3.47801	0.33717689	PEX13	peroxisomal biogenesis factor 13
213161_at	0.04151985	1.41e-02	2.7199984	-3.47895	0.17374868	TSTD2///TMOD1	thiosulfate sulfurtransferase like domain containing 2///tropomodulin 1
213698_at	0.04151985	1.41e-02	2.7199966	-3.47895	0.28434188	TMEM35B///ZMYM6	transmembrane protein 35B///zinc finger MYM-type containing 6
201119_s_at	0.04154052	1.41e-02	2.7196038	-3.47974	0.2199646	COX8A	cytochrome c oxidase subunit 8A
218264_at	0.04158083	1.41e-02	2.7189886	-3.48096	0.15498349	BCCIP	BRCA2 and CDKN1A interacting protein
204955_at	0.04160212	1.41e-02	-2.7185891	-3.48175	-0.21315617	SRPX	sushi repeat containing protein, X-linked
200735_x_at	0.04165129	1.42e-02	-2.7178745	-3.48317	-0.17723974	NACA	nascent polypeptide-associated complex alpha subunit
214096_s_at	0.04186144	1.42e-02	2.7151359	-3.48862	0.20056824	SHMT2	serine hydroxymethyltransferase 2
203868_s_at	0.04186144	1.42e-02	-2.7150485	-3.48879	-0.90873557	VCAM1	vascular cell adhesion molecule 1
204328_at	0.04186144	1.42e-02	2.7150294	-3.48883	0.18336971	TMC6	transmembrane channel like 6
201527_at	0.04187979	1.43e-02	2.7146647	-3.48955	0.14997169	LOC101927180///ATP6V1F	V-type proton ATPase subunit F pseudogene///ATPase H+ transporting V1 subunit F
204443_at	0.04189036	1.43e-02	-2.7143876	-3.4901	-0.12523704	ARSA	arylsulfatase A
204998_s_at	0.04189215	1.43e-02	2.7141369	-3.4906	0.17198684	ATF5	activating transcription factor 5
201397_at	0.04189215	1.43e-02	-2.7140512	-3.49077	-0.26550643	PHGDH	phosphoglycerate dehydrogenase
210799_at	0.04208671	1.43e-02	-2.7117103	-3.49542	-0.13366534	HTR1B	5-hydroxytryptamine receptor 1B
205764_at	0.04218479	1.44e-02	-2.7104555	-3.49792	-0.15564112	CSNK1A1	casein kinase 1 alpha 1
205231_s_at	0.04224531	1.44e-02	2.709622	-3.49957	0.12188439	EPM2A	epilepsy, progressive myoclonus type 2A, Lafora disease (laforin)
204439_at	0.04226977	1.44e-02	-2.7090089	-3.50079	-0.3374208	IFI44L	interferon induced protein 44 like
214427_at	0.04226977	1.44e-02	2.7089828	-3.50084	0.17642763	NOP2	NOP2 nucleolar protein
209581_at	0.04226977	1.44e-02	-2.7088753	-3.50105	-0.1090868	PLA2G16	phospholipase A2 group XVI
221898_at	0.04235597	1.45e-02	-2.7077574	-3.50327	-0.14787802	PDPN	podoplanin
202110_at	0.0423833	1.45e-02	2.7072956	-3.50419	0.22423524	COX7B	cytochrome c oxidase subunit 7B
213052_at	0.04240373	1.45e-02	2.706881	-3.50501	0.14951279	PRKAR2A	protein kinase cAMP-dependent type II regulatory subunit alpha
217860_at	0.04240373	1.45e-02	2.7066985	-3.50537	0.25184034	NDUFA10	NADH:ubiquinone oxidoreductase subunit A10
216266_s_at	0.04240373	1.45e-02	2.7065953	-3.50558	0.32162127	ARFGEF1	ADP ribosylation factor guanine nucleotide exchange factor 1
203367_at	0.0424847	1.45e-02	2.7055384	-3.50768	0.1427612	DUSP14	dual specificity phosphatase 14
202081_at	0.04250476	1.45e-02	-2.7051584	-3.50843	-0.45163806	IER2	immediate early response 2
205423_at	0.04259222	1.46e-02	2.7040317	-3.51067	0.19096884	AP1B1	adaptor related protein complex 1 beta 1 subunit
208082_x_at	0.04266089	1.46e-02	-2.7031147	-3.51249	-0.17144758		
206032_at	0.042715	1.46e-02	-2.7023596	-3.51398	-0.12014245	DSC3	desmocollin 3
218080_x_at	0.0427777	1.47e-02	2.7015105	-3.51567	0.23383567	FAF1	Fas associated factor 1
203599_s_at	0.04277924	1.47e-02	2.701336	-3.51601	0.16943936	WBP4	WW domain binding protein 4
205470_s_at	0.04281561	1.47e-02	-2.700778	-3.51712	-0.10609618	KLK11	kallikrein related peptidase 11
212067_s_at	0.04294478	1.47e-02	-2.6992	-3.52025	-0.16576275	C1R	complement C1r subcomponent
201622_at	0.04306999	1.48e-02	2.6976694	-3.52328	0.18414912	SND1	staphylococcal nuclease and tudor domain containing 1
202789_at	0.04307687	1.48e-02	-2.6974368	-3.52374	-0.11950162	PLCG1	phospholipase C gamma 1
207693_at	0.04321199	1.48e-02	-2.695802	-3.52698	-0.13306958	CACNB4	calcium voltage-gated channel auxiliary subunit beta 4
206416_at	0.04322406	1.48e-02	2.6955132	-3.52756	0.12527307	ZNF205	zinc finger protein 205
218011_at	0.04324614	1.49e-02	2.695115	-3.52835	0.25048138	UBL5	ubiquitin like 5
210105_s_at	0.04334239	1.49e-02	-2.6938408	-3.53087	-0.29062304	FYN	FYN proto-oncogene, Src family tyrosine kinase
204133_at	0.04334239	1.49e-02	2.6937518	-3.53105	0.15721563	RRP9	ribosomal RNA processing 9, small subunit (SSU) processome component, homolog (yeast)
202748_at	0.04340914	1.49e-02	-2.6928686	-3.5328	-0.33555386	GBP2	guanylate binding protein 2
218435_at	0.0434238	1.49e-02	2.6925524	-3.53342	0.36574837	DNAJC15	DnaJ heat shock protein family (Hsp40) member C15
201843_s_at	0.04343244	1.49e-02	-2.6921148	-3.53429	-0.08625409	EFEMP1	EGF containing fibulin like extracellular matrix protein 1
218835_at	0.04343244	1.50e-02	-2.6920222	-3.53447	-0.12264247	SFTPA2///SFTPA1	surfactant protein A2///surfactant protein A1
219113_x_at	0.04343244	1.50e-02	-2.6918718	-3.53477	-0.1397511	HSD17B14	hydroxysteroid 17-beta dehydrogenase 14
201589_at	0.04343244	1.50e-02	2.6917352	-3.53504	0.36515056	SMC1A	structural maintenance of chromosomes 1A
206681_x_at	0.04343244	1.50e-02	-2.6915556	-3.5354	-0.10975117	GP2	glycoprotein 2
212296_at	0.04343244	1.50e-02	2.6914241	-3.53566	0.26075258	PSMD14	proteasome 26S subunit, non-ATPase 14
201885_s_at	0.04343244	1.50e-02	2.6913613	-3.53578	0.23690109	CYB5R3	cytochrome b5 reductase 3
216331_at	0.04346258	1.50e-02	-2.6908773	-3.53674	-0.0925451	ITGA7	integrin subunit alpha 7
201431_s_at	0.04350464	1.50e-02	2.690166	-3.53815	0.55993699	DPYSL3	dihydropyrimidinase like 3
201189_s_at	0.04350464	1.50e-02	-2.6901078	-3.53826	-0.22408262	ITPR3	inositol 1,4,5-trisphosphate receptor type 3
202381_at	0.04356151	1.50e-02	2.6893346	-3.53979	0.11332764	ADAM9	ADAM metallopeptidase domain 9
207160_at	0.04357352	1.50e-02	-2.6890481	-3.54036	-0.09641298	IL12A	interleukin 12A
209262_s_at	0.04358111	1.51e-02	2.6888096	-3.54083	0.14642488	NR2F6	nuclear receptor subfamily 2 group F member 6
204050_s_at	0.04365506	1.51e-02	2.6877703	-3.54289	0.28983626	CLTA	clathrin light chain A
204393_s_at	0.04365506	1.51e-02	-2.6876965	-3.54304	-0.13073767	ACPP	acid phosphatase, prostate
202950_at	0.04374911	1.51e-02	2.6865242	-3.54536	0.37136992	CRYZ	crystallin zeta
206856_at	0.04380276	1.52e-02	-2.6857892	-3.54681	-0.14484574	LILRB5	leukocyte immunoglobulin like receptor B5
201820_at	0.04380987	1.52e-02	-2.6855564	-3.54727	-0.10969548	KRT5	keratin 5
211330_s_at	0.04388734	1.52e-02	-2.6845659	-3.54923	-0.10223419	HFE	hemochromatosis
214502_at	0.04389127	1.52e-02	-2.6843676	-3.54962	-0.10193493	HIST1H2BJ	histone cluster 1, H2bj
202246_s_at	0.04393154	1.52e-02	2.6837784	-3.55079	0.3038377	CDK4	cyclin dependent kinase 4
206914_at	0.0439511	1.52e-02	-2.6834122	-3.55151	-0.12475452	CRTAM	cytotoxic and regulatory T-cell molecule
201771_at	0.04398289	1.52e-02	2.6829148	-3.5525	0.10636911	SCAMP3	secretory carrier membrane protein 3
206112_at	0.04402487	1.53e-02	-2.6823082	-3.5537	-0.13426414	ANKRD7	ankyrin repeat domain 7
205419_at	0.04415273	1.53e-02	-2.6806736	-3.55693	-0.48804197	GPR183	G protein-coupled receptor 183
202564_x_at	0.04415273	1.53e-02	2.6806264	-3.55702	0.21285172	ARL2	ADP ribosylation factor like GTPase 2
221805_at	0.04418304	1.53e-02	-2.6799929	-3.55827	-0.08847743	NEFL	neurofilament, light polypeptide
219400_at	0.04418304	1.53e-02	-2.6799908	-3.55828	-0.10170854	CNTNAP1	contactin associated protein 1
208282_x_at	0.04422719	1.54e-02	-2.6793632	-3.55952	-0.11740155	DAZ4///DAZ2///DAZ3///DAZ1	deleted in azoospermia 4///deleted in azoospermia 2///deleted in azoospermia 3///deleted in azoospermia 1
201460_at	0.0442614	1.54e-02	-2.67872	-3.56079	-0.31288444	MAPKAPK2	mitogen-activated protein kinase-activated protein kinase 2
209112_at	0.0442614	1.54e-02	2.6786867	-3.56085	0.40609304	CDKN1B	cyclin dependent kinase inhibitor 1B
207325_x_at	0.0442846	1.54e-02	-2.6782836	-3.56165	-0.11949231	MAGEA1	MAGE family member A1
218499_at	0.04438505	1.54e-02	2.6770572	-3.56407	0.25938235	STK26	serine/threonine protein kinase 26
200957_s_at	0.04450673	1.55e-02	2.6756076	-3.56694	0.32070436	SSRP1	structure specific recognition protein 1
204956_at	0.04454362	1.55e-02	2.6750605	-3.56802	0.16014164	MTAP	methylthioadenosine phosphorylase
204233_s_at	0.04472893	1.56e-02	2.6729423	-3.5722	0.2024455	CHKA	choline kinase alpha
211362_s_at	0.0447979	1.56e-02	-2.6719401	-3.57418	-0.11902828	SERPINB13	serpin family B member 13
208191_x_at	0.0447979	1.56e-02	-2.671903	-3.57425	-0.09979894	PSG4	pregnancy specific beta-1-glycoprotein 4
218432_at	0.04479867	1.56e-02	2.6717223	-3.57461	0.2435327	FBXO3	F-box protein 3
221019_s_at	0.04479867	1.56e-02	-2.6715845	-3.57488	-0.12356619	COLEC12	collectin subfamily member 12
202693_s_at	0.04480199	1.56e-02	2.6713943	-3.57526	0.23233479	STK17A	serine/threonine kinase 17a
204897_at	0.04485518	1.56e-02	-2.670678	-3.57667	-0.6804913	PTGER4	prostaglandin E receptor 4
206339_at	0.04489616	1.57e-02	-2.6700373	-3.57794	-0.11967189	CARTPT	CART prepropeptide
206991_s_at	0.04489616	1.57e-02	-2.6699361	-3.57814	-0.13254987	CCR5	C-C motif chemokine receptor 5 (gene/pseudogene)
207583_at	0.0449207	1.57e-02	-2.6695226	-3.57895	-0.17085534	ABCD2	ATP binding cassette subfamily D member 2
205415_s_at	0.04495313	1.57e-02	2.6690263	-3.57993	0.14813406	ATXN3	ataxin 3
220120_s_at	0.04503156	1.57e-02	-2.6679757	-3.58201	-0.13606345	EPB41L4A	erythrocyte membrane protein band 4.1 like 4A
218923_at	0.04503156	1.57e-02	2.667892	-3.58217	0.1525027	CTBS	chitobiase
209467_s_at	0.04503349	1.57e-02	2.6677169	-3.58252	0.1259028	MKNK1	MAP kinase interacting serine/threonine kinase 1
217110_s_at	0.0450825	1.58e-02	2.6670475	-3.58384	0.17969811	MUC4	mucin 4, cell surface associated
207519_at	0.0450993	1.58e-02	-2.6667166	-3.58449	-0.12324745	SLC6A4	solute carrier family 6 member 4
203504_s_at	0.04511241	1.58e-02	-2.6664243	-3.58507	-0.158296	ABCA1	ATP binding cassette subfamily A member 1
203856_at	0.04517248	1.58e-02	2.66564	-3.58661	0.28099543	VRK1	vaccinia related kinase 1
205536_at	0.0452169	1.58e-02	-2.6650204	-3.58783	-0.1089153	VAV2	vav guanine nucleotide exchange factor 2
205190_at	0.04523985	1.58e-02	2.6645203	-3.58882	0.32955243	PLS1	plastin 1
221306_at	0.04523985	1.58e-02	-2.6644425	-3.58897	-0.14090685	GPR27	G protein-coupled receptor 27
206318_at	0.04523985	1.59e-02	-2.6643168	-3.58922	-0.14793356	EPPIN-WFDC6///EPPIN	EPPIN-WFDC6 readthrough///epididymal peptidase inhibitor
201531_at	0.04524352	1.59e-02	-2.6641241	-3.5896	-0.52317639	ZFP36	ZFP36 ring finger protein
207725_at	0.04526303	1.59e-02	-2.6637326	-3.59037	-0.14844135	POU4F2	POU class 4 homeobox 2
220848_x_at	0.04526303	1.59e-02	-2.6635238	-3.59079	-0.18624645	OBP2A	odorant binding protein 2A
215243_s_at	0.04526303	1.59e-02	-2.6634572	-3.59092	-0.11731382	GJB3	gap junction protein beta 3
201434_at	0.04526715	1.59e-02	2.6632598	-3.59131	0.16573804	TTC1	tetratricopeptide repeat domain 1
203951_at	0.04528448	1.59e-02	-2.6629245	-3.59197	-0.13350197	CNN1	calponin 1
203001_s_at	0.04533202	1.59e-02	-2.6621347	-3.59352	-0.13265849	STMN2	stathmin 2
220621_at	0.04533202	1.59e-02	-2.6621197	-3.59355	-0.11307028	FOXE3	forkhead box E3
206896_s_at	0.0453479	1.59e-02	-2.6617998	-3.59418	-0.21328306	GNG7	G protein subunit gamma 7
203713_s_at	0.0453819	1.60e-02	2.6612911	-3.59519	0.11731402	LLGL2	LLGL2, scribble cell polarity complex component
207698_at	0.0456173	1.60e-02	-2.6586875	-3.60032	-0.0873847	LINC01558	long intergenic non-protein coding RNA 1558
207537_at	0.04562829	1.61e-02	-2.65828	-3.60112	-0.13337645	PFKFB1	6-phosphofructo-2-kinase/fructose-2,6-biphosphatase 1
219076_s_at	0.04562829	1.61e-02	2.6582656	-3.60115	0.2101138	PXMP2	peroxisomal membrane protein 2
217207_s_at	0.0457006	1.61e-02	-2.6573619	-3.60293	-0.09223452	BTNL3	butyrophilin like 3
221307_at	0.04571041	1.61e-02	-2.6571064	-3.60343	-0.12152445	KCNIP1	potassium voltage-gated channel interacting protein 1
207826_s_at	0.0457391	1.61e-02	-2.6566555	-3.60432	-0.29318455	ID3	inhibitor of DNA binding 3, HLH protein
205200_at	0.04577601	1.61e-02	-2.6561198	-3.60538	-0.15730787	EXOSC7///CLEC3B	exosome component 7///C-type lectin domain family 3 member B
202658_at	0.04577952	1.61e-02	2.6559298	-3.60575	0.29460117	PEX11B	peroxisomal biogenesis factor 11 beta
205207_at	0.04581871	1.62e-02	-2.6553709	-3.60685	-0.11293987	IL6	interleukin 6
207527_at	0.045832	1.62e-02	-2.65508	-3.60742	-0.1339513	KCNJ9	potassium voltage-gated channel subfamily J member 9
208938_at	0.04584147	1.62e-02	2.6547452	-3.60808	0.21290722	PRCC	papillary renal cell carcinoma (translocation-associated)
201540_at	0.04584147	1.62e-02	2.654675	-3.60822	0.51607322	FHL1	four and a half LIM domains 1
207222_at	0.04589515	1.62e-02	-2.6539672	-3.60961	-0.11660757	LOC100652777///PLA2G10	group 10 secretory phospholipase A2-like///phospholipase A2 group X
210670_at	0.04592824	1.62e-02	-2.6534379	-3.61066	-0.09970784	PPY	pancreatic polypeptide
200709_at	0.04592824	1.62e-02	2.653319	-3.61089	0.45709613	LOC101929368///FKBP1A	uncharacterized LOC101929368///FK506 binding protein 1A
220679_s_at	0.04595888	1.62e-02	-2.6528497	-3.61181	-0.12985039	CDH7	cadherin 7
205085_at	0.04597037	1.63e-02	2.652578	-3.61235	0.23917162	ORC1	origin recognition complex subunit 1
202069_s_at	0.04598282	1.63e-02	2.6522965	-3.6129	0.23135528	IDH3A	isocitrate dehydrogenase 3 (NAD(+)) alpha
205427_at	0.04605998	1.63e-02	2.6511635	-3.61513	0.16277307	ZNF354A	zinc finger protein 354A
207959_s_at	0.04605998	1.63e-02	-2.651046	-3.61536	-0.16092285	DNAH9	dynein axonemal heavy chain 9
200007_at	0.04605998	1.63e-02	2.6510426	-3.61537	0.18096616	SRP14	signal recognition particle 14
217757_at	0.04606432	1.63e-02	-2.6508449	-3.61576	-0.28641335	A2M	alpha-2-macroglobulin
200656_s_at	0.04615279	1.63e-02	2.6497825	-3.61785	0.43703247	P4HB	prolyl 4-hydroxylase subunit beta
202979_s_at	0.04626607	1.64e-02	2.648445	-3.62048	0.26483052	CREBZF	CREB/ATF bZIP transcription factor
200614_at	0.04626607	1.64e-02	2.6482192	-3.62092	0.33612412	CLTC	clathrin heavy chain
204774_at	0.04626607	1.64e-02	-2.6481618	-3.62104	-0.33403679	EVI2A	ecotropic viral integration site 2A
203600_s_at	0.04635221	1.64e-02	2.6471272	-3.62307	0.20220675	FAM193A	family with sequence similarity 193 member A
206720_at	0.0463627	1.64e-02	-2.6468671	-3.62358	-0.10209969	MGAT5	mannosyl (alpha-1,6-)-glycoprotein beta-1,6-N-acetyl-glucosaminyltransferase
221168_at	0.04637034	1.65e-02	-2.6466362	-3.62404	-0.12593137	PRDM13	PR/SET domain 13
205475_at	0.04650095	1.65e-02	-2.6451499	-3.62696	-0.09750883	SCRG1	stimulator of chondrogenesis 1
210029_at	0.04651894	1.65e-02	-2.6448138	-3.62762	-0.12897073	IDO1	indoleamine 2,3-dioxygenase 1
205552_s_at	0.04653638	1.65e-02	-2.6444834	-3.62827	-0.1720236	OAS1	2'-5'-oligoadenylate synthetase 1
206826_at	0.04661015	1.66e-02	-2.6435796	-3.63005	-0.07228193	PMP2	peripheral myelin protein 2
218232_at	0.04661474	1.66e-02	-2.6433803	-3.63044	-0.79724848	C1QA	complement C1q A chain
200022_at	0.04666946	1.66e-02	-2.6426714	-3.63183	-0.20503485	RPL18	ribosomal protein L18
203725_at	0.04679	1.67e-02	2.6410604	-3.635	0.42227374	GADD45A	growth arrest and DNA damage inducible alpha
64371_at	0.04679	1.67e-02	2.6410416	-3.63503	0.12310767	SUGP2	SURP and G-patch domain containing 2
220202_s_at	0.04679	1.67e-02	2.6408837	-3.63534	0.27144655	RC3H2	ring finger and CCCH-type domains 2
219211_at	0.04679	1.67e-02	-2.6408381	-3.63543	-0.14894319	USP18	ubiquitin specific peptidase 18
216520_s_at	0.04681272	1.67e-02	-2.6404555	-3.63619	-0.25909903	LOC101928826///TPT1	uncharacterized LOC101928826///tumor protein, translationally-controlled 1
203758_at	0.04684345	1.67e-02	-2.639992	-3.6371	-0.2332522	CTSO	cathepsin O
221143_at	0.04693025	1.67e-02	-2.6389614	-3.63912	-0.09764441	RPA4	replication protein A4
208754_s_at	0.04695133	1.67e-02	2.6385961	-3.63984	0.20355963	NAP1L1	nucleosome assembly protein 1 like 1
203666_at	0.04697929	1.68e-02	-2.6381614	-3.64069	-0.37036768	CXCL12	C-X-C motif chemokine ligand 12
209942_x_at	0.04710893	1.68e-02	-2.6367016	-3.64356	-0.14107992	MAGEA6///MAGEA3	MAGE family member A6///MAGE family member A3
220552_at	0.0471585	1.68e-02	-2.6360504	-3.64484	-0.10449914	TRPC5	transient receptor potential cation channel subfamily C member 5
205568_at	0.04719603	1.68e-02	-2.6355207	-3.64588	-0.13809638	AQP9	aquaporin 9
220759_at	0.04720231	1.69e-02	-2.6353056	-3.6463	-0.11624441	EDDM3B	epididymal protein 3B
205413_at	0.04720473	1.69e-02	-2.6351293	-3.64664	-0.3912767	MPPED2	metallophosphoesterase domain containing 2
220780_at	0.04725191	1.69e-02	-2.6345032	-3.64787	-0.09047948	PLA2G3	phospholipase A2 group III
213357_at	0.04732667	1.69e-02	2.6336008	-3.64964	0.24544407	GTF2H5	general transcription factor IIH subunit 5
218192_at	0.04733349	1.69e-02	2.6333806	-3.65008	0.28555973	IP6K2	inositol hexakisphosphate kinase 2
209061_at	0.04735545	1.69e-02	2.6330086	-3.65081	0.17750473	NCOA3	nuclear receptor coactivator 3
219976_at	0.04750882	1.70e-02	2.6313216	-3.65411	0.13684107	HOOK1	hook microtubule tethering protein 1
214490_at	0.04751324	1.70e-02	-2.6311257	-3.6545	-0.09908686	ARSF	arylsulfatase F
220992_s_at	0.04756362	1.70e-02	2.6304707	-3.65578	0.33081542	TRMT1L	tRNA methyltransferase 1 like
220034_at	0.04768095	1.71e-02	-2.6290067	-3.65865	-0.16636942	IRAK3	interleukin 1 receptor associated kinase 3
210305_at	0.04768095	1.71e-02	-2.6289973	-3.65867	-0.10349239	PDE4DIP	phosphodiesterase 4D interacting protein
200975_at	0.04775535	1.71e-02	2.6281052	-3.66042	0.19363058	PPT1	palmitoyl-protein thioesterase 1
218354_at	0.04788234	1.72e-02	2.6266749	-3.66323	0.32478463	TRAPPC2L	trafficking protein particle complex 2 like
209014_at	0.04788234	1.72e-02	2.6265407	-3.66349	0.24937679	MAGED1	MAGE family member D1
221324_at	0.04792883	1.72e-02	-2.6259281	-3.66469	-0.08265266	TAS2R1	taste 2 receptor member 1
214179_s_at	0.04799542	1.72e-02	2.625117	-3.66628	0.15866449	NFE2L1	nuclear factor, erythroid 2 like 1
202244_at	0.04819302	1.73e-02	2.6230132	-3.6704	0.20238414	PSMB4	proteasome subunit beta 4
217844_at	0.04824241	1.73e-02	2.622375	-3.67165	0.1923413	CTDSP1	CTD small phosphatase 1
210095_s_at	0.04828045	1.73e-02	-2.621849	-3.67268	-0.12051955	IGFBP3	insulin like growth factor binding protein 3
210176_at	0.04832119	1.74e-02	-2.6211745	-3.674	-0.20659603	TLR1	toll like receptor 1
203570_at	0.04832119	1.74e-02	2.6211455	-3.67406	0.29309709	LOXL1	lysyl oxidase like 1
204966_at	0.04833612	1.74e-02	-2.6208475	-3.67464	-0.08402841	ADGRB2	adhesion G protein-coupled receptor B2
204605_at	0.04852819	1.75e-02	2.618811	-3.67863	0.16540027	CGRRF1	cell growth regulator with ring finger domain 1
213313_at	0.04854012	1.75e-02	2.6185429	-3.67915	0.25360577	RABGAP1	RAB GTPase activating protein 1
214491_at	0.04860303	1.75e-02	-2.617776	-3.68065	-0.09702517	SSTR3	somatostatin receptor 3
207214_at	0.0486352	1.75e-02	-2.6173103	-3.68157	-0.10440766	SPINK4	serine peptidase inhibitor, Kazal type 4
202592_at	0.04874786	1.76e-02	-2.6160589	-3.68401	-0.13844997	BLOC1S1	biogenesis of lysosomal organelles complex 1 subunit 1
220244_at	0.04881047	1.76e-02	-2.6152974	-3.6855	-0.11452211	LINC00312	long intergenic non-protein coding RNA 312
209757_s_at	0.04884763	1.76e-02	2.6147718	-3.68653	0.6007017	MYCN	v-myc avian myelocytomatosis viral oncogene neuroblastoma derived homolog
203865_s_at	0.04884763	1.76e-02	2.6146335	-3.6868	0.14105388	ADARB1	adenosine deaminase, RNA specific B1
201690_s_at	0.04888545	1.76e-02	2.6139941	-3.68805	0.27900935	TPD52	tumor protein D52
207124_s_at	0.04888545	1.76e-02	-2.6139636	-3.68811	-0.1598334	GNB5	G protein subunit beta 5
211169_s_at	0.04895609	1.77e-02	2.6131259	-3.68975	0.09328711	PPP1R3A	protein phosphatase 1 regulatory subunit 3A
220113_x_at	0.04897244	1.77e-02	-2.6128163	-3.69036	-0.14815382	POLR1B	RNA polymerase I subunit B
218009_s_at	0.04897485	1.77e-02	2.6126421	-3.6907	0.45024233	PRC1	protein regulator of cytokinesis 1
200016_x_at	0.04915045	1.77e-02	-2.6107477	-3.6944	-0.26486673	HNRNPA1P10///HNRNPA1	heterogeneous nuclear ribonucleoprotein A1 pseudogene 10///heterogeneous nuclear ribonucleoprotein A1
201390_s_at	0.04915045	1.78e-02	2.6106379	-3.69462	0.21582787	CSNK2B	casein kinase 2 beta
200903_s_at	0.0491738	1.78e-02	2.6102612	-3.69535	0.28822793	AHCY	adenosylhomocysteinase
203612_at	0.04921041	1.78e-02	2.6097564	-3.69634	0.19235821	BYSL	bystin like
220288_at	0.04933969	1.78e-02	-2.6083572	-3.69907	-0.10361514	MYO15A	myosin XVA
221469_at	0.04939738	1.79e-02	-2.6076505	-3.70045	-0.10898973	GPR32	G protein-coupled receptor 32
219104_at	0.04956692	1.79e-02	2.6058688	-3.70393	0.11970334	RNF141	ring finger protein 141
220383_at	0.04961677	1.80e-02	-2.6051984	-3.70524	-0.10554981	ABCG5	ATP binding cassette subfamily G member 5
202221_s_at	0.04961677	1.80e-02	2.6050894	-3.70546	0.19360809	EP300	E1A binding protein p300
201000_at	0.04964092	1.80e-02	2.6047073	-3.7062	0.15251565	AARS	alanyl-tRNA synthetase
200655_s_at	0.04964223	1.80e-02	2.6045418	-3.70653	0.18706523	CALM3///CALM2///CALM1	calmodulin 3///calmodulin 2///calmodulin 1
202005_at	0.04964223	1.80e-02	-2.6043942	-3.70681	-0.14210045	ST14	suppression of tumorigenicity 14
207306_at	0.04972194	1.80e-02	2.603399	-3.70876	0.14591639	TCF15	transcription factor 15 (basic helix-loop-helix)
211956_s_at	0.04972194	1.80e-02	-2.6033297	-3.70889	-0.22757738	EIF1	eukaryotic translation initiation factor 1
204679_at	0.04976749	1.80e-02	-2.6027435	-3.71004	-0.14426551	KCNK1	potassium two pore domain channel subfamily K member 1
218995_s_at	0.04981266	1.81e-02	-2.6021613	-3.71117	-0.08540479	EDN1	endothelin 1
209093_s_at	0.04997269	1.81e-02	2.6004833	-3.71445	0.13051622	GBAP1///GBA	glucosylceramidase beta pseudogene 1///glucosylceramidase beta
219909_at	0.05001014	1.82e-02	-2.59984	-3.7157	-0.12957093	MMP28	matrix metallopeptidase 28
203867_s_at	0.05001014	1.82e-02	2.5998263	-3.71573	0.18603011	NLE1	notchless homolog 1
202477_s_at	0.05002139	1.82e-02	2.5995692	-3.71623	0.16216266	TUBGCP2	tubulin gamma complex associated protein 2
208556_at	0.05012447	1.82e-02	-2.5984384	-3.71844	-0.08633312	GPR31	G protein-coupled receptor 31
207495_at	0.05016866	1.82e-02	2.5978687	-3.71955	0.1119214	RAB28	RAB28, member RAS oncogene family
211800_s_at	0.05017831	1.82e-02	2.5975221	-3.72023	0.18853264	USP4	ubiquitin specific peptidase 4
204161_s_at	0.05017831	1.83e-02	2.5974491	-3.72037	0.16970737	ENPP4	ectonucleotide pyrophosphatase/phosphodiesterase 4 (putative)
220727_at	0.05017831	1.83e-02	-2.5973275	-3.72061	-0.07952331	KCNK10	potassium two pore domain channel subfamily K member 10
209805_at	0.05018092	1.83e-02	2.5969234	-3.72139	0.14055093	PMS2CL///PMS2	PMS2 C-terminal like pseudogene///PMS1 homolog 2, mismatch repair system component
208709_s_at	0.05018092	1.83e-02	2.5968233	-3.72159	0.12721999	NRDC	nardilysin convertase
213704_at	0.05018092	1.83e-02	2.596758	-3.72172	0.1962504	SNORD45C///SNORD45A///SNORD45B///RABGGTB	small nucleolar RNA, C/D box 45C///small nucleolar RNA, C/D box 45A///small nucleolar RNA, C/D box 45B///Rab geranylgeranyltransferase beta subunit
206793_at	0.05018092	1.83e-02	2.596704	-3.72182	0.16064243	PNMT	phenylethanolamine N-methyltransferase
219956_at	0.05036262	1.84e-02	2.5948318	-3.72547	0.21106019	GALNT6	polypeptide N-acetylgalactosaminyltransferase 6
219822_at	0.05039728	1.84e-02	2.5943544	-3.7264	0.09195337	MTRF1	mitochondrial translational release factor 1
218213_s_at	0.05049692	1.84e-02	2.5932633	-3.72853	0.25497674	TMEM258	transmembrane protein 258
208582_s_at	0.05061997	1.85e-02	-2.5919534	-3.73108	-0.10268578	DUX1///DUX3///DUX5	double homeobox 1///double homeobox 3///double homeobox 5
200010_at	0.0506209	1.85e-02	-2.5917952	-3.73139	-0.18116429	RPL11	ribosomal protein L11
208396_s_at	0.05068287	1.85e-02	-2.5910624	-3.73282	-0.08337609	PDE1A	phosphodiesterase 1A
200893_at	0.05073924	1.85e-02	2.5902685	-3.73437	0.24158639	TRA2B	transformer 2 beta homolog (Drosophila)
221332_at	0.05073924	1.85e-02	-2.5902336	-3.73443	-0.13250148	BMP15	bone morphogenetic protein 15
203447_at	0.05074475	1.85e-02	2.5900033	-3.73488	0.2581518	PSMD5	proteasome 26S subunit, non-ATPase 5
201698_s_at	0.05074475	1.85e-02	2.5898832	-3.73512	0.26238836	GATC///SRSF9	glutamyl-tRNA amidotransferase subunit C///serine and arginine rich splicing factor 9
221341_s_at	0.05078223	1.86e-02	-2.5893819	-3.73609	-0.10003107	OR1D5	olfactory receptor family 1 subfamily D member 5
204454_at	0.05080705	1.86e-02	-2.5889034	-3.73702	-0.23530507	LDOC1	leucine zipper down-regulated in cancer 1
202037_s_at	0.05080705	1.86e-02	-2.588757	-3.73731	-0.1248576	SFRP1	secreted frizzled related protein 1
213892_s_at	0.05080705	1.86e-02	2.5885562	-3.7377	0.19010801	APRT	adenine phosphoribosyltransferase
209873_s_at	0.05080705	1.86e-02	-2.5884136	-3.73798	-0.101829	PKP3	plakophilin 3
219830_at	0.05080705	1.86e-02	-2.5883334	-3.73813	-0.09589547	RAI1	retinoic acid induced 1
208555_x_at	0.05080705	1.86e-02	-2.5882546	-3.73829	-0.0781767	CST2	cystatin SA
207589_at	0.0509093	1.87e-02	-2.5871466	-3.74045	-0.09455497	ADRA1B	adrenoceptor alpha 1B
202471_s_at	0.05097173	1.87e-02	2.586413	-3.74187	0.1584277	IDH3G	isocitrate dehydrogenase 3 (NAD(+)) gamma
202176_at	0.05099703	1.87e-02	2.5860274	-3.74262	0.18712181	ERCC3	ERCC excision repair 3, TFIIH core complex helicase subunit
205813_s_at	0.05105151	1.87e-02	-2.5853692	-3.74391	-0.08945874	MAT1A	methionine adenosyltransferase 1A
206640_x_at	0.05118001	1.88e-02	-2.5839407	-3.74669	-0.10702243	GAGE12D///GAGE12F///GAGE2A///GAGE12H///GAGE12E///GAGE12B///GAGE12C///GAGE12G///GAGE12I///GAGE7///GAGE6///GAGE5///GAGE4///GAGE2C	G antigen 12D///G antigen 12F///G antigen 2A///G antigen 12H///G antigen 12E///G antigen 12B///G antigen 12C///G antigen 12G///G antigen 12I///G antigen 7///G antigen 6///G antigen 5///G antigen 4///G antigen 2C
212871_at	0.05118001	1.88e-02	2.5838722	-3.74682	0.19796913	MAPKAPK5	mitogen-activated protein kinase-activated protein kinase 5
207193_at	0.05122756	1.88e-02	-2.5832802	-3.74797	-0.12814005	AGRP	agouti related neuropeptide
202953_at	0.05128049	1.88e-02	-2.5826387	-3.74922	-0.67479245	C1QB	complement C1q B chain
206422_at	0.05128742	1.88e-02	-2.5824256	-3.74963	-0.13000258	GCG	glucagon
218316_at	0.05131919	1.89e-02	2.5819814	-3.7505	0.15774103	TIMM9	translocase of inner mitochondrial membrane 9
207805_s_at	0.0514899	1.89e-02	2.5802475	-3.75387	0.2181867	PSMD9	proteasome 26S subunit, non-ATPase 9
203130_s_at	0.05159523	1.90e-02	-2.5791234	-3.75606	-0.09087526	KIF5C	kinesin family member 5C
203453_at	0.05162047	1.90e-02	-2.5787414	-3.7568	-0.12403637	SCNN1A	sodium channel epithelial 1 alpha subunit
206018_at	0.05165592	1.90e-02	-2.5782651	-3.75772	-0.13547247	FOXG1	forkhead box G1
206010_at	0.05165873	1.90e-02	-2.5780907	-3.75806	-0.08190936	HABP2	hyaluronan binding protein 2
201396_s_at	0.05168948	1.90e-02	2.5775665	-3.75908	0.1501408	SGTA	small glutamine rich tetratricopeptide repeat containing alpha
214431_at	0.05168948	1.90e-02	2.5775098	-3.75919	0.2670322	GMPS	guanine monophosphate synthase
200009_at	0.05175947	1.91e-02	2.5767153	-3.76074	0.19314334	GDI2	GDP dissociation inhibitor 2
220135_s_at	0.05176559	1.91e-02	-2.5760767	-3.76198	-0.12229083	SLC7A9	solute carrier family 7 member 9
201876_at	0.05176559	1.91e-02	2.5760431	-3.76204	0.22471472	PON2	paraoxonase 2
208149_x_at	0.05176559	1.91e-02	2.5759423	-3.76224	0.13112922	DDX11	DEAD/H-box helicase 11
214268_s_at	0.05176559	1.91e-02	2.5758558	-3.76241	0.18272682	MTMR4	myotubularin related protein 4
208173_at	0.05176559	1.91e-02	-2.5756489	-3.76281	-0.09716622	IFNB1	interferon beta 1
205216_s_at	0.05176559	1.91e-02	-2.5756467	-3.76281	-0.09146786	APOH	apolipoprotein H
201634_s_at	0.05176559	1.91e-02	2.575622	-3.76286	0.13651115	CYB5B	cytochrome b5 type B
203174_s_at	0.05178998	1.91e-02	2.5752446	-3.76359	0.10406664	ARFRP1	ADP ribosylation factor related protein 1
205907_s_at	0.05178998	1.91e-02	-2.5750685	-3.76394	-0.11416342	OMD	osteomodulin
218850_s_at	0.05178998	1.91e-02	2.5749533	-3.76416	0.17573139	LIMD1	LIM domains containing 1
208072_s_at	0.05202163	1.92e-02	-2.5726604	-3.76861	-0.14769491	DGKD	diacylglycerol kinase delta
218386_x_at	0.05202163	1.92e-02	2.5724357	-3.76905	0.27596322	USP16	ubiquitin specific peptidase 16
203497_at	0.05202163	1.92e-02	2.5723751	-3.76917	0.25179145	MED1	mediator complex subunit 1
206442_at	0.05202163	1.92e-02	-2.5721846	-3.76954	-0.12804073	SEMG1	semenogelin I
203053_at	0.05202163	1.92e-02	2.5720823	-3.76974	0.22040158	BCAS2	breast carcinoma amplified sequence 2
204487_s_at	0.05202814	1.93e-02	-2.5718748	-3.77014	-0.13558405	KCNQ1	potassium voltage-gated channel subfamily Q member 1
206440_at	0.0520665	1.93e-02	-2.5712439	-3.77137	-0.12413426	LIN7A	lin-7 homolog A, crumbs cell polarity complex component
201160_s_at	0.0520665	1.93e-02	2.571215	-3.77142	0.21711128	YBX3	Y-box binding protein 3
201405_s_at	0.0520665	1.93e-02	2.5709747	-3.77189	0.14997552	COPS6	COP9 signalosome subunit 6
218452_at	0.0520665	1.93e-02	2.5709325	-3.77197	0.19136379	SMARCAL1	SWI/SNF related, matrix associated, actin dependent regulator of chromatin, subfamily a like 1
207639_at	0.05215605	1.93e-02	-2.5699638	-3.77385	-0.10316853	FZD9	frizzled class receptor 9
206449_s_at	0.05219757	1.94e-02	-2.569436	-3.77488	-0.09448121	MASP1	mannan binding lectin serine peptidase 1
209785_s_at	0.0522695	1.94e-02	-2.5684926	-3.77671	-0.10208079	PLA2G4C	phospholipase A2 group IVC
219290_x_at	0.0522695	1.94e-02	-2.5684831	-3.77672	-0.19751915	DAPP1	dual adaptor of phosphotyrosine and 3-phosphoinositides 1
204130_at	0.05232491	1.94e-02	-2.5678293	-3.77799	-0.12016931	HSD11B2	hydroxysteroid 11-beta dehydrogenase 2
206126_at	0.05239754	1.95e-02	-2.5670189	-3.77957	-0.11603293	CXCR5	C-X-C motif chemokine receptor 5
210452_x_at	0.05240198	1.95e-02	-2.5668311	-3.77993	-0.13099128	CYP4F2	cytochrome P450 family 4 subfamily F member 2
205928_at	0.05245522	1.95e-02	2.5661984	-3.78116	0.18799243	ZNF443	zinc finger protein 443
218500_at	0.05254323	1.95e-02	2.5652496	-3.783	0.12950295	THEM6	thioesterase superfamily member 6
206269_at	0.05259344	1.95e-02	-2.5646458	-3.78417	-0.1409292	GCM1	glial cells missing homolog 1
217464_at	0.05262661	1.96e-02	-2.5641972	-3.78504	-0.14154255		
200043_at	0.05263166	1.96e-02	2.5638957	-3.78562	0.23454944	ERH	enhancer of rudimentary homolog (Drosophila)
206671_at	0.05263166	1.96e-02	-2.5638572	-3.7857	-0.12471414	SAG	S-antigen visual arrestin
205097_at	0.05276195	1.96e-02	2.5625276	-3.78828	0.46232833	SLC26A2	solute carrier family 26 member 2
208195_at	0.05280607	1.97e-02	-2.5619809	-3.78934	-0.12293048	TTN	titin
206966_s_at	0.05288123	1.97e-02	-2.5611536	-3.79094	-0.10894981	KLF12	Kruppel like factor 12
206035_at	0.0529832	1.97e-02	-2.560085	-3.79301	-0.11302726	REL	REL proto-oncogene, NF-kB subunit
219832_s_at	0.05308544	1.98e-02	-2.5590157	-3.79508	-0.08412155	HOXC13	homeobox C13
217936_at	0.0531607	1.98e-02	2.5580761	-3.7969	0.21577219	ARHGAP5	Rho GTPase activating protein 5
203314_at	0.0531607	1.98e-02	2.5580441	-3.79697	0.14943667	GTPBP6	GTP binding protein 6 (putative)
207245_at	0.05327503	1.99e-02	-2.5568691	-3.79924	-0.12938989	UGT2B17	UDP glucuronosyltransferase family 2 member B17
206306_at	0.05327953	1.99e-02	2.556682	-3.7996	0.27087356	RYR3	ryanodine receptor 3
207413_s_at	0.05334851	1.99e-02	-2.555916	-3.80109	-0.10645772	SCN5A	sodium voltage-gated channel alpha subunit 5
201330_at	0.05336625	1.99e-02	2.5556102	-3.80168	0.21720594	RARS	arginyl-tRNA synthetase
208479_at	0.05336679	1.99e-02	-2.5554588	-3.80197	-0.11656421	KCNA1	potassium voltage-gated channel subfamily A member 1
207802_at	0.05350158	2.00e-02	-2.5541045	-3.80459	-0.22042679	CRISP3	cysteine rich secretory protein 3
203853_s_at	0.05353731	2.00e-02	-2.5534542	-3.80585	-0.21295614	GAB2	GRB2 associated binding protein 2
221393_at	0.05353731	2.00e-02	-2.5533917	-3.80597	-0.13618707	TAAR3	trace amine associated receptor 3 (gene/pseudogene)
200834_s_at	0.05353731	2.00e-02	-2.5533454	-3.80606	-0.14275551	RPS21	ribosomal protein S21
219727_at	0.05358683	2.00e-02	-2.5527562	-3.8072	-0.10146589	DUOX2	dual oxidase 2
206165_s_at	0.05374949	2.01e-02	-2.5511584	-3.8103	-0.12437532	CLCA2	chloride channel accessory 2
207196_s_at	0.0537706	2.01e-02	2.5508239	-3.81094	0.16545612	TNIP1	TNFAIP3 interacting protein 1
208683_at	0.05384323	2.02e-02	2.550031	-3.81248	0.2449987	CAPN2	calpain 2
207888_at	0.05395831	2.02e-02	-2.548862	-3.81474	-0.13691319		
214438_at	0.05400566	2.02e-02	-2.5482955	-3.81583	-0.24135578	HLX	H2.0 like homeobox
208743_s_at	0.05404046	2.02e-02	2.5478407	-3.81671	0.32628999	YWHAB	tyrosine 3-monooxygenase/tryptophan 5-monooxygenase activation protein beta
217008_s_at	0.05411126	2.03e-02	-2.5470671	-3.81821	-0.08490057	LOC100996542///GRM7	uncharacterized LOC100996542///glutamate metabotropic receptor 7
203254_s_at	0.05412274	2.03e-02	2.5467116	-3.8189	0.46013275	TLN1	talin 1
209825_s_at	0.05412274	2.03e-02	2.5466731	-3.81897	0.17767334	MIR3658///UCK2	microRNA 3658///uridine-cytidine kinase 2
210576_at	0.05420542	2.03e-02	-2.5457956	-3.82067	-0.12490817	CYP4F8	cytochrome P450 family 4 subfamily F member 8
220188_at	0.05430251	2.04e-02	-2.5447919	-3.82261	-0.12343085	JPH3	junctophilin 3
219407_s_at	0.05437268	2.04e-02	-2.5440268	-3.82408	-0.12230732	LAMC3	laminin subunit gamma 3
220528_at	0.05439961	2.04e-02	-2.5436436	-3.82483	-0.10877296	VNN3	vanin 3
219183_s_at	0.05459161	2.05e-02	-2.5418085	-3.82837	-0.20981744	CYTH4	cytohesin 4
204070_at	0.05460191	2.05e-02	-2.541491	-3.82898	-0.25581111	RARRES3	retinoic acid receptor responder 3
221426_s_at	0.05460191	2.05e-02	-2.5414262	-3.82911	-0.11760416	OR3A3	olfactory receptor family 3 subfamily A member 3
207227_x_at	0.05460224	2.05e-02	-2.5412775	-3.8294	-0.10299629	RFPL2	ret finger protein like 2
213123_at	0.05464142	2.05e-02	2.5407878	-3.83034	0.23307052	MFAP3	microfibrillar associated protein 3
206969_at	0.05475458	2.06e-02	-2.5394021	-3.83302	-0.11164582	LOC100653049///KRT34	keratin, type I cuticular Ha4///keratin 34
45572_s_at	0.05475458	2.06e-02	2.5393615	-3.8331	0.15933004	GGA1	golgi associated, gamma adaptin ear containing, ARF binding protein 1
208531_at	0.05475458	2.06e-02	-2.5392594	-3.83329	-0.11641237	SERPINA2	serpin family A member 2 (gene/pseudogene)
206995_x_at	0.05475458	2.06e-02	2.5392127	-3.83338	0.19772502	SCARF1	scavenger receptor class F member 1
200896_x_at	0.05478458	2.06e-02	2.5386835	-3.8344	0.27414173	HDGF	hepatoma-derived growth factor
217932_at	0.05478458	2.06e-02	2.5386588	-3.83445	0.2008964	MRPS7	mitochondrial ribosomal protein S7
214616_at	0.05482958	2.07e-02	-2.5381195	-3.83549	-0.11302066	HIST1H3E	histone cluster 1, H3e
206509_at	0.05484206	2.07e-02	-2.5378648	-3.83599	-0.08831605	PIP	prolactin induced protein
203808_at	0.05487203	2.07e-02	-2.5374573	-3.83677	-0.11627605	AKT2	AKT serine/threonine kinase 2
206970_at	0.05489728	2.07e-02	-2.5370372	-3.83758	-0.11207345	CNTN2	contactin 2
205546_s_at	0.05489728	2.07e-02	2.5369458	-3.83776	0.18933909	TYK2	tyrosine kinase 2
214627_at	0.05494112	2.07e-02	2.536287	-3.83903	0.77615729	EPX	eosinophil peroxidase
200843_s_at	0.05494112	2.07e-02	2.5362721	-3.83906	0.23570025	EPRS	glutamyl-prolyl-tRNA synthetase
219841_at	0.05494368	2.08e-02	-2.5358542	-3.83987	-0.10001763	AICDA	activation-induced cytidine deaminase
208895_s_at	0.05494368	2.08e-02	2.5358384	-3.8399	0.22114553	DDX18	DEAD-box helicase 18
212203_x_at	0.05494368	2.08e-02	2.5358141	-3.83994	0.40711197	IFITM3	interferon induced transmembrane protein 3
1053_at	0.05507617	2.08e-02	2.5344068	-3.84266	0.18065497	RFC2	replication factor C subunit 2
206692_at	0.05507617	2.08e-02	-2.5343681	-3.84273	-0.09233856	KCNJ10	potassium voltage-gated channel subfamily J member 10
209799_at	0.05518586	2.09e-02	2.5332683	-3.84485	0.14290681	PRKAA1	protein kinase AMP-activated catalytic subunit alpha 1
221303_at	0.05518929	2.09e-02	-2.5330934	-3.84519	-0.12548398	PCDHB1	protocadherin beta 1
206227_at	0.05527081	2.09e-02	-2.5321374	-3.84703	-0.15013629	CILP	cartilage intermediate layer protein
219649_at	0.05527081	2.09e-02	2.5320949	-3.84712	0.2087185	ALG6	ALG6, alpha-1,3-glucosyltransferase
212383_at	0.05528689	2.09e-02	2.5318104	-3.84766	0.13025863	ATP6V0A1	ATPase H+ transporting V0 subunit a1
218346_s_at	0.05547858	2.10e-02	2.5300039	-3.85115	0.21520153	SESN1	sestrin 1
210270_at	0.05552213	2.10e-02	-2.5294822	-3.85215	-0.12852028	RGS6	regulator of G-protein signaling 6
204514_at	0.05557774	2.11e-02	2.5288567	-3.85336	0.09642718	DPH2	DPH2 homolog
218983_at	0.0556056	2.11e-02	2.528298	-3.85443	0.23907279	C1RL	complement C1r subcomponent like
201002_s_at	0.0556056	2.11e-02	2.5282371	-3.85455	0.23615719	TMEM189-UBE2V1///TMEM189///UBE2V2///UBE2V1	TMEM189-UBE2V1 readthrough///transmembrane protein 189///ubiquitin conjugating enzyme E2 V2///ubiquitin conjugating enzyme E2 V1
202639_s_at	0.0556056	2.11e-02	2.5281817	-3.85466	0.13112985	RANBP3	RAN binding protein 3
220965_s_at	0.05565046	2.11e-02	-2.5275176	-3.85594	-0.15071845	RSPH6A	radial spoke head 6 homolog A
208291_s_at	0.05565046	2.11e-02	-2.527505	-3.85596	-0.10395914	TH	tyrosine hydroxylase
208620_at	0.05567546	2.11e-02	2.5271447	-3.85666	0.32862708	PCBP1	poly(rC) binding protein 1
208521_at	0.0558211	2.12e-02	-2.5257454	-3.85935	-0.09343091	OR5I1	olfactory receptor family 5 subfamily I member 1
205952_at	0.05585306	2.12e-02	-2.5253258	-3.86016	-0.113859	KCNK3	potassium two pore domain channel subfamily K member 3
201391_at	0.05595151	2.13e-02	2.5243353	-3.86207	0.20577289	TRAP1	TNF receptor associated protein 1
214607_at	0.05599607	2.13e-02	-2.5237567	-3.86318	-0.09856596	PAK3	p21 (RAC1) activated kinase 3
202686_s_at	0.05599607	2.13e-02	-2.5236638	-3.86336	-0.25605208	AXL	AXL receptor tyrosine kinase
218495_at	0.0560183	2.13e-02	2.5232106	-3.86423	0.22510041	UXT	ubiquitously expressed prefoldin like chaperone
200918_s_at	0.0560183	2.13e-02	2.5231843	-3.86428	0.17971562	SRPRA	SRP receptor alpha subunit
204744_s_at	0.05602219	2.13e-02	2.5230066	-3.86462	0.35047191	IARS	isoleucyl-tRNA synthetase
214577_at	0.0560934	2.14e-02	2.522201	-3.86618	0.12468706	MAP1B	microtubule associated protein 1B
206766_at	0.0560934	2.14e-02	-2.5221075	-3.86636	-0.07992004	ITGA10	integrin subunit alpha 10
203832_at	0.0561144	2.14e-02	2.5217834	-3.86698	0.16884475	SNRPF	small nuclear ribonucleoprotein polypeptide F
205171_at	0.05627647	2.14e-02	2.5202532	-3.86992	0.18092533	PTPN4	protein tyrosine phosphatase, non-receptor type 4
218266_s_at	0.0563076	2.15e-02	-2.5198431	-3.87071	-0.12542606	NCS1	neuronal calcium sensor 1
217319_x_at	0.05633181	2.15e-02	-2.5194923	-3.87139	-0.08034071	CYP4A22///CYP4A11	cytochrome P450 family 4 subfamily A member 22///cytochrome P450 family 4 subfamily A member 11
220428_at	0.056425	2.15e-02	-2.5185536	-3.87319	-0.10715927	CD207	CD207 molecule
214117_s_at	0.05648127	2.16e-02	2.5179303	-3.87439	0.12782955	BTD	biotinidase
221069_s_at	0.05658153	2.16e-02	2.5169336	-3.87631	0.14088418	TACO1	translational activator of cytochrome c oxidase I
203775_at	0.05679268	2.17e-02	2.5149982	-3.88003	0.20222042	SLC25A13	solute carrier family 25 member 13
208932_at	0.05686454	2.17e-02	2.5142461	-3.88147	0.22916024	PPP4C	protein phosphatase 4 catalytic subunit
205577_at	0.05688598	2.17e-02	-2.5138783	-3.88218	-0.11831915	PYGM	phosphorylase, glycogen, muscle
219899_x_at	0.05688598	2.17e-02	-2.5137768	-3.88238	-0.11392562	NDOR1	NADPH dependent diflavin oxidoreductase 1
206988_at	0.05689286	2.17e-02	-2.5135747	-3.88276	-0.09993946	CCL25	C-C motif chemokine ligand 25
213330_s_at	0.05691894	2.18e-02	2.5132104	-3.88346	0.17780796	STIP1	stress induced phosphoprotein 1
202209_at	0.05696679	2.18e-02	2.5126624	-3.88452	0.19418987	LSM3	LSM3 homolog, U6 small nuclear RNA and mRNA degradation associated
206432_at	0.05710288	2.18e-02	-2.5112877	-3.88716	-0.10647076	HAS2	hyaluronan synthase 2
217965_s_at	0.05710288	2.19e-02	2.5112267	-3.88728	0.13724219	SAP30BP	SAP30 binding protein
218960_at	0.05727336	2.19e-02	-2.5096485	-3.89031	-0.12423155	TMPRSS4	transmembrane protease, serine 4
201474_s_at	0.05730294	2.19e-02	-2.5092563	-3.89106	-0.11255843	ITGA3	integrin subunit alpha 3
205477_s_at	0.05736129	2.20e-02	-2.5086228	-3.89228	-0.10538395	AMBP	alpha-1-microglobulin/bikunin precursor
213318_s_at	0.05740407	2.20e-02	2.5081203	-3.89324	0.27284414	BAG6	BCL2 associated athanogene 6
208267_at	0.05746639	2.20e-02	-2.5074544	-3.89452	-0.10057881	TRPV5	transient receptor potential cation channel subfamily V member 5
204497_at	0.05748641	2.20e-02	-2.5071432	-3.89512	-0.19902164	ADCY9	adenylate cyclase 9
207577_at	0.05752461	2.21e-02	-2.5066798	-3.89601	-0.09141084	HTR4	5-hydroxytryptamine receptor 4
203093_s_at	0.05755405	2.21e-02	2.50629	-3.89675	0.15836029	TIMM44	translocase of inner mitochondrial membrane 44
205749_at	0.05759221	2.21e-02	-2.5058274	-3.89764	-0.09488635	CYP1A1	cytochrome P450 family 1 subfamily A member 1
204204_at	0.0576906	2.21e-02	-2.5047741	-3.89966	-0.23987434	SLC31A2	solute carrier family 31 member 2
209907_s_at	0.0576906	2.22e-02	2.5047187	-3.89977	0.17557721	ITSN2	intersectin 2
204041_at	0.05772946	2.22e-02	-2.504251	-3.90067	-0.11667779	MAOB	monoamine oxidase B
200713_s_at	0.05774004	2.22e-02	2.5040194	-3.90111	0.23569888	MAPRE1	microtubule associated protein RP/EB family member 1
40273_at	0.05797953	2.23e-02	2.5018328	-3.9053	0.08824789	SPHK2	sphingosine kinase 2
206379_at	0.05797953	2.23e-02	2.5017393	-3.90548	0.11321608	EYA3	EYA transcriptional coactivator and phosphatase 3
202360_at	0.0580087	2.23e-02	2.5012976	-3.90633	0.18509727	MAML1	mastermind like transcriptional coactivator 1
205987_at	0.0580087	2.23e-02	-2.5010854	-3.90674	-0.11609236	CD1C	CD1c molecule
204112_s_at	0.0580087	2.23e-02	-2.5010673	-3.90677	-0.41166435	HNMT	histamine N-methyltransferase
204496_at	0.05803607	2.23e-02	2.5006969	-3.90748	0.17967852	STRN3	striatin 3
204695_at	0.05808991	2.24e-02	2.5001071	-3.90861	0.23309706	CDC25A	cell division cycle 25A
205966_at	0.05823686	2.24e-02	-2.4987467	-3.91122	-0.12162471	TAF13	TATA-box binding protein associated factor 13
214606_at	0.05833565	2.25e-02	2.4977869	-3.91306	0.18110852	TSPAN2	tetraspanin 2
208200_at	0.05846603	2.25e-02	-2.4965244	-3.91548	-0.13358226	IL1A	interleukin 1 alpha
200593_s_at	0.05846603	2.25e-02	2.4964248	-3.91567	0.31089196	HNRNPU	heterogeneous nuclear ribonucleoprotein U
211006_s_at	0.05849236	2.26e-02	-2.4960649	-3.91636	-0.11342273	KCNB1	potassium voltage-gated channel subfamily B member 1
221670_s_at	0.05857793	2.26e-02	-2.4952173	-3.91798	-0.07883977	LHX3	LIM homeobox 3
204245_s_at	0.05886076	2.27e-02	2.4927095	-3.92278	0.15309721	RPP14	ribonuclease P/MRP subunit p14
52255_s_at	0.05886076	2.27e-02	-2.4926091	-3.92297	-0.10888448	COL5A3	collagen type V alpha 3 chain
220630_s_at	0.05903803	2.28e-02	-2.491016	-3.92602	-0.10361892	CHIA	chitinase, acidic
206054_at	0.05905738	2.28e-02	-2.4907151	-3.9266	-0.11378171	KNG1	kininogen 1
203740_at	0.0591343	2.28e-02	2.4899444	-3.92807	0.16170005	MPHOSPH6	M-phase phosphoprotein 6
209162_s_at	0.05920378	2.29e-02	2.4892352	-3.92943	0.21781118	PRPF4	pre-mRNA processing factor 4
219140_s_at	0.05922884	2.29e-02	-2.4888883	-3.93009	-0.18225931	RBP4	retinol binding protein 4
203851_at	0.05930936	2.29e-02	-2.4880901	-3.93162	-0.09121472	IGFBP6	insulin like growth factor binding protein 6
207816_at	0.05941148	2.30e-02	-2.4871174	-3.93348	-0.11452915	LALBA	lactalbumin alpha
206294_at	0.05951948	2.30e-02	-2.4860982	-3.93543	-0.11301144	HSD3B2	hydroxy-delta-5-steroid dehydrogenase, 3 beta- and steroid delta-isomerase 2
203155_at	0.05975874	2.31e-02	2.4840193	-3.9394	0.2135228	SETDB1	SET domain bifurcated 1
201697_s_at	0.05977397	2.31e-02	2.4837536	-3.93991	0.21086919	DNMT1	DNA (cytosine-5-)-methyltransferase 1
207182_at	0.05984606	2.32e-02	-2.4830292	-3.94129	-0.11514995	GABRA6	gamma-aminobutyric acid type A receptor alpha6 subunit
204790_at	0.05992778	2.32e-02	-2.4822278	-3.94282	-0.18577266	SMAD7	SMAD family member 7
207880_at	0.05994052	2.32e-02	-2.4817736	-3.94369	-0.1230764	ADAM11	ADAM metallopeptidase domain 11
41858_at	0.05994052	2.32e-02	2.4817624	-3.94371	0.1430252	PGAP2	post-GPI attachment to proteins 2
203052_at	0.05994052	2.32e-02	-2.4816976	-3.94383	-0.1149969	C2	complement component 2
208570_at	0.05994125	2.32e-02	-2.4815494	-3.94412	-0.11462573	WNT1	Wnt family member 1
202675_at	0.05994419	2.32e-02	2.4813833	-3.94444	0.23006207	SDHB	succinate dehydrogenase complex iron sulfur subunit B
210619_s_at	0.06006289	2.33e-02	-2.4802856	-3.94653	-0.10886473	HYAL1	hyaluronoglucosaminidase 1
205405_at	0.06007178	2.33e-02	-2.4800719	-3.94694	-0.09929332	SEMA5A	semaphorin 5A
205386_s_at	0.06009903	2.33e-02	-2.4797106	-3.94763	-0.12885241	MDM2	MDM2 proto-oncogene
202018_s_at	0.0601386	2.34e-02	-2.4792504	-3.94851	-0.49914208	LTF	lactotransferrin
206172_at	0.06020312	2.34e-02	-2.4785903	-3.94977	-0.11734057	IL13RA2	interleukin 13 receptor subunit alpha 2
214254_at	0.06022052	2.34e-02	-2.4783085	-3.95031	-0.10890655	MAGEA4	MAGE family member A4
205898_at	0.06026691	2.34e-02	-2.4777944	-3.95129	-0.33105156	CX3CR1	C-X3-C motif chemokine receptor 1
207740_s_at	0.06031438	2.35e-02	2.4771302	-3.95255	0.29479414	NUP62	nucleoporin 62
206386_at	0.06031438	2.35e-02	-2.4770232	-3.95276	-0.11718306	SERPINA7	serpin family A member 7
218455_at	0.06031438	2.35e-02	2.4769878	-3.95283	0.15165664	NFS1	NFS1 cysteine desulfurase
200781_s_at	0.06032209	2.35e-02	-2.476784	-3.95322	-0.18890974	RPS15A	ribosomal protein S15a
217767_at	0.0603577	2.35e-02	-2.476357	-3.95403	-0.1433922	C3	complement component 3
221199_at	0.06039032	2.35e-02	-2.475954	-3.9548	-0.10169556	GFRA4	GDNF family receptor alpha 4
219752_at	0.06040206	2.35e-02	-2.475712	-3.95526	-0.12100416	RASAL1	RAS protein activator like 1
206638_at	0.06040206	2.35e-02	-2.4755231	-3.95562	-0.10209409	HTR2B	5-hydroxytryptamine receptor 2B
210328_at	0.06040206	2.35e-02	-2.4754345	-3.95579	-0.12543218	GNMT	glycine N-methyltransferase
214864_s_at	0.06048256	2.36e-02	2.4745373	-3.9575	0.18042951	GRHPR	glyoxylate and hydroxypyruvate reductase
208649_s_at	0.06048256	2.36e-02	2.4745074	-3.95756	0.25432068	VCP	valosin containing protein
202264_s_at	0.06050459	2.36e-02	2.4741896	-3.95816	0.20920483	TOMM40	translocase of outer mitochondrial membrane 40
201832_s_at	0.06054615	2.36e-02	2.4737161	-3.95907	0.22871579	USO1	USO1 vesicle transport factor
205980_s_at	0.06057225	2.36e-02	-2.4733662	-3.95974	-0.12903101	PRR5-ARHGAP8///ARHGAP8	PRR5-ARHGAP8 readthrough///Rho GTPase activating protein 8
207270_x_at	0.06057293	2.36e-02	-2.4732127	-3.96003	-0.08176176	CD300C	CD300c molecule
206291_at	0.06057293	2.37e-02	-2.4730776	-3.96029	-0.14851433	NTS	neurotensin
206678_at	0.06057666	2.37e-02	-2.4729063	-3.96061	-0.13338389	GABRA1	gamma-aminobutyric acid type A receptor alpha1 subunit
204214_s_at	0.06060657	2.37e-02	-2.4723861	-3.9616	-0.31349976	RAB32	RAB32, member RAS oncogene family
201530_x_at	0.06060657	2.37e-02	2.4723847	-3.96161	0.16434744	LOC101928634///SENP3-EIF4A1///SNORD10///SNORA48///SNORA67///EIF4A1	uncharacterized LOC101928634///SENP3-EIF4A1 readthrough (NMD candidate)///small nucleolar RNA, C/D box 10///small nucleolar RNA, H/ACA box 48///small nucleolar RNA, H/ACA box 67///eukaryotic translation initiation factor 4A1
209514_s_at	0.06064137	2.37e-02	-2.4718914	-3.96255	-0.2723434	RAB27A	RAB27A, member RAS oncogene family
207584_at	0.06064137	2.37e-02	-2.4718244	-3.96267	-0.11179494	LPA	lipoprotein(a)
210080_x_at	0.06064713	2.37e-02	-2.4716372	-3.96303	-0.09682984	CELA3A	chymotrypsin like elastase family member 3A
203230_at	0.06080685	2.38e-02	2.4700632	-3.96603	0.17225819	DVL1	dishevelled segment polarity protein 1
200658_s_at	0.06080685	2.38e-02	2.4699522	-3.96624	0.23925901	PHB	prohibitin
206866_at	0.06080685	2.38e-02	-2.4699417	-3.96626	-0.15941399	CDH4	cadherin 4
205317_s_at	0.06083696	2.38e-02	-2.4695611	-3.96699	-0.10830492	SLC15A2	solute carrier family 15 member 2
217988_at	0.06089377	2.39e-02	2.4689686	-3.96812	0.28494445	CCNB1IP1	cyclin B1 interacting protein 1
206214_at	0.06090305	2.39e-02	-2.4687538	-3.96853	-0.24418988	PLA2G7	phospholipase A2 group VII
200677_at	0.06108608	2.39e-02	2.4671613	-3.97156	0.33678358	PTTG1IP	pituitary tumor-transforming 1 interacting protein
37652_at	0.06110553	2.40e-02	2.4667528	-3.97234	0.32680387	CABIN1	calcineurin binding protein 1
210199_at	0.06110553	2.40e-02	-2.4667251	-3.97239	-0.08657667	CRYAA	crystallin alpha A
207110_at	0.0611103	2.40e-02	2.4665463	-3.97273	0.35656539	LOC100996843///KCNJ18///KCNJ12	ATP-sensitive inward rectifier potassium channel 12-like///potassium voltage-gated channel subfamily J member 18///potassium voltage-gated channel subfamily J member 12
210445_at	0.06119961	2.40e-02	-2.4656989	-3.97435	-0.09570752	FABP6	fatty acid binding protein 6
206523_at	0.06143979	2.41e-02	2.4636627	-3.97822	0.11196299	CYTH3	cytohesin 3
203003_at	0.06150131	2.41e-02	-2.4630374	-3.97941	-0.15330246	MEF2D	myocyte enhancer factor 2D
203113_s_at	0.06163538	2.42e-02	-2.4618425	-3.98169	-0.20928378	EEF1D	eukaryotic translation elongation factor 1 delta
201387_s_at	0.06174712	2.43e-02	-2.4608249	-3.98362	-0.42206919	UCHL1	ubiquitin C-terminal hydrolase L1
201145_at	0.06189694	2.43e-02	2.4595107	-3.98612	0.18299524	HAX1	HCLS1 associated protein X-1
203992_s_at	0.06190219	2.43e-02	2.4593287	-3.98647	0.28653531	KDM6A	lysine demethylase 6A
208745_at	0.06197471	2.44e-02	2.458621	-3.98781	0.19937518	ATP5L	ATP synthase, H+ transporting, mitochondrial Fo complex subunit G
218457_s_at	0.06231358	2.45e-02	2.4557901	-3.99319	0.12891601	DNMT3A	DNA methyltransferase 3 alpha
205374_at	0.06231358	2.45e-02	-2.4556985	-3.99337	-0.0805286	SLN	sarcolipin
203389_at	0.06237266	2.45e-02	2.4550986	-3.99451	0.11476793	KIF3C	kinesin family member 3C
65588_at	0.06247246	2.46e-02	2.4541833	-3.99625	0.35571215	SNHG17	small nucleolar RNA host gene 17
207220_at	0.0625533	2.46e-02	2.4534161	-3.9977	0.09355576	ART4	ADP-ribosyltransferase 4 (Dombrock blood group)
203571_s_at	0.06258691	2.47e-02	-2.4530044	-3.99849	-0.12397951	ADIRF	adipogenesis regulatory factor
204909_at	0.06258691	2.47e-02	-2.4528745	-3.99873	-0.14453116	DDX6	DEAD-box helicase 6
209753_s_at	0.06275339	2.47e-02	2.4513554	-4.00162	0.38495671	TMPO	thymopoietin
201323_at	0.06275339	2.47e-02	2.4512917	-4.00174	0.19839457	MIR6733///EBNA1BP2	microRNA 6733///EBNA1 binding protein 2
201088_at	0.06275339	2.47e-02	2.4511654	-4.00198	0.26984386	KPNA2	karyopherin subunit alpha 2
221013_s_at	0.06281052	2.48e-02	2.4505838	-4.00308	0.10722231	APOL2	apolipoprotein L2
203813_s_at	0.06286119	2.48e-02	-2.4499954	-4.0042	-0.06890418	SLIT3	slit guidance ligand 3
204857_at	0.06286119	2.48e-02	2.4496325	-4.00489	0.16631461	MAD1L1	MAD1 mitotic arrest deficient like 1
207324_s_at	0.06286119	2.48e-02	-2.4496167	-4.00492	-0.1023371	DSC1	desmocollin 1
217778_at	0.06286119	2.48e-02	2.4495272	-4.00509	0.0946281	SLC39A1	solute carrier family 39 member 1
203854_at	0.06286119	2.48e-02	-2.4494909	-4.00516	-0.08142737	CFI	complement factor I
204032_at	0.06290197	2.49e-02	-2.4488806	-4.00632	-0.09047637	BCAR3	breast cancer anti-estrogen resistance 3
210861_s_at	0.06290197	2.49e-02	-2.4488528	-4.00637	-0.10539692	WISP3	WNT1 inducible signaling pathway protein 3
210143_at	0.06290197	2.49e-02	-2.4487557	-4.00655	-0.08444139	ANXA10	annexin A10
210786_s_at	0.06293506	2.49e-02	2.4483605	-4.0073	0.27374214	FLI1	Fli-1 proto-oncogene, ETS transcription factor
204287_at	0.06299217	2.49e-02	-2.4477806	-4.0084	-0.1216988	SYNGR1	synaptogyrin 1
200028_s_at	0.06299609	2.49e-02	2.4475522	-4.00884	0.25236916	STARD7	StAR related lipid transfer domain containing 7
201952_at	0.06299609	2.49e-02	-2.4474036	-4.00912	-0.25313077	ALCAM	activated leukocyte cell adhesion molecule
206848_at	0.06299609	2.49e-02	-2.4473302	-4.00926	-0.17613513	COX20	COX20, cytochrome c oxidase assembly factor
206125_s_at	0.06301163	2.50e-02	-2.4470705	-4.00975	-0.0970271	KLK8	kallikrein related peptidase 8
205404_at	0.06302529	2.50e-02	-2.4468212	-4.01022	-0.08814101	HSD11B1	hydroxysteroid 11-beta dehydrogenase 1
201806_s_at	0.06302529	2.50e-02	2.4466856	-4.01048	0.14446989	ATXN2L	ataxin 2 like
208019_at	0.06303878	2.50e-02	-2.4464418	-4.01094	-0.14860645	ZNF157	zinc finger protein 157
210506_at	0.06310806	2.50e-02	-2.4457692	-4.01222	-0.18099515	FUT7	fucosyltransferase 7
208626_s_at	0.06329249	2.51e-02	2.4442139	-4.01517	0.29659783	VAT1	vesicle amine transport 1
220481_at	0.06335958	2.51e-02	-2.4434523	-4.01661	-0.14833435	GPR75	G protein-coupled receptor 75
207694_at	0.06335958	2.51e-02	-2.4434203	-4.01667	-0.11145749	POU3F4	POU class 3 homeobox 4
221034_s_at	0.06341541	2.52e-02	-2.4428533	-4.01775	-0.11693472	TEX13B	testis expressed 13B
202745_at	0.06358555	2.52e-02	2.4414134	-4.02048	0.24743245	USP8	ubiquitin specific peptidase 8
200068_s_at	0.06361506	2.53e-02	2.4410485	-4.02117	0.17984782	CANX	calnexin
200610_s_at	0.06366378	2.53e-02	2.4405373	-4.02214	0.26190438	NCL	nucleolin
205421_at	0.06379462	2.54e-02	-2.4394012	-4.02429	-0.11751196	SLC22A3	solute carrier family 22 member 3
221957_at	0.06388335	2.54e-02	2.4385203	-4.02596	0.15136241	PDK3	pyruvate dehydrogenase kinase 3
221392_at	0.06388335	2.54e-02	-2.4382967	-4.02638	-0.09344851	TAS2R4	taste 2 receptor member 4
203650_at	0.06388335	2.54e-02	-2.4382929	-4.02639	-0.11069095	PROCR	protein C receptor
208551_at	0.06388335	2.54e-02	-2.4381682	-4.02662	-0.10655266	HIST1H4G	histone cluster 1, H4g
206149_at	0.06404101	2.55e-02	-2.4368319	-4.02915	-0.08192652	CHP2	calcineurin like EF-hand protein 2
220146_at	0.0641104	2.55e-02	-2.4360575	-4.03062	-0.21323254	TLR7	toll like receptor 7
203931_s_at	0.0641104	2.55e-02	2.4360272	-4.03068	0.2461646	MRPL12	mitochondrial ribosomal protein L12
207076_s_at	0.06417413	2.56e-02	-2.4354052	-4.03185	-0.13259794	ASS1	argininosuccinate synthase 1
202241_at	0.06428188	2.56e-02	-2.4344511	-4.03366	-0.41454699	TRIB1	tribbles pseudokinase 1
221297_at	0.06428987	2.56e-02	-2.4341041	-4.03432	-0.10253174	GPRC5D	G protein-coupled receptor class C group 5 member D
207653_at	0.06428987	2.56e-02	-2.4340151	-4.03448	-0.12621649	FOXD2	forkhead box D2
204484_at	0.06428987	2.56e-02	-2.4339728	-4.03456	-0.24675389	PIK3C2B	phosphatidylinositol-4-phosphate 3-kinase catalytic subunit type 2 beta
205978_at	0.06456784	2.58e-02	-2.4317376	-4.03879	-0.13752709	KL	klotho
206404_at	0.06460012	2.58e-02	-2.4313555	-4.03952	-0.07307982	FGF9	fibroblast growth factor 9
207102_at	0.06461199	2.58e-02	-2.431127	-4.03995	-0.14985797	AKR1D1	aldo-keto reductase family 1, member D1
222062_at	0.06465193	2.58e-02	2.4306875	-4.04078	0.23970562	IL27RA	interleukin 27 receptor subunit alpha
218680_x_at	0.06472046	2.59e-02	2.4299918	-4.04209	0.18830535	SERF2-C15ORF63///MIR1282///HYPK///SERF2	SERF2-C15orf63 readthrough///microRNA 1282///huntingtin interacting protein K///small EDRK-rich factor 2
221228_s_at	0.06472046	2.59e-02	-2.4298944	-4.04228	-0.10851597		
203436_at	0.06481725	2.59e-02	2.4289005	-4.04416	0.11759225	RPP30	ribonuclease P/MRP subunit p30
203200_s_at	0.06481725	2.59e-02	2.42889	-4.04418	0.17019222	MTRR	5-methyltetrahydrofolate-homocysteine methyltransferase reductase
220783_at	0.06498684	2.60e-02	-2.4273944	-4.047	-0.12026214	MMP27	matrix metallopeptidase 27
214603_at	0.06498684	2.60e-02	2.4273418	-4.0471	0.08560672	MAGEA2B///MAGEA2	MAGE family member A2B///MAGE family member A2
207002_s_at	0.06501421	2.60e-02	2.4269981	-4.04775	0.16616251	PLAGL1	PLAG1 like zinc finger 1
210040_at	0.06506202	2.60e-02	-2.4265018	-4.04869	-0.08560346	SLC12A5	solute carrier family 12 member 5
212647_at	0.0650743	2.60e-02	-2.4262711	-4.04913	-0.11040238	RRAS	related RAS viral (r-ras) oncogene homolog
206623_at	0.06512623	2.61e-02	-2.4257444	-4.05012	-0.08587256	PDE6A	phosphodiesterase 6A
219945_at	0.06522468	2.61e-02	-2.424871	-4.05177	-0.1418941	DDX25	DEAD-box helicase 25
205803_s_at	0.06524669	2.61e-02	-2.4245681	-4.05234	-0.1612668	TRPC1	transient receptor potential cation channel subfamily C member 1
218665_at	0.06529095	2.62e-02	2.4240995	-4.05323	0.0894961	FZD4	frizzled class receptor 4
206156_at	0.06541326	2.62e-02	-2.4230211	-4.05526	-0.09206491	GJB5	gap junction protein beta 5
203383_s_at	0.06541326	2.62e-02	2.4229118	-4.05547	0.12430688	GOLGA1	golgin A1
209949_at	0.06549045	2.63e-02	-2.4221994	-4.05681	-0.29624722	NCF2	neutrophil cytosolic factor 2
206615_s_at	0.06556222	2.63e-02	-2.4215279	-4.05808	-0.12739111	ADAM22	ADAM metallopeptidase domain 22
209752_at	0.06578255	2.64e-02	-2.4197568	-4.06142	-0.13375938	REG1A	regenerating family member 1 alpha
203822_s_at	0.06586034	2.64e-02	2.419043	-4.06277	0.18500192	ELF2	E74 like ETS transcription factor 2
218311_at	0.06589095	2.65e-02	2.4186783	-4.06346	0.15943964	MAP4K3	mitogen-activated protein kinase kinase kinase kinase 3
218413_s_at	0.06594027	2.65e-02	2.4181756	-4.06441	0.14563725	ZNF639	zinc finger protein 639
207570_at	0.06594867	2.65e-02	-2.4178611	-4.065	-0.10601153	SHOX	short stature homeobox
203778_at	0.06594867	2.65e-02	2.4178365	-4.06505	0.14564032	MANBA	mannosidase beta
206973_at	0.06615811	2.66e-02	-2.4161545	-4.06822	-0.08597144	PPFIA2	PTPRF interacting protein alpha 2
201734_at	0.06621866	2.66e-02	2.4155707	-4.06932	0.23757218	CLCN3	chloride voltage-gated channel 3
207915_at	0.06627831	2.67e-02	-2.4149938	-4.07041	-0.11464933		
203071_at	0.06629512	2.67e-02	-2.4145659	-4.07121	-0.12614469	MIR6872///SEMA3B	microRNA 6872///semaphorin 3B
202858_at	0.06629512	2.67e-02	2.4144876	-4.07136	0.23463719	U2AF1	U2 small nuclear RNA auxiliary factor 1
209610_s_at	0.06629512	2.67e-02	-2.4144553	-4.07142	-0.30493563	SLC1A4	solute carrier family 1 member 4
210244_at	0.06631944	2.67e-02	-2.4140376	-4.07221	-0.1592578	CAMP	cathelicidin antimicrobial peptide
209214_s_at	0.06631944	2.67e-02	2.4139444	-4.07238	0.15402166	EWSR1	EWS RNA binding protein 1
215905_s_at	0.06631944	2.67e-02	2.4138619	-4.07254	0.27853561	SNRNP40	small nuclear ribonucleoprotein U5 subunit 40
210021_s_at	0.06635406	2.67e-02	-2.4134696	-4.07328	-0.08877109	CCNO	cyclin O
218697_at	0.06637232	2.68e-02	2.4131974	-4.07379	0.11877082	NCKIPSD	NCK interacting protein with SH3 domain
214075_at	0.06637324	2.68e-02	2.4130526	-4.07406	0.09985497	NENF	neudesin neurotrophic factor
221198_at	0.06638029	2.68e-02	-2.4128628	-4.07442	-0.09115145	SCT	secretin
214727_at	0.0664337	2.68e-02	2.412333	-4.07542	0.18728149	BRCA2	BRCA2, DNA repair associated
200891_s_at	0.06647204	2.68e-02	2.4119139	-4.07621	0.17985073	SSR1	signal sequence receptor subunit 1
202442_at	0.06655902	2.69e-02	2.4110993	-4.07774	0.20361146	AP3S1	adaptor related protein complex 3 sigma 1 subunit
213344_s_at	0.06655902	2.69e-02	-2.4108753	-4.07816	-0.09152333	H2AFX	H2A histone family member X
221371_at	0.06655902	2.69e-02	-2.4108631	-4.07819	-0.09770517	TNFSF18	tumor necrosis factor superfamily member 18
209326_at	0.0665871	2.69e-02	2.4105197	-4.07883	0.12665496	SLC35A2	solute carrier family 35 member A2
202528_at	0.06683206	2.70e-02	2.4085926	-4.08246	0.14491431	GALE	UDP-galactose-4-epimerase
203979_at	0.06683402	2.70e-02	-2.4084404	-4.08275	-0.09314831	CYP27A1	cytochrome P450 family 27 subfamily A member 1
218098_at	0.06689159	2.71e-02	2.407883	-4.0838	0.20710523	ARFGEF2	ADP ribosylation factor guanine nucleotide exchange factor 2
205894_at	0.06694848	2.71e-02	-2.4073308	-4.08484	-0.08682436	ARSE	arylsulfatase E (chondrodysplasia punctata 1)
219535_at	0.06708556	2.71e-02	-2.4061906	-4.08698	-0.10354304	HUNK	hormonally up-regulated Neu-associated kinase
204333_s_at	0.06708556	2.72e-02	2.4060582	-4.08723	0.17896356	AGA	aspartylglucosaminidase
219464_at	0.06723271	2.72e-02	-2.4048523	-4.0895	-0.15428312	CA14	carbonic anhydrase 14
207585_s_at	0.06730641	2.73e-02	2.4041805	-4.09076	0.19400184	RPL36AL	ribosomal protein L36a like
201921_at	0.06745453	2.73e-02	2.4029708	-4.09304	0.18424564	GNG10	G protein subunit gamma 10
203980_at	0.06749281	2.73e-02	-2.4025513	-4.09383	-0.51638337	FABP4	fatty acid binding protein 4
200041_s_at	0.06749281	2.74e-02	2.4024188	-4.09408	0.34675823	ATP6V1G2-DDX39B///SNORD84///DDX39B	ATP6V1G2-DDX39B readthrough (NMD candidate)///small nucleolar RNA, C/D box 84///DEAD-box helicase 39B
206705_at	0.06770223	2.74e-02	-2.4007701	-4.09717	-0.10571594	TULP1	tubby like protein 1
209350_s_at	0.06770926	2.75e-02	2.4005172	-4.09765	0.11892122	GPS2	G protein pathway suppressor 2
205110_s_at	0.06770926	2.75e-02	-2.4004444	-4.09779	-0.40762124	FGF13	fibroblast growth factor 13
200912_s_at	0.06782039	2.75e-02	2.3995011	-4.09956	0.16117743	MIR1248///SNORA81///SNORA4///SNORD2///SNORA63///EIF4A2	microRNA 1248///small nucleolar RNA, H/ACA box 81///small nucleolar RNA, H/ACA box 4///small nucleolar RNA, C/D box 2///small nucleolar RNA, H/ACA box 63///eukaryotic translation initiation factor 4A2
208528_x_at	0.06782039	2.75e-02	-2.3993693	-4.09981	-0.09539382	SSX7///SSX3///SSX5	SSX family member 7///SSX family member 3///SSX family member 5
208982_at	0.06785572	2.76e-02	-2.3989777	-4.10054	-0.330706	PECAM1	platelet and endothelial cell adhesion molecule 1
206058_at	0.06787966	2.76e-02	-2.3986682	-4.10112	-0.1120042	SLC6A12	solute carrier family 6 member 12
221340_at	0.06803202	2.76e-02	-2.3974367	-4.10344	-0.11864223	CDX4	caudal type homeobox 4
212185_x_at	0.06803282	2.76e-02	2.3972936	-4.1037	0.28277888	MT2A	metallothionein 2A
205053_at	0.06808905	2.77e-02	2.3966195	-4.10497	0.29969113	PRIM1	primase (DNA) subunit 1
221285_at	0.06808905	2.77e-02	-2.3966158	-4.10498	-0.11696841	ST8SIA2	ST8 alpha-N-acetyl-neuraminide alpha-2,8-sialyltransferase 2
221041_s_at	0.06813056	2.77e-02	2.3961227	-4.1059	0.13980052	SLC17A5	solute carrier family 17 member 5
209882_at	0.06813056	2.77e-02	2.3960439	-4.10605	0.15910162	RIT1	Ras like without CAAX 1
221234_s_at	0.06824191	2.78e-02	-2.3951095	-4.10781	-0.32385792	BACH2	BTB domain and CNC homolog 2
203987_at	0.06835642	2.78e-02	2.3941537	-4.1096	0.3198768	FZD6	frizzled class receptor 6
217827_s_at	0.06851588	2.79e-02	2.3928788	-4.11199	0.19837589	SPG21	spastic paraplegia 21 (autosomal recessive, Mast syndrome)
204485_s_at	0.06855824	2.79e-02	2.3922825	-4.11311	0.2587051	TOM1L1	target of myb1 like 1 membrane trafficking protein
207862_at	0.06855824	2.79e-02	-2.3922522	-4.11317	-0.10941441	UPK2	uroplakin 2
209920_at	0.06855824	2.79e-02	2.3921656	-4.11333	0.12382087	BMPR2	bone morphogenetic protein receptor type 2
204789_at	0.06868625	2.80e-02	2.3911175	-4.11529	0.21442077	FMNL1	formin like 1
213793_s_at	0.06868842	2.80e-02	-2.3909651	-4.11558	-0.16989159	HOMER1	homer scaffolding protein 1
206930_at	0.06876134	2.80e-02	-2.3903098	-4.11681	-0.09733837	GLYAT	glycine-N-acyltransferase
214556_at	0.06898774	2.81e-02	-2.3885668	-4.12008	-0.10559856	SSTR4	somatostatin receptor 4
214518_at	0.06912018	2.82e-02	-2.387421	-4.12222	-0.12310817	PDHA2	pyruvate dehydrogenase (lipoamide) alpha 2
221327_s_at	0.06912018	2.82e-02	-2.3873558	-4.12235	-0.09628935	OPN1MW3///OPN1MW2///OPN1LW///OPN1MW	opsin 1 (cone pigments), medium-wave-sensitive 3///opsin 1 (cone pigments), medium-wave-sensitive 2///opsin 1 (cone pigments), long-wave-sensitive///opsin 1 (cone pigments), medium-wave-sensitive
34063_at	0.06920619	2.83e-02	2.3864398	-4.12406	0.08450895	RECQL5	RecQ like helicase 5
204073_s_at	0.06920619	2.83e-02	-2.3863983	-4.12414	-0.09525342	MYRF	myelin regulatory factor
221350_at	0.06920619	2.83e-02	-2.3863374	-4.12425	-0.12847771	HOXC8	homeobox C8
220970_s_at	0.06921044	2.83e-02	-2.3861706	-4.12457	-0.11440208	KRTAP2-3///KRTAP2-4	keratin associated protein 2-3///keratin associated protein 2-4
200094_s_at	0.0693284	2.83e-02	2.3852014	-4.12638	0.20627574	EEF2	eukaryotic translation elongation factor 2
201605_x_at	0.0693642	2.84e-02	-2.3848124	-4.12711	-0.13666435	CNN2	calponin 2
38043_at	0.06945004	2.84e-02	2.384071	-4.1285	0.12482266	FAM3A	family with sequence similarity 3 member A
204351_at	0.06949776	2.84e-02	-2.3834345	-4.12969	-0.23098393	S100P	S100 calcium binding protein P
207614_s_at	0.06949776	2.84e-02	2.3833576	-4.12984	0.14638051	CUL1	cullin 1
204733_at	0.06949776	2.84e-02	-2.3833252	-4.1299	-0.10644847	KLK6	kallikrein related peptidase 6
206569_at	0.06954425	2.85e-02	-2.3828617	-4.13076	-0.09869071	IL24	interleukin 24
202891_at	0.06962302	2.85e-02	2.3821715	-4.13206	0.14511571	NIT1	nitrilase 1
205433_at	0.06982202	2.86e-02	-2.380639	-4.13492	-0.14449247	BCHE	butyrylcholinesterase
203664_s_at	0.06989447	2.86e-02	2.3799952	-4.13613	0.19589619	POLR2D	RNA polymerase II subunit D
210838_s_at	0.06993859	2.87e-02	-2.37955	-4.13696	-0.08720141	ACVRL1	activin A receptor like type 1
206436_at	0.07001166	2.87e-02	-2.3789026	-4.13817	-0.12026735	MPPED1	metallophosphoesterase domain containing 1
205232_s_at	0.07003236	2.87e-02	-2.3786216	-4.1387	-0.12016589	PAFAH2	platelet activating factor acetylhydrolase 2
202796_at	0.07005784	2.87e-02	-2.3783072	-4.13929	-0.11735123	SYNPO	synaptopodin
206078_at	0.07022282	2.88e-02	-2.3769027	-4.14191	-0.09982153	KALRN	kalirin, RhoGEF kinase
203671_at	0.07022282	2.88e-02	2.3768835	-4.14195	0.12046137	TPMT	thiopurine S-methyltransferase
219266_at	0.07035318	2.89e-02	2.3758394	-4.1439	0.16016891	ZNF350	zinc finger protein 350
218845_at	0.07035516	2.89e-02	-2.3755816	-4.14438	-0.15553925	DUSP22	dual specificity phosphatase 22
210533_at	0.07035516	2.89e-02	-2.3755531	-4.14444	-0.1180783	MSH4	mutS homolog 4
208239_at	0.07040979	2.89e-02	-2.3750369	-4.1454	-0.08238749	FOXE1	forkhead box E1
205143_at	0.07050788	2.90e-02	-2.3742192	-4.14693	-0.12965564	NCAN	neurocan
203460_s_at	0.07054755	2.90e-02	2.3738077	-4.1477	0.23144421	PSEN1	presenilin 1
206761_at	0.0705961	2.90e-02	-2.3733347	-4.14858	-0.14475783	CD96	CD96 molecule
205035_at	0.07064568	2.91e-02	2.3728548	-4.14948	0.15885648	CTDP1	CTD phosphatase subunit 1
203555_at	0.07092076	2.92e-02	2.3708155	-4.15329	0.22419083	PTPN18	protein tyrosine phosphatase, non-receptor type 18
208612_at	0.0714424	2.94e-02	2.3670889	-4.16024	0.34297565	PDIA3	protein disulfide isomerase family A member 3
218212_s_at	0.07144488	2.94e-02	2.3669093	-4.16058	0.11338743	MOCS2	molybdenum cofactor synthesis 2
220062_s_at	0.07144488	2.94e-02	-2.3667003	-4.16097	-0.08531407	MAGEC2	MAGE family member C2
207741_x_at	0.07144488	2.94e-02	2.3666637	-4.16104	0.60033625	TPSAB1	tryptase alpha/beta 1
209040_s_at	0.07148543	2.95e-02	-2.3661933	-4.16191	-0.2590825	PSMB8	proteasome subunit beta 8
203908_at	0.07148543	2.95e-02	2.3661137	-4.16206	0.22782321	SLC4A4	solute carrier family 4 member 4
207685_at	0.07159073	2.95e-02	-2.3652562	-4.16366	-0.09103332	CRYBB3	crystallin beta B3
208421_at	0.07159123	2.95e-02	-2.3650985	-4.16395	-0.11097469		
204230_s_at	0.07159123	2.95e-02	-2.3649177	-4.16429	-0.11139181	SLC17A7	solute carrier family 17 member 7
220620_at	0.07159123	2.95e-02	-2.3648452	-4.16443	-0.11231958	CRCT1	cysteine rich C-terminal 1
201232_s_at	0.07162432	2.96e-02	2.3644828	-4.1651	0.22928192	PSMD13	proteasome 26S subunit, non-ATPase 13
205363_at	0.07164098	2.96e-02	-2.3641662	-4.16569	-0.11817114	BBOX1	gamma-butyrobetaine hydroxylase 1
201113_at	0.07164098	2.96e-02	2.3640972	-4.16582	0.29114695	TUFM	Tu translation elongation factor, mitochondrial
206576_s_at	0.07172859	2.96e-02	-2.3633624	-4.16719	-0.13770454	CEACAM1	carcinoembryonic antigen related cell adhesion molecule 1
210037_s_at	0.07179424	2.97e-02	-2.3627025	-4.16842	-0.11063194	NOS2	nitric oxide synthase 2
207420_at	0.07179424	2.97e-02	-2.3626424	-4.16853	-0.08873858	COLEC10	collectin subfamily member 10
213846_at	0.07180433	2.97e-02	2.3624379	-4.16892	0.19790912	COX7C	cytochrome c oxidase subunit 7C
204084_s_at	0.07187825	2.97e-02	2.3617315	-4.17023	0.16067438	CLN5	ceroid-lipofuscinosis, neuronal 5
208882_s_at	0.07187825	2.97e-02	2.3616549	-4.17037	0.21643805	UBR5	ubiquitin protein ligase E3 component n-recognin 5
204855_at	0.07187825	2.97e-02	-2.3615266	-4.17061	-0.09306636	SERPINB5	serpin family B member 5
202268_s_at	0.07192071	2.98e-02	2.3611014	-4.17141	0.25160829	NAE1	NEDD8 activating enzyme E1 subunit 1
206897_at	0.07197913	2.98e-02	-2.3605678	-4.1724	-0.10453819	PAGE1	PAGE family member 1
203397_s_at	0.07203108	2.98e-02	-2.3600784	-4.17331	-0.20104443	GALNT3	polypeptide N-acetylgalactosaminyltransferase 3
220757_s_at	0.07217306	2.99e-02	2.358977	-4.17536	0.19682193	MIR4746///UBXN6	microRNA 4746///UBX domain protein 6
201102_s_at	0.07217836	2.99e-02	2.3587148	-4.17585	0.16546691	PFKL	phosphofructokinase, liver type
208260_at	0.07217836	2.99e-02	-2.3585406	-4.17618	-0.0815385	AVPR1B	arginine vasopressin receptor 1B
200618_at	0.07217836	2.99e-02	2.3585349	-4.17619	0.16335711	LASP1	LIM and SH3 protein 1
218157_x_at	0.07221824	2.99e-02	2.3581286	-4.17694	0.20789749	CDC42SE1	CDC42 small effector 1
207314_x_at	0.07222894	3.00e-02	-2.3579206	-4.17733	-0.12125209	KIR3DL2///KIR3DL1	killer cell immunoglobulin like receptor, three Ig domains and long cytoplasmic tail 2///killer cell immunoglobulin like receptor, three Ig domains and long cytoplasmic tail 1
221298_s_at	0.0722302	3.00e-02	-2.3577059	-4.17773	-0.13554567	SLC22A8	solute carrier family 22 member 8
206277_at	0.0722302	3.00e-02	-2.3576416	-4.17785	-0.21080841	P2RY2	purinergic receptor P2Y2
208608_s_at	0.07226182	3.00e-02	2.3572917	-4.1785	0.18961458	SNTB1	syntrophin beta 1
214465_at	0.07227488	3.00e-02	-2.3570678	-4.17892	-0.11359524	ORM2///ORM1	orosomucoid 2///orosomucoid 1
207892_at	0.07243733	3.01e-02	2.3558309	-4.18122	0.11810117	CD40LG	CD40 ligand
221023_s_at	0.07246763	3.01e-02	-2.3554906	-4.18185	-0.09528205	KCNH6	potassium voltage-gated channel subfamily H member 6
220046_s_at	0.07252521	3.01e-02	-2.3549656	-4.18283	-0.28078485	CCNL1	cyclin L1
206572_x_at	0.07291652	3.03e-02	2.3521886	-4.188	0.17513958	ZNF85	zinc finger protein 85
221259_s_at	0.07295017	3.03e-02	-2.351827	-4.18867	-0.12518573	TEX11	testis expressed 11
202484_s_at	0.07295187	3.03e-02	2.3516806	-4.18894	0.25808069	MBD2	methyl-CpG binding domain protein 2
37793_r_at	0.07295367	3.04e-02	2.3515335	-4.18922	0.14437645	RAD51D	RAD51 paralog D
219795_at	0.07307732	3.04e-02	-2.3505668	-4.19101	-0.10256612	SLC6A14	solute carrier family 6 member 14
218494_s_at	0.07314552	3.05e-02	-2.3499737	-4.19212	-0.20214021	SLC2A4RG	SLC2A4 regulator
220781_at	0.07315099	3.05e-02	2.349802	-4.19243	0.09932132	DEC1	deleted in esophageal cancer 1
204008_at	0.07315117	3.05e-02	2.349666	-4.19269	0.13878932	DNAL4	dynein axonemal light chain 4
201966_at	0.07317466	3.05e-02	2.3493734	-4.19323	0.16760408	NDUFS2	NADH:ubiquinone oxidoreductase core subunit S2
205345_at	0.07321725	3.05e-02	-2.3489528	-4.19401	-0.29234066	BARD1	BRCA1 associated RING domain 1
201809_s_at	0.07326717	3.05e-02	2.3484831	-4.19489	0.2343022	ENG	endoglin
210127_at	0.07332987	3.06e-02	2.3479281	-4.19592	0.18040951	RAB6B	RAB6B, member RAS oncogene family
201920_at	0.07333793	3.06e-02	2.3477393	-4.19627	0.20958819	SLC20A1	solute carrier family 20 member 1
201650_at	0.07336093	3.06e-02	-2.3474506	-4.1968	-0.07598969	KRT19	keratin 19
220506_at	0.07344869	3.07e-02	2.3467285	-4.19815	0.07614234	GUCY1B2	guanylate cyclase 1 soluble subunit beta 2 (pseudogene)
221467_at	0.07347059	3.07e-02	-2.3464473	-4.19867	-0.071332	MC4R	melanocortin 4 receptor
39729_at	0.07347252	3.07e-02	2.3462998	-4.19894	0.33561224	PRDX2	peroxiredoxin 2
209742_s_at	0.07354189	3.07e-02	-2.3457014	-4.20005	-0.09510368	MYL2	myosin light chain 2
205949_at	0.07364302	3.08e-02	-2.3448914	-4.20156	-0.14649902	CA1	carbonic anhydrase 1
202475_at	0.07387597	3.09e-02	2.3430868	-4.20491	0.19063264	TMEM147	transmembrane protein 147
218693_at	0.07387597	3.09e-02	2.342891	-4.20527	0.0929593	TSPAN15	tetraspanin 15
220358_at	0.07387597	3.09e-02	-2.342809	-4.20542	-0.1082914	BATF3	basic leucine zipper ATF-like transcription factor 3
203988_s_at	0.07387597	3.09e-02	2.3428008	-4.20544	0.15243541	FUT8	fucosyltransferase 8
34031_i_at	0.0738935	3.09e-02	2.3423373	-4.2063	0.35476781	KRIT1	KRIT1, ankyrin repeat containing
204276_at	0.0738935	3.09e-02	-2.3421925	-4.20657	-0.13869772	TK2	thymidine kinase 2, mitochondrial
220164_s_at	0.0738935	3.09e-02	-2.3421843	-4.20658	-0.10300766	FBXO40	F-box protein 40
204432_at	0.0738935	3.09e-02	2.3420836	-4.20677	0.13241672	SOX12	SRY-box 12
205403_at	0.0738935	3.09e-02	-2.3420124	-4.2069	-0.11549394	IL1R2	interleukin 1 receptor type 2
211203_s_at	0.07390782	3.10e-02	-2.3417204	-4.20744	-0.09853968	CNTN1	contactin 1
206872_at	0.07390782	3.10e-02	-2.3416487	-4.20757	-0.08293896	SLC17A1	solute carrier family 17 member 1
202373_s_at	0.07397151	3.10e-02	2.3410668	-4.20865	0.19132047	RAB3GAP2///AURKAPS1	RAB3 GTPase activating non-catalytic protein subunit 2///aurora kinase A pseudogene 1
205020_s_at	0.07397151	3.10e-02	2.340926	-4.20892	0.26069985	ARL4A	ADP ribosylation factor like GTPase 4A
218935_at	0.07397151	3.10e-02	2.3408226	-4.20911	0.27223292	EHD3	EH domain containing 3
201276_at	0.0739886	3.10e-02	2.340575	-4.20957	0.27056408	RAB5B	RAB5B, member RAS oncogene family
202041_s_at	0.07399716	3.11e-02	2.340275	-4.21012	0.221152	FIBP	FGF1 intracellular binding protein
205590_at	0.07399716	3.11e-02	-2.340162	-4.21033	-0.18564677	RASGRP1	RAS guanyl releasing protein 1
220648_at	0.07399716	3.11e-02	-2.340116	-4.21042	-0.0911863	ADARB2	adenosine deaminase, RNA specific B2 (inactive)
209561_at	0.07409916	3.11e-02	2.3393045	-4.21192	0.16725973	THBS3	thrombospondin 3
204194_at	0.07415879	3.12e-02	2.3387747	-4.21291	0.18025407	BACH1	BTB domain and CNC homolog 1
221266_s_at	0.07416057	3.12e-02	-2.338629	-4.21318	-0.06706152	DCSTAMP	dendrocyte expressed seven transmembrane protein
207364_at	0.07439169	3.13e-02	-2.3369641	-4.21626	-0.10353385	TEX28	testis expressed 28
219250_s_at	0.0744555	3.13e-02	-2.3364082	-4.21729	-0.12408881	FLRT3	fibronectin leucine rich transmembrane protein 3
222134_at	0.0745387	3.13e-02	2.3357247	-4.21856	0.14549597	DDO	D-aspartate oxidase
207060_at	0.07457582	3.14e-02	-2.3353459	-4.21926	-0.08653394	EN2	engrailed homeobox 2
200673_at	0.07465633	3.14e-02	2.334681	-4.22049	0.28444265	LAPTM4A	lysosomal protein transmembrane 4 alpha
208037_s_at	0.07467436	3.14e-02	-2.3344284	-4.22096	-0.1074361	MADCAM1	mucosal vascular addressin cell adhesion molecule 1
204211_x_at	0.07470661	3.15e-02	2.3340821	-4.2216	0.1521761	EIF2AK2	eukaryotic translation initiation factor 2 alpha kinase 2
207235_s_at	0.07486561	3.15e-02	-2.3329015	-4.22379	-0.10265153	GRM5	glutamate metabotropic receptor 5
221403_s_at	0.07489559	3.15e-02	-2.3325708	-4.2244	-0.10160292	INSL6	insulin like 6
202963_at	0.07501811	3.16e-02	2.3316321	-4.22614	0.18353122	RFX5	regulatory factor X5
206098_at	0.07516646	3.17e-02	2.3305254	-4.22819	0.14418502	ZBTB6	zinc finger and BTB domain containing 6
206140_at	0.07522434	3.17e-02	-2.3300127	-4.22914	-0.11546919	LHX2	LIM homeobox 2
208005_at	0.07538014	3.18e-02	-2.3288598	-4.23127	-0.12408258	NTN1	netrin 1
202948_at	0.07543041	3.18e-02	2.3282899	-4.23232	0.12468982	IL1R1	interleukin 1 receptor type 1
205754_at	0.07543041	3.18e-02	-2.3282642	-4.23237	-0.10251083	F2	coagulation factor II, thrombin
219912_s_at	0.0755144	3.19e-02	-2.3275823	-4.23363	-0.08524178	ENPP3	ectonucleotide pyrophosphatase/phosphodiesterase 3
206762_at	0.07555817	3.19e-02	-2.3271633	-4.23441	-0.161334	KCNA5	potassium voltage-gated channel subfamily A member 5
222103_at	0.07561961	3.19e-02	2.3266293	-4.23539	0.20218565	ATF1	activating transcription factor 1
209951_s_at	0.07570985	3.20e-02	2.325908	-4.23673	0.10279915	MAP2K7	mitogen-activated protein kinase kinase 7
207847_s_at	0.07576513	3.20e-02	2.3254148	-4.23764	0.20905226	MUC1	mucin 1, cell surface associated
210031_at	0.07578959	3.20e-02	-2.3251224	-4.23818	-0.11086499	CD247	CD247 molecule
208204_s_at	0.0759615	3.21e-02	-2.323872	-4.24049	-0.07790463	CAV3	caveolin 3
220442_at	0.07596505	3.21e-02	2.3235028	-4.24117	0.1010659	POC1B-GALNT4///GALNT4	POC1B-GALNT4 readthrough///polypeptide N-acetylgalactosaminyltransferase 4
205498_at	0.07596505	3.21e-02	-2.3234877	-4.2412	-0.12103121	GHR	growth hormone receptor
207846_at	0.07596505	3.21e-02	-2.323449	-4.24127	-0.092594	POU1F1	POU class 1 homeobox 1
204887_s_at	0.07603534	3.22e-02	2.3228597	-4.24236	0.25482831	PLK4	polo like kinase 4
208109_s_at	0.07615268	3.22e-02	-2.3219661	-4.24401	-0.12684832	LINC00597	long intergenic non-protein coding RNA 597
208310_s_at	0.07619041	3.23e-02	2.3215506	-4.24478	0.23829655	CCZ1B///CCZ1	CCZ1 homolog B, vacuolar protein trafficking and biogenesis associated///CCZ1 homolog, vacuolar protein trafficking and biogenesis associated
219985_at	0.07619041	3.23e-02	-2.3214554	-4.24496	-0.10011839	HS3ST3A1	heparan sulfate-glucosamine 3-sulfotransferase 3A1
209715_at	0.07619669	3.23e-02	2.3212816	-4.24528	0.1955371	CBX5	chromobox 5
206619_at	0.07634145	3.23e-02	-2.3202123	-4.24725	-0.10200105	DKK4	dickkopf WNT signaling pathway inhibitor 4
209489_at	0.07638341	3.24e-02	2.3198081	-4.248	0.24326419	CELF1	CUGBP, Elav-like family member 1
209213_at	0.07647607	3.24e-02	2.3189731	-4.24954	0.12428825	CBR1	carbonyl reductase 1
214617_at	0.07647607	3.24e-02	2.3189439	-4.24959	0.10530555	PRF1	perforin 1
204512_at	0.07658952	3.25e-02	2.3180782	-4.25119	0.17840646	HIVEP1	human immunodeficiency virus type I enhancer binding protein 1
202336_s_at	0.07658952	3.25e-02	-2.3178385	-4.25163	-0.18169062	PAM	peptidylglycine alpha-amidating monooxygenase
217755_at	0.07658952	3.25e-02	2.3178136	-4.25168	0.24231053	HN1	hematological and neurological expressed 1
205218_at	0.07679561	3.26e-02	2.3163544	-4.25437	0.10492856	POLR3F	RNA polymerase III subunit F
211201_at	0.07680706	3.26e-02	-2.3161479	-4.25475	-0.09384951	FSHR	follicle stimulating hormone receptor
209615_s_at	0.07700857	3.27e-02	-2.314598	-4.25761	-0.11874088	PAK1	p21 (RAC1) activated kinase 1
219793_at	0.07700857	3.27e-02	2.3145888	-4.25763	0.16727131	SNX16	sorting nexin 16
210605_s_at	0.07701858	3.27e-02	2.3143917	-4.25799	0.11975534	MFGE8	milk fat globule-EGF factor 8 protein
203986_at	0.07706516	3.28e-02	2.3139605	-4.25879	0.15173469	FAM47E-STBD1///FAM47E///STBD1	FAM47E-STBD1 readthrough///family with sequence similarity 47 member E///starch binding domain 1
220671_at	0.07712586	3.28e-02	-2.3134389	-4.25975	-0.09576255	NOCT	nocturnin
207135_at	0.07720608	3.28e-02	-2.3127928	-4.26094	-0.08017411	HTR2A	5-hydroxytryptamine receptor 2A
220669_at	0.07720658	3.28e-02	2.3126568	-4.26119	0.12328101	OTUD4	OTU deubiquitinase 4
208056_s_at	0.07744862	3.30e-02	2.3109782	-4.26428	0.24914371	CBFA2T3	CBFA2/RUNX1 translocation partner 3
205444_at	0.07757123	3.30e-02	-2.3100641	-4.26597	-0.0913968	ATP2A1	ATPase sarcoplasmic/endoplasmic reticulum Ca2+ transporting 1
205324_s_at	0.07762813	3.31e-02	2.3095692	-4.26688	0.17260287	FTSJ1	FtsJ RNA methyltransferase homolog 1 (E. coli)
206842_at	0.07764215	3.31e-02	-2.3093473	-4.26729	-0.11837902	KCND1	potassium voltage-gated channel subfamily D member 1
209046_s_at	0.07765005	3.31e-02	2.3091644	-4.26762	0.16978686	GABARAPL2	GABA type A receptor associated protein like 2
210796_x_at	0.07777361	3.31e-02	-2.3082462	-4.26931	-0.09212411	SIGLEC6	sialic acid binding Ig like lectin 6
211093_at	0.07782978	3.32e-02	-2.3077569	-4.27022	-0.08816639	PDE6C	phosphodiesterase 6C
213921_at	0.0778724	3.32e-02	-2.3073538	-4.27096	-0.13511136	SST	somatostatin
218875_s_at	0.07795326	3.32e-02	2.3067083	-4.27215	0.23368759	FBXO5	F-box protein 5
200922_at	0.07798136	3.33e-02	2.3063977	-4.27272	0.29553554	KDELR1	KDEL endoplasmic reticulum protein retention receptor 1
201933_at	0.07798648	3.33e-02	2.3062328	-4.27302	0.15581075	CHMP1A	charged multivesicular body protein 1A
207327_at	0.07799203	3.33e-02	-2.3060652	-4.27333	-0.06988767	EYA4	EYA transcriptional coactivator and phosphatase 4
213535_s_at	0.07805416	3.33e-02	2.3055391	-4.2743	0.18670013	UBE2I	ubiquitin conjugating enzyme E2 I
221131_at	0.07806775	3.33e-02	-2.3052749	-4.27478	-0.09477807	A4GNT	alpha-1,4-N-acetylglucosaminyltransferase
201274_at	0.07806775	3.33e-02	2.3051883	-4.27494	0.17920155	PSMA5	proteasome subunit alpha 5
206742_at	0.07809758	3.34e-02	-2.3048672	-4.27553	-0.10260082	PIR-FIGF///FIGF	PIR-FIGF readthrough///c-fos induced growth factor
203939_at	0.07809984	3.34e-02	-2.3047206	-4.2758	-0.10539597	NT5E	5'-nucleotidase ecto
207674_at	0.07810903	3.34e-02	-2.3045302	-4.27615	-0.17152544	FCAR	Fc fragment of IgA receptor
221519_at	0.07812151	3.34e-02	2.3043189	-4.27654	0.10864234	FBXW4	F-box and WD repeat domain containing 4
204072_s_at	0.07815887	3.34e-02	-2.3039504	-4.27722	-0.27236013	FRY	FRY microtubule binding protein
221095_s_at	0.07834227	3.35e-02	-2.3026592	-4.2796	-0.11485293	KCNE2	potassium voltage-gated channel subfamily E regulatory subunit 2
219753_at	0.07843747	3.36e-02	-2.301918	-4.28096	-0.17895779	STAG3	stromal antigen 3
201590_x_at	0.07843747	3.36e-02	2.3017942	-4.28119	0.43385439	ANXA2	annexin A2
202330_s_at	0.0784649	3.36e-02	2.3014893	-4.28175	0.28425986	UNG	uracil DNA glycosylase
207551_s_at	0.07848395	3.36e-02	2.3012371	-4.28221	0.09328902	MSL3	male-specific lethal 3 homolog (Drosophila)
202929_s_at	0.07849746	3.36e-02	2.3010199	-4.28261	0.15201425	DDTL///DDT	D-dopachrome tautomerase-like///D-dopachrome tautomerase
209875_s_at	0.07853171	3.37e-02	-2.3006722	-4.28325	-0.11489416	SPP1	secreted phosphoprotein 1
202454_s_at	0.07859238	3.37e-02	-2.3000896	-4.28432	-0.08358676	ERBB3	erb-b2 receptor tyrosine kinase 3
202382_s_at	0.07859238	3.37e-02	-2.3000261	-4.28444	-0.24377143	GNPDA1	glucosamine-6-phosphate deaminase 1
207372_s_at	0.07861085	3.37e-02	-2.299778	-4.28489	-0.10691476	ENTPD2	ectonucleoside triphosphate diphosphohydrolase 2
221061_at	0.07893265	3.39e-02	-2.2976246	-4.28885	-0.1106141	PKD2L1	polycystin 2 like 1, transient receptor potential cation channel
203984_s_at	0.07896299	3.39e-02	2.2973025	-4.28944	0.13267257	CASP9	caspase 9
218612_s_at	0.07924047	3.40e-02	-2.2954341	-4.29287	-0.11870042	TSSC4	tumor suppressing subtransferable candidate 4
214449_s_at	0.07928737	3.40e-02	-2.2950093	-4.29365	-0.11953676	RHOQ	ras homolog family member Q
205473_at	0.07937712	3.41e-02	-2.2943173	-4.29492	-0.1246682	ATP6V1B1	ATPase H+ transporting V1 subunit B1
208540_x_at	0.07939661	3.41e-02	-2.2940639	-4.29539	-0.12755516		
219516_at	0.07940111	3.41e-02	-2.2939041	-4.29568	-0.11209027	TRPV4	transient receptor potential cation channel subfamily V member 4
205855_at	0.07946911	3.42e-02	2.2932339	-4.29691	0.0934614	ZNF197	zinc finger protein 197
206315_at	0.07946911	3.42e-02	-2.2930712	-4.29721	-0.0891524	CRLF1	cytokine receptor like factor 1
203637_s_at	0.07946911	3.42e-02	-2.292979	-4.29738	-0.08328161	MID1	midline 1
209496_at	0.07946911	3.42e-02	-2.2929533	-4.29742	-0.10283784	RARRES2	retinoic acid receptor responder 2
204360_s_at	0.07960576	3.43e-02	2.2919707	-4.29923	0.13742703	NAGLU	N-acetyl-alpha-glucosaminidase
203677_s_at	0.07962324	3.43e-02	2.2917304	-4.29967	0.12833171	TARBP2	TARBP2, RISC loading complex RNA binding subunit
202116_at	0.07968314	3.43e-02	2.2912263	-4.30059	0.18402046	DPF2	double PHD fingers 2
216341_s_at	0.07969208	3.43e-02	-2.2910231	-4.30097	-0.07099286	GNRHR	gonadotropin releasing hormone receptor
213090_s_at	0.07969208	3.43e-02	2.2909076	-4.30118	0.17742572	TAF4	TATA-box binding protein associated factor 4
212696_s_at	0.0797138	3.43e-02	2.2906411	-4.30167	0.18609389	RNF4	ring finger protein 4
207844_at	0.07982503	3.44e-02	-2.2898187	-4.30317	-0.10011026	IL13	interleukin 13
200012_x_at	0.07990189	3.44e-02	-2.2892104	-4.30429	-0.18942764	RPL21P28///SNORA27///SNORD102///RPL21	ribosomal protein L21 pseudogene 28///small nucleolar RNA, H/ACA box 27///small nucleolar RNA, C/D box 102///ribosomal protein L21
205440_s_at	0.07990879	3.45e-02	-2.2890362	-4.30461	-0.11055673	NPY1R	neuropeptide Y receptor Y1
206141_at	0.07996228	3.45e-02	2.2885732	-4.30546	0.15011046	MOCS3	molybdenum cofactor synthesis 3
201586_s_at	0.08000771	3.45e-02	2.2881604	-4.30621	0.25530599	SFPQ	splicing factor proline and glutamine rich
206679_at	0.0800136	3.45e-02	-2.2879925	-4.30652	-0.088244	APBA1	amyloid beta precursor protein binding family A member 1
207427_at	0.0800143	3.45e-02	-2.2878569	-4.30677	-0.10022381	ACR	acrosin
207094_at	0.08022499	3.46e-02	-2.2864221	-4.3094	-0.08681542	CXCR1	C-X-C motif chemokine receptor 1
200098_s_at	0.08033788	3.47e-02	2.2855009	-4.31109	0.18170589	ANAPC5	anaphase promoting complex subunit 5
205820_s_at	0.08033788	3.47e-02	-2.2854624	-4.31116	-0.11519895	APOC3	apolipoprotein C3
201106_at	0.08040511	3.47e-02	2.2849165	-4.31216	0.25511001	GPX4	glutathione peroxidase 4
207649_at	0.08041368	3.48e-02	-2.2847324	-4.31249	-0.07335376	KRT37	keratin 37
216537_s_at	0.08054874	3.48e-02	-2.283769	-4.31426	-0.12283432	SIGLEC7	sialic acid binding Ig like lectin 7
211873_s_at	0.08077197	3.49e-02	-2.2822652	-4.31701	-0.10534427	PCDHGA9	protocadherin gamma subfamily A, 9
204158_s_at	0.08080845	3.50e-02	-2.2819101	-4.31766	-0.16513564	TCIRG1	T-cell immune regulator 1, ATPase H+ transporting V0 subunit a3
219151_s_at	0.08101178	3.51e-02	2.2805322	-4.32018	0.18861962	RABL2A///RABL2B	RAB, member of RAS oncogene family-like 2A///RAB, member of RAS oncogene family-like 2B
220556_at	0.08109484	3.51e-02	-2.2798926	-4.32135	-0.15548915	ATP1B4	ATPase Na+/K+ transporting family member beta 4
207383_s_at	0.0812239	3.52e-02	-2.2788895	-4.32319	-0.09247371	RHBDL1	rhomboid like 1
220057_at	0.0812239	3.52e-02	-2.2788413	-4.32327	-0.08196077	XAGE1B///XAGE1E	X antigen family member 1B///X antigen family member 1E
208675_s_at	0.08133421	3.52e-02	2.2780366	-4.32475	0.25277454	DDOST	dolichyl-diphosphooligosaccharide--protein glycosyltransferase non-catalytic subunit
200990_at	0.08136076	3.52e-02	2.2777436	-4.32528	0.40173352	TRIM28	tripartite motif containing 28
216979_at	0.08148171	3.53e-02	-2.2767483	-4.3271	-0.11240434	NR4A3	nuclear receptor subfamily 4 group A member 3
201954_at	0.08148171	3.53e-02	2.2767442	-4.32711	0.20860226	ARPC1B	actin related protein 2/3 complex subunit 1B
206561_s_at	0.08150489	3.53e-02	-2.2764721	-4.32761	-0.09118335	AKR1B10	aldo-keto reductase family 1 member B10
210874_s_at	0.08154984	3.54e-02	2.2760674	-4.32835	0.17019066	NAT6	N-acetyltransferase 6
207522_s_at	0.0815649	3.54e-02	2.2758448	-4.32875	0.39115477	ATP2A3	ATPase sarcoplasmic/endoplasmic reticulum Ca2+ transporting 3
200651_at	0.08160071	3.54e-02	-2.275496	-4.32939	-0.17591978	SNORD96A///SNORD95///RACK1	small nucleolar RNA, C/D box 96A///small nucleolar RNA, C/D box 95///receptor for activated C kinase 1
206185_at	0.08160196	3.54e-02	-2.2753576	-4.32964	-0.08911457	CRYBB1	crystallin beta B1
215399_s_at	0.08164365	3.54e-02	2.2749732	-4.33034	0.24944943	OS9	OS9, endoplasmic reticulum lectin
207710_at	0.0816606	3.55e-02	-2.2746611	-4.33091	-0.08258488	LCE2B	late cornified envelope 2B
217957_at	0.0816606	3.55e-02	2.2746086	-4.33101	0.2307317	CFAP20	cilia and flagella associated protein 20
221060_s_at	0.08169885	3.55e-02	-2.2741598	-4.33183	-0.12490906	TLR4	toll like receptor 4
213060_s_at	0.08169885	3.55e-02	-2.2741146	-4.33191	-0.076026	CHI3L2	chitinase 3 like 2
206464_at	0.08177245	3.55e-02	-2.2735367	-4.33297	-0.12049456	BMX	BMX non-receptor tyrosine kinase
203226_s_at	0.08184648	3.56e-02	2.2729566	-4.33403	0.18082705	TSPAN31	tetraspanin 31
214599_at	0.08197539	3.57e-02	-2.2720442	-4.33569	-0.08741111	IVL	involucrin
210338_s_at	0.08197623	3.57e-02	2.2718693	-4.33601	0.25425751	SNORD14D///SNORD14C///HSPA8	small nucleolar RNA, C/D box 14D///small nucleolar RNA, C/D box 14C///heat shock protein family A (Hsp70) member 8
203395_s_at	0.08197623	3.57e-02	2.2717301	-4.33627	0.13093975	HES1	hes family bHLH transcription factor 1
204943_at	0.08197623	3.57e-02	-2.2716474	-4.33642	-0.07079005	ADAM12	ADAM metallopeptidase domain 12
205666_at	0.08201471	3.57e-02	-2.2712838	-4.33708	-0.11011001	FMO1	flavin containing monooxygenase 1
823_at	0.08203061	3.57e-02	-2.27101	-4.33758	-0.07801073	CX3CL1	C-X3-C motif chemokine ligand 1
215498_s_at	0.08203061	3.57e-02	2.2709266	-4.33773	0.23053183	LOC100996792///MAP2K3	dual specificity mitogen-activated protein kinase kinase 3///mitogen-activated protein kinase kinase 3
218566_s_at	0.08212981	3.58e-02	2.2701455	-4.33916	0.28350928	CHORDC1	cysteine and histidine rich domain containing 1
203209_at	0.08212981	3.58e-02	2.2700566	-4.33932	0.20668805	RFC5	replication factor C subunit 5
207469_s_at	0.08212981	3.58e-02	2.2699349	-4.33954	0.15665562	PIR	pirin
207897_at	0.0821389	3.58e-02	-2.2697495	-4.33988	-0.11034458	CRHR2	corticotropin releasing hormone receptor 2
212369_at	0.08229137	3.59e-02	2.2686975	-4.3418	0.13554552	ZNF384	zinc finger protein 384
208611_s_at	0.08232129	3.59e-02	-2.2683865	-4.34237	-0.23046452	SPTAN1	spectrin alpha, non-erythrocytic 1
206330_s_at	0.08232961	3.59e-02	-2.2681849	-4.34274	-0.08300773	SHC3	SHC adaptor protein 3
202900_s_at	0.08232961	3.59e-02	2.2680758	-4.34294	0.24246232	NUP88	nucleoporin 88
205829_at	0.08245839	3.60e-02	-2.2671687	-4.34459	-0.11078083	HSD17B1	hydroxysteroid 17-beta dehydrogenase 1
206148_at	0.08256157	3.61e-02	-2.2664167	-4.34596	-0.18426942	IL3RA	interleukin 3 receptor subunit alpha
209747_at	0.08256238	3.61e-02	-2.2662817	-4.34621	-0.09185868	TGFB3	transforming growth factor beta 3
205794_s_at	0.0825866	3.61e-02	-2.2660057	-4.34671	-0.131256	NOVA1	NOVA alternative splicing regulator 1
209291_at	0.08261992	3.61e-02	-2.265675	-4.34731	-0.08426675	ID4	inhibitor of DNA binding 4, HLH protein
201944_at	0.08289499	3.62e-02	-2.2638919	-4.35056	-0.21138102	HEXB	hexosaminidase subunit beta
203857_s_at	0.0830931	3.63e-02	2.2625743	-4.35296	0.25391241	MIR7110///PDIA5	microRNA 7110///protein disulfide isomerase family A member 5
202437_s_at	0.08313346	3.64e-02	-2.2622026	-4.35364	-0.18369964	CYP1B1	cytochrome P450 family 1 subfamily B member 1
205163_at	0.08315677	3.64e-02	2.2619331	-4.35413	0.09684934	MYLPF	myosin light chain, phosphorylatable, fast skeletal muscle
201129_at	0.08345658	3.65e-02	2.2600122	-4.35763	0.36380386	SRSF7	serine and arginine rich splicing factor 7
217876_at	0.08381345	3.67e-02	2.257758	-4.36173	0.0951398	GTF3C5	general transcription factor IIIC subunit 5
208819_at	0.08383624	3.67e-02	2.2573858	-4.36241	0.20109421	RAB8A	RAB8A, member RAS oncogene family
210266_s_at	0.08383624	3.67e-02	2.2573626	-4.36245	0.22805251	TRIM33	tripartite motif containing 33
201406_at	0.08387798	3.68e-02	-2.2569848	-4.36314	-0.15035903	RPL36A-HNRNPH2///RPL36A	RPL36A-HNRNPH2 readthrough///ribosomal protein L36a
201648_at	0.08391087	3.68e-02	2.2566597	-4.36373	0.21923967	JAK1	Janus kinase 1
203685_at	0.08402423	3.68e-02	-2.2558575	-4.36519	-0.27380113	BCL2	BCL2, apoptosis regulator
201498_at	0.08411883	3.69e-02	2.2551671	-4.36644	0.185573	USP7	ubiquitin specific peptidase 7
202636_at	0.08416142	3.69e-02	2.2547852	-4.36714	0.23909093	RNF103	ring finger protein 103
208009_s_at	0.08422746	3.70e-02	-2.2542646	-4.36809	-0.09954061	ARHGEF16	Rho guanine nucleotide exchange factor 16
203974_at	0.08426275	3.70e-02	2.2537915	-4.36895	0.21516828	PUDP	pseudouridine 5'-phosphatase
219645_at	0.08426275	3.70e-02	-2.2536971	-4.36912	-0.12058174	CASQ1	calsequestrin 1
205336_at	0.08426275	3.70e-02	-2.2536209	-4.36926	-0.10802717	PVALB	parvalbumin
203378_at	0.08426275	3.70e-02	2.2535368	-4.36941	0.21468257	PCF11	PCF11 cleavage and polyadenylation factor subunit
205765_at	0.08429687	3.70e-02	-2.2531298	-4.37015	-0.09923949	CYP3A5	cytochrome P450 family 3 subfamily A member 5
205407_at	0.08429687	3.70e-02	2.2530758	-4.37025	0.13930882	RECK	reversion inducing cysteine rich protein with kazal motifs
216485_s_at	0.08433732	3.71e-02	-2.2527071	-4.37092	-0.0947573	TPSAB1	tryptase alpha/beta 1
219977_at	0.0843535	3.71e-02	-2.2523198	-4.37162	-0.08624681	AIPL1	aryl hydrocarbon receptor interacting protein like 1
203502_at	0.0843535	3.71e-02	2.2521575	-4.37192	0.12766694	BPGM	bisphosphoglycerate mutase
204517_at	0.0843535	3.71e-02	-2.2521363	-4.37195	-0.1169307	PPIC	peptidylprolyl isomerase C
214609_at	0.0843535	3.71e-02	-2.2520933	-4.37203	-0.12116362	PHOX2A	paired like homeobox 2a
205683_x_at	0.08446774	3.72e-02	2.2512893	-4.37349	0.72343612	TPSAB1	tryptase alpha/beta 1
207026_s_at	0.0845539	3.72e-02	-2.2506517	-4.37465	-0.12305184	ATP2B3	ATPase plasma membrane Ca2+ transporting 3
207386_at	0.0846026	3.73e-02	2.2502352	-4.37541	0.13303988	CYP7B1	cytochrome P450 family 7 subfamily B member 1
207510_at	0.08464289	3.73e-02	-2.2498685	-4.37607	-0.09359451	BDKRB1	bradykinin receptor B1
208628_s_at	0.08464767	3.73e-02	2.2497059	-4.37637	0.21957955	YBX1	Y-box binding protein 1
203276_at	0.08464767	3.73e-02	2.2495816	-4.37659	0.40095598	LMNB1	lamin B1
202337_at	0.08472655	3.73e-02	2.2489879	-4.37767	0.18493735	PMF1	polyamine-modulated factor 1
203046_s_at	0.08481064	3.74e-02	2.2483134	-4.3789	0.22393311	TIMELESS	timeless circadian clock
206737_at	0.08481064	3.74e-02	-2.2482347	-4.37904	-0.11617975	WNT11	Wnt family member 11
206683_at	0.0850138	3.75e-02	-2.2469124	-4.38144	-0.11271482	ZNF165	zinc finger protein 165
204031_s_at	0.08502626	3.75e-02	2.24671	-4.38181	0.26053513	PCBP2	poly(rC) binding protein 2
204348_s_at	0.08504132	3.75e-02	2.246411	-4.38235	0.32056267	LOC100507855///AK4	adenylate kinase 4, mitochondrial-like///adenylate kinase 4
206246_at	0.08504132	3.75e-02	-2.2463632	-4.38244	-0.09396382	PFKFB4	6-phosphofructo-2-kinase/fructose-2,6-biphosphatase 4
202500_at	0.08507454	3.76e-02	-2.2460196	-4.38306	-0.11573906	DNAJB2	DnaJ heat shock protein family (Hsp40) member B2
212551_at	0.08507454	3.76e-02	-2.2459102	-4.38326	-0.11786683	CAP2	CAP, adenylate cyclase-associated protein, 2 (yeast)
203343_at	0.08520159	3.76e-02	2.2450367	-4.38484	0.1918321	UGDH	UDP-glucose 6-dehydrogenase
217747_s_at	0.08520501	3.77e-02	-2.2448875	-4.38511	-0.19648343	RPS9	ribosomal protein S9
210890_x_at	0.08533281	3.77e-02	-2.2440107	-4.3867	-0.09581386	KIR2DL1	killer cell immunoglobulin like receptor, two Ig domains and long cytoplasmic tail 1
202096_s_at	0.085334	3.77e-02	2.2438747	-4.38695	0.17767063	TSPO	translocator protein
201341_at	0.08550759	3.78e-02	-2.2427164	-4.38905	-0.15250894	ENC1	ectodermal-neural cortex 1
200643_at	0.08550759	3.78e-02	2.2426027	-4.38926	0.19183657	HDLBP	high density lipoprotein binding protein
208994_s_at	0.08574252	3.79e-02	2.2411042	-4.39197	0.1843803	PPIG	peptidylprolyl isomerase G
215930_s_at	0.08608795	3.81e-02	2.238968	-4.39584	0.1100819	CTAGE5	CTAGE family member 5, ER export factor
208153_s_at	0.08610603	3.81e-02	-2.2387341	-4.39627	-0.09629191	FAT2	FAT atypical cadherin 2
221160_s_at	0.08620724	3.82e-02	-2.2380185	-4.39756	-0.0943331	CABP5	calcium binding protein 5
220415_at	0.08635446	3.83e-02	-2.2370374	-4.39934	-0.11747366	FPGT-TNNI3K///TNNI3K	FPGT-TNNI3K readthrough///TNNI3 interacting kinase
203043_at	0.08639497	3.83e-02	2.2366743	-4.39999	0.1224793	ZBED1	zinc finger BED-type containing 1
204171_at	0.08639889	3.83e-02	2.2365227	-4.40027	0.14147182	RPS6KB1	ribosomal protein S6 kinase B1
206943_at	0.08640965	3.83e-02	2.2363316	-4.40062	0.09617381	TGFBR1	transforming growth factor beta receptor 1
204209_at	0.0864896	3.83e-02	2.2357408	-4.40168	0.15793393	PCYT1A	phosphate cytidylyltransferase 1, choline, alpha
207012_at	0.08652371	3.84e-02	-2.235415	-4.40227	-0.07098303	MMP16	matrix metallopeptidase 16
208471_at	0.08656543	3.84e-02	-2.2349793	-4.40306	-0.09561645	HPR	haptoglobin-related protein
203890_s_at	0.08656543	3.84e-02	2.2349166	-4.40318	0.12499499	MIR637///DAPK3	microRNA 637///death associated protein kinase 3
203968_s_at	0.08662627	3.84e-02	2.2344368	-4.40404	0.20317342	CDC6	cell division cycle 6
219187_at	0.08669276	3.85e-02	2.2339247	-4.40497	0.08794436	FKBPL	FK506 binding protein like
205651_x_at	0.08678124	3.85e-02	-2.2332862	-4.40612	-0.11681918	RAPGEF4	Rap guanine nucleotide exchange factor 4
208564_at	0.086823	3.86e-02	-2.2329171	-4.40679	-0.07444764	KCNA2	potassium voltage-gated channel subfamily A member 2
218315_s_at	0.08683576	3.86e-02	2.232715	-4.40716	0.11314164	CDK5RAP1	CDK5 regulatory subunit associated protein 1
209734_at	0.08683849	3.86e-02	2.2325707	-4.40742	0.22898309	NCKAP1L	NCK associated protein 1 like
210052_s_at	0.08702174	3.87e-02	2.2313884	-4.40956	0.40531142	TPX2	TPX2, microtubule nucleation factor
220028_at	0.08702258	3.87e-02	-2.2311716	-4.40995	-0.09389158	ACVR2B	activin A receptor type 2B
206480_at	0.08702258	3.87e-02	2.2310809	-4.41011	0.16542901	LTC4S	leukotriene C4 synthase
204472_at	0.08702258	3.87e-02	-2.2309979	-4.41026	-0.10849749	GEM	GTP binding protein overexpressed in skeletal muscle
203576_at	0.08704805	3.87e-02	2.2307216	-4.41076	0.16111329	BCAT2	branched chain amino acid transaminase 2
207642_at	0.08704805	3.87e-02	-2.2305947	-4.41099	-0.06510174	HCRT	hypocretin neuropeptide precursor
214495_at	0.08715896	3.88e-02	-2.2298296	-4.41237	-0.07789933	CACNG2	calcium voltage-gated channel auxiliary subunit gamma 2
206001_at	0.08720974	3.88e-02	-2.22941	-4.41313	-0.400196	NPY	neuropeptide Y
204007_at	0.0872792	3.89e-02	-2.2288834	-4.41408	-0.19585469	FCGR3B	Fc fragment of IgG receptor IIIb
202112_at	0.08732678	3.89e-02	2.2283795	-4.41499	0.31851273	VWF	von Willebrand factor
201703_s_at	0.08732678	3.89e-02	2.2283542	-4.41504	0.30263893	PPP1R10	protein phosphatase 1 regulatory subunit 10
202011_at	0.0873728	3.90e-02	-2.2279623	-4.41575	-0.09883396	TJP1	tight junction protein 1
218117_at	0.08758736	3.91e-02	2.2266071	-4.41819	0.18092779	RBX1	ring-box 1
206400_at	0.08764467	3.91e-02	-2.2261516	-4.41902	-0.08528672	LGALS7B///LGALS7	galectin 7B///galectin 7
201039_s_at	0.08773375	3.91e-02	2.225515	-4.42017	0.227092	RAD23A	RAD23 homolog A, nucleotide excision repair protein
202455_at	0.08796378	3.93e-02	-2.2239935	-4.42291	-0.17885257	HDAC5	histone deacetylase 5
217934_x_at	0.08796378	3.93e-02	2.2239481	-4.42299	0.11494675	STUB1	STIP1 homology and U-box containing protein 1
213606_s_at	0.08813096	3.93e-02	2.2228695	-4.42494	0.26605756	ARHGDIA	Rho GDP dissociation inhibitor alpha
204118_at	0.08827164	3.94e-02	-2.2219428	-4.42661	-0.56235778	CD48	CD48 molecule
204607_at	0.08845158	3.95e-02	-2.220795	-4.42868	-0.08417864	HMGCS2	3-hydroxy-3-methylglutaryl-CoA synthase 2
200686_s_at	0.08850471	3.95e-02	2.2203662	-4.42945	0.17858512	SRSF11	serine and arginine rich splicing factor 11
208303_s_at	0.08867389	3.96e-02	-2.2192815	-4.43141	-0.10273835	CRLF2	cytokine receptor-like factor 2
205327_s_at	0.08869383	3.97e-02	-2.2190408	-4.43184	-0.13618461	ACVR2A	activin A receptor type 2A
216199_s_at	0.08927527	3.99e-02	2.2155807	-4.43808	0.18023782	MAP3K4	mitogen-activated protein kinase kinase kinase 4
210416_s_at	0.08927527	3.99e-02	2.2155107	-4.4382	0.13696092	CHEK2	checkpoint kinase 2
205451_at	0.08931789	4.00e-02	2.2151434	-4.43886	0.08719083	FOXO4	forkhead box O4
218686_s_at	0.08939203	4.00e-02	-2.2145994	-4.43984	-0.1084244	RHBDF1	rhomboid 5 homolog 1
208384_s_at	0.08954236	4.01e-02	-2.2133909	-4.44202	-0.13760298	MID2	midline 2
201428_at	0.08954236	4.01e-02	-2.2133819	-4.44203	-0.08613266	CLDN4	claudin 4
201080_at	0.08954236	4.01e-02	2.213373	-4.44205	0.13075998	PIP4K2B	phosphatidylinositol-5-phosphate 4-kinase type 2 beta
213139_at	0.08967366	4.02e-02	-2.2122832	-4.44401	-0.12531573	SNAI2	snail family transcriptional repressor 2
221667_s_at	0.08967366	4.02e-02	-2.2122804	-4.44402	-0.07743221	HSPB8	heat shock protein family B (small) member 8
215418_at	0.08967366	4.02e-02	-2.2122394	-4.44409	-0.08840213	PARVA	parvin alpha
205354_at	0.08967366	4.02e-02	2.2121265	-4.44429	0.14529325	GAMT	guanidinoacetate N-methyltransferase
210167_s_at	0.08969759	4.02e-02	-2.2118649	-4.44476	-0.11100704	TEF	TEF, PAR bZIP transcription factor
201258_at	0.08973403	4.03e-02	-2.2115154	-4.44539	-0.16207799	RPS16	ribosomal protein S16
203673_at	0.08973403	4.03e-02	-2.2113215	-4.44574	-0.11054295	TG	thyroglobulin
201201_at	0.08973403	4.03e-02	2.2112777	-4.44582	0.29958056	CSTB	cystatin B
202242_at	0.08990938	4.04e-02	-2.2101708	-4.44781	-0.14368423	TSPAN7	tetraspanin 7
208287_at	0.08991034	4.04e-02	2.2100377	-4.44805	0.09463034	HCG9	HLA complex group 9 (non-protein coding)
204042_at	0.09029987	4.06e-02	-2.207741	-4.45218	-0.25995292	WASF3	WAS protein family member 3
220563_s_at	0.09041733	4.06e-02	-2.2068196	-4.45383	-0.11207466	SHANK1	SH3 and multiple ankyrin repeat domains 1
210221_at	0.09041733	4.06e-02	-2.206804	-4.45386	-0.08207878	CHRNA3	cholinergic receptor nicotinic alpha 3 subunit
210595_at	0.09041733	4.06e-02	-2.2067055	-4.45404	-0.09656675	ZNF235	zinc finger protein 235
219149_x_at	0.09044429	4.07e-02	2.2064282	-4.45454	0.10331725	DBR1	debranching RNA lariats 1
207281_x_at	0.09060319	4.07e-02	2.2054195	-4.45635	0.0646968	VCX2	variable charge, X-linked 2
212269_s_at	0.09087425	4.09e-02	2.203792	-4.45927	0.19849723	MCM3AP	minichromosome maintenance complex component 3 associated protein
206695_x_at	0.09089519	4.09e-02	2.203508	-4.45978	0.18246916	ZNF43	zinc finger protein 43
207117_at	0.09089519	4.09e-02	-2.2033867	-4.46	-0.10039369	ZNF117	zinc finger protein 117
204894_s_at	0.09089519	4.09e-02	2.2032935	-4.46016	0.10401383	AOC3	amine oxidase, copper containing 3
220249_at	0.09090359	4.09e-02	-2.2030742	-4.46056	-0.0890546	HYAL4	hyaluronoglucosaminidase 4
207714_s_at	0.09090359	4.09e-02	2.2029921	-4.46071	0.11626898	SERPINH1	serpin family H member 1
215716_s_at	0.09094293	4.10e-02	2.2026473	-4.46132	0.21338896	ATP2B1	ATPase plasma membrane Ca2+ transporting 1
220928_s_at	0.09108489	4.10e-02	-2.2017365	-4.46296	-0.10179382	PRDM16	PR/SET domain 16
217770_at	0.0912665	4.11e-02	2.2005499	-4.46509	0.16420099	PIGT	phosphatidylinositol glycan anchor biosynthesis class T
208006_at	0.0912665	4.11e-02	-2.200481	-4.46521	-0.10549761	FOXI1	forkhead box I1
205576_at	0.09156345	4.13e-02	-2.1986689	-4.46846	-0.08143263	SERPIND1	serpin family D member 1
207021_at	0.09156345	4.13e-02	-2.198594	-4.46859	-0.10501721	ZPBP	zona pellucida binding protein
221351_at	0.09158848	4.13e-02	-2.1982983	-4.46912	-0.08593053	HTR1A	5-hydroxytryptamine receptor 1A
212120_at	0.09158848	4.13e-02	-2.1982019	-4.4693	-0.14301702	RHOQ	ras homolog family member Q
209560_s_at	0.09161076	4.14e-02	-2.1979524	-4.46974	-0.50037444	DLK1	delta like non-canonical Notch ligand 1
202160_at	0.09165026	4.14e-02	2.1976084	-4.47036	0.17993822	CREBBP	CREB binding protein
211519_s_at	0.09165271	4.14e-02	2.1974291	-4.47068	0.23478295	KIF2C	kinesin family member 2C
203895_at	0.09165271	4.14e-02	2.1973227	-4.47087	0.12969318	PLCB4	phospholipase C beta 4
206022_at	0.09165271	4.14e-02	-2.1972132	-4.47107	-0.0730416	NDP	NDP, norrin cystine knot growth factor
202418_at	0.09170213	4.15e-02	2.1966926	-4.472	0.12959237	YIF1A	Yip1 interacting factor homolog A, membrane trafficking protein
218231_at	0.09170213	4.15e-02	-2.196688	-4.47201	-0.23979081	NAGK	N-acetylglucosamine kinase
205739_x_at	0.09183323	4.15e-02	2.1958426	-4.47353	0.14841303	ZNF107	zinc finger protein 107
204686_at	0.09190782	4.16e-02	2.1953073	-4.47448	0.12401378	IRS1	insulin receptor substrate 1
200606_at	0.09195674	4.16e-02	-2.1949126	-4.47519	-0.09065774	DSP	desmoplakin
219210_s_at	0.09198343	4.16e-02	2.1945578	-4.47583	0.19763005	RAB8B	RAB8B, member RAS oncogene family
203523_at	0.09198343	4.16e-02	-2.1945126	-4.47591	-0.33608007	LSP1	lymphocyte-specific protein 1
221321_s_at	0.09205452	4.17e-02	-2.1939168	-4.47697	-0.07849415	KCNIP2	potassium voltage-gated channel interacting protein 2
214365_at	0.09205452	4.17e-02	-2.1937453	-4.47728	-0.08043947	TPM3	tropomyosin 3
209358_at	0.09205452	4.17e-02	2.1937431	-4.47729	0.11014841	TAF11	TATA-box binding protein associated factor 11
205839_s_at	0.0921575	4.18e-02	-2.1930538	-4.47852	-0.40649929	TSPOAP1	TSPO associated protein 1
203936_s_at	0.09219767	4.18e-02	-2.1927077	-4.47914	-0.55340617	MMP9	matrix metallopeptidase 9
205453_at	0.09239737	4.19e-02	2.1913769	-4.48152	0.15834177	HOXB2	homeobox B2
208214_at	0.09239737	4.19e-02	-2.1913654	-4.48154	-0.09337765	ADRB1	adrenoceptor beta 1
220895_at	0.0926156	4.20e-02	-2.1900027	-4.48398	-0.09222814	USP29	ubiquitin specific peptidase 29
219058_x_at	0.0926156	4.20e-02	-2.1899247	-4.48412	-0.1115871	TINAGL1	tubulointerstitial nephritis antigen like 1
200633_at	0.09265166	4.20e-02	-2.189602	-4.4847	-0.157172	UBB	ubiquitin B
207092_at	0.09266297	4.21e-02	-2.1894137	-4.48503	-0.11877619	LEP	leptin
210168_at	0.09296944	4.22e-02	-2.1876249	-4.48823	-0.098964	C6	complement component 6
206038_s_at	0.09297965	4.22e-02	2.1874214	-4.4886	0.0949983	NR2C2	nuclear receptor subfamily 2 group C member 2
205789_at	0.09297965	4.22e-02	-2.1873161	-4.48878	-0.11532977	CD1D	CD1d molecule
206522_at	0.09309285	4.23e-02	-2.1865657	-4.49012	-0.13698455	MGAM	maltase-glucoamylase
219736_at	0.09309285	4.23e-02	-2.18645	-4.49033	-0.11324297	TRIM36	tripartite motif containing 36
37425_g_at	0.09311104	4.23e-02	2.1862006	-4.49078	0.1026343	CCHCR1	coiled-coil alpha-helical rod protein 1
209994_s_at	0.09311104	4.23e-02	-2.1860984	-4.49096	-0.2910837	ABCB4///ABCB1	ATP binding cassette subfamily B member 4///ATP binding cassette subfamily B member 1
218988_at	0.09320496	4.24e-02	2.1853116	-4.49237	0.15364429	SLC35E3	solute carrier family 35 member E3
202144_s_at	0.09320496	4.24e-02	2.1851944	-4.49257	0.22111191	ADSL	adenylosuccinate lyase
206855_s_at	0.09320496	4.24e-02	2.1851348	-4.49268	0.0977745	HYAL2	hyaluronoglucosaminidase 2
206560_s_at	0.09320496	4.24e-02	-2.1850843	-4.49277	-0.08023022	MIA	melanoma inhibitory activity
201252_at	0.09327954	4.25e-02	2.1844677	-4.49387	0.16148072	PSMC4	proteasome 26S subunit, ATPase 4
207533_at	0.09327954	4.25e-02	-2.1844285	-4.49394	-0.06806986	CCL1	C-C motif chemokine ligand 1
214257_s_at	0.09328889	4.25e-02	2.1842516	-4.49426	0.30269111	SEC22B	SEC22 homolog B, vesicle trafficking protein (gene/pseudogene)
48031_r_at	0.09333698	4.25e-02	2.1838655	-4.49495	0.10950553	FAXDC2	fatty acid hydroxylase domain containing 2
207615_s_at	0.09336258	4.26e-02	2.183601	-4.49542	0.06579088	GAS8-AS1	GAS8 antisense RNA 1
210094_s_at	0.09343565	4.26e-02	-2.1830805	-4.49635	-0.10229735	PARD3	par-3 family cell polarity regulator
205627_at	0.09347261	4.26e-02	-2.1827549	-4.49693	-0.1548115	CDA	cytidine deaminase
219032_x_at	0.09355513	4.27e-02	2.1820777	-4.49814	0.21653085	OPN3	opsin 3
212819_at	0.09355513	4.27e-02	2.1820576	-4.49818	0.15519043	ASB1	ankyrin repeat and SOCS box containing 1
203317_at	0.09355906	4.27e-02	2.1819101	-4.49844	0.08229622	PSD4	pleckstrin and Sec7 domain containing 4
33197_at	0.09359958	4.27e-02	-2.1815657	-4.49905	-0.08010076	MYO7A	myosin VIIA
210264_at	0.09369072	4.28e-02	-2.1809489	-4.50016	-0.07462765	GPR35	G protein-coupled receptor 35
214433_s_at	0.09380426	4.28e-02	2.1801684	-4.50155	0.39694943	SELENBP1	selenium binding protein 1
205381_at	0.09380426	4.28e-02	-2.1800861	-4.50169	-0.0958299	LRRC17	leucine rich repeat containing 17
204135_at	0.09383765	4.29e-02	-2.1797424	-4.50231	-0.13514621	FILIP1L	filamin A interacting protein 1 like
214407_x_at	0.09383765	4.29e-02	2.1796544	-4.50246	0.24399811	GYPB	glycophorin B (MNS blood group)
205930_at	0.09384076	4.29e-02	2.1795116	-4.50272	0.22779674	GTF2E1	general transcription factor IIE subunit 1
200707_at	0.09387828	4.29e-02	2.179184	-4.5033	0.35518035	PRKCSH	protein kinase C substrate 80K-H
209148_at	0.09388534	4.29e-02	2.17902	-4.5036	0.10163979	RXRB	retinoid X receptor beta
200911_s_at	0.0941346	4.31e-02	2.1775571	-4.50621	0.1744708	TACC1	transforming acidic coiled-coil containing protein 1
214509_at	0.09425322	4.31e-02	-2.1767616	-4.50762	-0.09575888	HIST1H3I	histone cluster 1, H3i
213566_at	0.09425322	4.31e-02	-2.176577	-4.50795	-0.44212135	RNASE6	ribonuclease A family member k6
217088_s_at	0.09425322	4.31e-02	-2.176544	-4.50801	-0.08092042	NCR1	natural cytotoxicity triggering receptor 1
203788_s_at	0.09455539	4.33e-02	2.1748034	-4.51111	0.11055726	SEMA3C	semaphorin 3C
46270_at	0.09470018	4.34e-02	2.173826	-4.51285	0.09777072	UBAP1	ubiquitin associated protein 1
201293_x_at	0.09470018	4.34e-02	-2.173776	-4.51294	-0.1814399	LOC101060363///PPIA	peptidyl-prolyl cis-trans isomerase A pseudogene///peptidylprolyl isomerase A
210730_s_at	0.09470018	4.34e-02	-2.1736536	-4.51316	-0.07375715	NPY2R	neuropeptide Y receptor Y2
221384_at	0.09471544	4.34e-02	-2.1734464	-4.51353	-0.09442296	UCP1	uncoupling protein 1
215690_x_at	0.09483638	4.35e-02	2.1725835	-4.51507	0.15187617	GPAA1	glycosylphosphatidylinositol anchor attachment 1
220284_at	0.09483638	4.35e-02	-2.1725507	-4.51513	-0.10919734	DKKL1	dickkopf like acrosomal protein 1
208078_s_at	0.09484929	4.35e-02	-2.1722304	-4.5157	-0.50196233	SIK1	salt inducible kinase 1
206079_at	0.09484929	4.35e-02	2.1722304	-4.5157	0.08320556	CHML	CHM like, Rab escort protein 2
210046_s_at	0.09508578	4.36e-02	2.1708476	-4.51816	0.27843799	IDH2	isocitrate dehydrogenase (NADP(+)) 2, mitochondrial
202481_at	0.09508861	4.37e-02	2.1707068	-4.51841	0.17265174	DHRS3	dehydrogenase/reductase 3
211988_at	0.09518105	4.37e-02	2.1700905	-4.5195	0.20280524	SMARCE1	SWI/SNF related, matrix associated, actin dependent regulator of chromatin, subfamily e, member 1
201513_at	0.09536872	4.38e-02	2.1689702	-4.5215	0.12526473	TSN	translin
210627_s_at	0.09536941	4.38e-02	2.1688408	-4.52173	0.16939675	MOGS	mannosyl-oligosaccharide glucosidase
217882_at	0.09542441	4.39e-02	2.1683479	-4.5226	0.14878496	EMC3	ER membrane protein complex subunit 3
206550_s_at	0.09542441	4.39e-02	2.1682983	-4.52269	0.13566211	NUP155	nucleoporin 155
217892_s_at	0.09567028	4.40e-02	2.1668729	-4.52523	0.14389697	LIMA1	LIM domain and actin binding 1
208026_at	0.09567278	4.40e-02	-2.1667341	-4.52547	-0.07998159	HIST1H4G///HIST1H4F	histone cluster 1, H4g///histone cluster 1, H4f
200882_s_at	0.09587424	4.41e-02	2.1655457	-4.52759	0.15660568	PSMD4	proteasome 26S subunit, non-ATPase 4
207267_s_at	0.09590021	4.41e-02	-2.1652832	-4.52805	-0.11129853	RIPPLY3	ripply transcriptional repressor 3
206002_at	0.0961428	4.42e-02	-2.1638809	-4.53055	-0.10643732	ADGRG2	adhesion G protein-coupled receptor G2
203050_at	0.09621367	4.43e-02	2.1633829	-4.53143	0.13789559	TP53BP1	tumor protein p53 binding protein 1
220043_s_at	0.09644392	4.44e-02	-2.1620288	-4.53383	-0.09016144	MELTF	melanotransferrin
211969_at	0.09644392	4.44e-02	2.1619235	-4.53402	0.23311272	HSP90AA1	heat shock protein 90 alpha family class A member 1
209396_s_at	0.09657165	4.45e-02	-2.1609656	-4.53572	-0.0811032	CHI3L1	chitinase 3 like 1
204684_at	0.09657165	4.45e-02	-2.1609168	-4.53581	-0.1131031	NPTX1	neuronal pentraxin 1
219825_at	0.09657165	4.45e-02	-2.1608778	-4.53588	-0.10452612	CYP26B1	cytochrome P450 family 26 subfamily B member 1
209230_s_at	0.09659137	4.45e-02	-2.1606491	-4.53628	-0.14750829	NUPR1	nuclear protein 1, transcriptional regulator
204030_s_at	0.09663572	4.46e-02	-2.1602597	-4.53698	-0.47088086	IQCJ-SCHIP1///SCHIP1	IQCJ-SCHIP1 readthrough///schwannomin interacting protein 1
208376_at	0.09663572	4.46e-02	-2.1601662	-4.53714	-0.09039154	CCR4	C-C motif chemokine receptor 4
206276_at	0.09679903	4.47e-02	-2.1591868	-4.53888	-0.09509875	LY6D	lymphocyte antigen 6 complex, locus D
205918_at	0.09681656	4.47e-02	-2.1589698	-4.53926	-0.09366465	SLC4A3	solute carrier family 4 member 3
207018_s_at	0.09689101	4.47e-02	2.1584556	-4.54018	0.21639903	RAB27B	RAB27B, member RAS oncogene family
200786_at	0.09695667	4.48e-02	2.1579876	-4.54101	0.17030364	PSMB7	proteasome subunit beta 7
221429_x_at	0.09700563	4.48e-02	-2.157607	-4.54168	-0.08153655	TEX13A	testis expressed 13A
208039_at	0.09728364	4.49e-02	-2.1560335	-4.54447	-0.07142232	SLC9A2	solute carrier family 9 member A2
220245_at	0.09729336	4.50e-02	-2.1557807	-4.54492	-0.07927609	SLC45A2	solute carrier family 45 member 2
203632_s_at	0.09729336	4.50e-02	-2.1557324	-4.54501	-0.11112951	GPRC5B	G protein-coupled receptor class C group 5 member B
214503_x_at	0.09731573	4.50e-02	-2.1554348	-4.54553	-0.07152542	GPR135	G protein-coupled receptor 135
37145_at	0.09731573	4.50e-02	-2.1553657	-4.54566	-0.0986102	GNLY	granulysin
203188_at	0.09741284	4.51e-02	2.1547284	-4.54678	0.11178512	B4GAT1	beta-1,4-glucuronyltransferase 1
202984_s_at	0.09741284	4.51e-02	2.1546106	-4.54699	0.18127949	BAG5	BCL2 associated athanogene 5
220394_at	0.0974465	4.51e-02	-2.1543106	-4.54753	-0.0883762	FGF20	fibroblast growth factor 20
220597_s_at	0.0974739	4.51e-02	2.1540432	-4.548	0.17725636	ARL6IP4	ADP ribosylation factor like GTPase 6 interacting protein 4
208486_at	0.09752117	4.51e-02	-2.1536727	-4.54866	-0.09840361	DRD5	dopamine receptor D5
203692_s_at	0.09759007	4.52e-02	2.1530964	-4.54968	0.10915107	E2F3	E2F transcription factor 3
215712_s_at	0.09759007	4.52e-02	-2.153065	-4.54973	-0.07828775	IGFALS	insulin like growth factor binding protein acid labile subunit
204331_s_at	0.09763143	4.52e-02	2.1527255	-4.55033	0.20048579	MRPS12	mitochondrial ribosomal protein S12
221388_at	0.0977592	4.53e-02	-2.1519382	-4.55173	-0.08490534	OR1A1	olfactory receptor family 1 subfamily A member 1
202546_at	0.09789033	4.54e-02	-2.1511343	-4.55315	-0.25381272	VAMP8	vesicle associated membrane protein 8
205506_at	0.09794818	4.54e-02	-2.1507102	-4.5539	-0.12416295	VIL1	villin 1
208038_at	0.09805526	4.55e-02	-2.149997	-4.55516	-0.07760273	IL1RL2	interleukin 1 receptor like 2
203767_s_at	0.09805526	4.55e-02	-2.1497229	-4.55565	-0.10439459	STS	steroid sulfatase (microsomal), isozyme S
218913_s_at	0.09805526	4.55e-02	-2.1496722	-4.55574	-0.13932277	GMIP	GEM interacting protein
208539_x_at	0.09805526	4.55e-02	-2.1496572	-4.55577	-0.09702672	SPRR2B	small proline rich protein 2B
204001_at	0.09810971	4.55e-02	2.1492511	-4.55648	0.15337091	SNAPC3	small nuclear RNA activating complex polypeptide 3
218997_at	0.09814426	4.56e-02	2.1489479	-4.55702	0.14013757	POLR1E	RNA polymerase I subunit E
209283_at	0.0982127	4.56e-02	-2.1484699	-4.55787	-0.10322316	CRYAB	crystallin alpha B
40560_at	0.09840386	4.57e-02	-2.1473597	-4.55983	-0.10117854	TBX2	T-box 2
215097_at	0.09841636	4.57e-02	-2.1470488	-4.56038	-0.09492845	CAPZB	capping actin protein of muscle Z-line beta subunit
212481_s_at	0.09841636	4.57e-02	2.1470459	-4.56039	0.28904796	TPM4	tropomyosin 4
205479_s_at	0.09847967	4.58e-02	2.1465952	-4.56118	0.26328168	PLAU	plasminogen activator, urokinase
220255_at	0.09874539	4.59e-02	2.1451045	-4.56382	0.11954861	FANCE	Fanconi anemia complementation group E
208170_s_at	0.09888202	4.60e-02	-2.1442787	-4.56528	-0.09493147	TRIM31	tripartite motif containing 31
204482_at	0.09891555	4.60e-02	-2.1439821	-4.5658	-0.12269943	CLDN5	claudin 5
221344_at	0.09896193	4.61e-02	-2.1436197	-4.56644	-0.07920164	OR12D2	olfactory receptor family 12 subfamily D member 2 (gene/pseudogene)
222153_at	0.09896624	4.61e-02	-2.1433615	-4.5669	-0.09238435	MYEF2	myelin expression factor 2
221254_s_at	0.09896624	4.61e-02	-2.1433485	-4.56692	-0.12665173	PITPNM3	PITPNM family member 3
209054_s_at	0.09900651	4.61e-02	2.1430176	-4.56751	0.16058154	WHSC1	Wolf-Hirschhorn syndrome candidate 1
205201_at	0.09905977	4.61e-02	-2.1425956	-4.56825	-0.11679004	GLI3	GLI family zinc finger 3
220191_at	0.09905977	4.62e-02	-2.1424958	-4.56843	-0.08268302	GKN1	gastrokine 1
207230_at	0.09912488	4.62e-02	-2.142038	-4.56924	-0.09144916	CDON	cell adhesion associated, oncogene regulated
201064_s_at	0.09912953	4.62e-02	2.1418898	-4.5695	0.25195378	LOC100996696///PABPC4	polyadenylate-binding protein 4 pseudogene///poly(A) binding protein cytoplasmic 4
220327_at	0.09913888	4.62e-02	2.1417175	-4.5698	0.08951472	VGLL3	vestigial like family member 3
202992_at	0.09915017	4.62e-02	-2.1415353	-4.57012	-0.11751241	C7	complement component 7
203522_at	0.09945977	4.64e-02	2.139829	-4.57314	0.18748942	CCS	copper chaperone for superoxide dismutase
201082_s_at	0.09948551	4.64e-02	2.1395733	-4.57359	0.28142557	SLC4A5///DCTN1	solute carrier family 4 member 5///dynactin subunit 1
220570_at	0.09950227	4.64e-02	-2.1393635	-4.57396	-0.08904308	RETN	resistin
212531_at	0.09963434	4.65e-02	-2.1385659	-4.57536	-0.22041754	LCN2	lipocalin 2
201536_at	0.09973592	4.66e-02	-2.1378586	-4.57661	-0.18641613	DUSP3	dual specificity phosphatase 3
212774_at	0.09973592	4.66e-02	-2.1378	-4.57672	-0.25082172	ZBTB18	zinc finger and BTB domain containing 18
207824_s_at	0.09978305	4.66e-02	2.1374359	-4.57736	0.28160923	MAZ	MYC associated zinc finger protein
218310_at	0.10006502	4.68e-02	2.1358436	-4.58017	0.15970769	KCTD7///RABGEF1	potassium channel tetramerization domain containing 7///RAB guanine nucleotide exchange factor 1
220626_at	0.10006502	4.68e-02	-2.1357545	-4.58032	-0.11188339	SERPINA10	serpin family A member 10
212462_at	0.10018387	4.68e-02	2.1350274	-4.5816	0.16320004	KAT6B	lysine acetyltransferase 6B
206602_s_at	0.10019268	4.69e-02	-2.1348497	-4.58192	-0.09991228	LOC401021///HOXD4///HOXD3	uncharacterized LOC401021///homeobox D4///homeobox D3
203627_at	0.10019268	4.69e-02	-2.1347344	-4.58212	-0.15117519	IGF1R	insulin like growth factor 1 receptor
202068_s_at	0.10019444	4.69e-02	2.1346013	-4.58236	0.44629156	LDLR	low density lipoprotein receptor
200666_s_at	0.10022749	4.69e-02	2.1343097	-4.58287	0.19025384	DNAJB1	DnaJ heat shock protein family (Hsp40) member B1
220493_at	0.10024731	4.69e-02	-2.1340455	-4.58334	-0.10332716	DMRT1	doublesex and mab-3 related transcription factor 1
205452_at	0.10024731	4.69e-02	2.1339611	-4.58348	0.11751116	PIGB	phosphatidylinositol glycan anchor biosynthesis class B
205393_s_at	0.10038305	4.70e-02	2.1330951	-4.58501	0.23885699	CHEK1	checkpoint kinase 1
205392_s_at	0.10038305	4.70e-02	-2.1330256	-4.58513	-0.14547967	CCL15-CCL14///CCL14	CCL15-CCL14 readthrough (NMD candidate)///C-C motif chemokine ligand 14
210382_at	0.10043288	4.71e-02	-2.1325862	-4.58591	-0.0951185	SCTR	secretin receptor
204258_at	0.10043288	4.71e-02	2.1325255	-4.58601	0.19845368	CHD1	chromodomain helicase DNA binding protein 1
204044_at	0.10051543	4.71e-02	2.1319028	-4.58711	0.11616958	QPRT	quinolinate phosphoribosyltransferase
220042_x_at	0.10051543	4.71e-02	-2.1318601	-4.58719	-0.07013536	HIVEP3	human immunodeficiency virus type I enhancer binding protein 3
204797_s_at	0.10056545	4.72e-02	-2.1314833	-4.58785	-0.09219167	EML1	echinoderm microtubule associated protein like 1
209938_at	0.10067038	4.72e-02	2.1308294	-4.589	0.0859319	TADA2A	transcriptional adaptor 2A
213262_at	0.10075818	4.73e-02	2.1302624	-4.59	0.2451011	SACS	sacsin molecular chaperone
210512_s_at	0.10080727	4.73e-02	2.1298909	-4.59065	0.39248097	VEGFA	vascular endothelial growth factor A
204481_at	0.10082215	4.73e-02	2.1296921	-4.591	0.15305522	BRPF1	bromodomain and PHD finger containing 1
209199_s_at	0.10103116	4.74e-02	2.1284872	-4.59312	0.41690015	MEF2C	myocyte enhancer factor 2C
218831_s_at	0.10103116	4.75e-02	-2.1283916	-4.59329	-0.34761402	FCGRT	Fc fragment of IgG receptor and transporter
205493_s_at	0.10103382	4.75e-02	-2.1282544	-4.59353	-0.11663733	DPYSL4	dihydropyrimidinase like 4
210654_at	0.10120121	4.76e-02	-2.1272888	-4.59523	-0.07959812	TNFRSF10D	TNF receptor superfamily member 10d
201202_at	0.1012994	4.76e-02	2.1266718	-4.59632	0.26354115	PCNA	proliferating cell nuclear antigen
200612_s_at	0.10149915	4.77e-02	2.1254868	-4.5984	0.15866398	AP2B1	adaptor related protein complex 2 beta 1 subunit
207526_s_at	0.10149915	4.77e-02	2.1254129	-4.59853	0.11535424	IL1RL1	interleukin 1 receptor like 1
206122_at	0.10149915	4.77e-02	-2.1252986	-4.59873	-0.10656655	SOX15	SRY-box 15
220197_at	0.1015081	4.78e-02	-2.1251301	-4.59903	-0.07443207	ATP6V0A4	ATPase H+ transporting V0 subunit a4
206082_at	0.10168987	4.79e-02	-2.1240961	-4.60084	-0.243993	HCP5	HLA complex P5 (non-protein coding)
207390_s_at	0.10175967	4.79e-02	-2.1236233	-4.60167	-0.0889012	SMTN	smoothelin
206754_s_at	0.10181258	4.79e-02	-2.1232351	-4.60236	-0.09757301	CYP2B7P///CYP2B6	cytochrome P450 family 2 subfamily B member 7, pseudogene///cytochrome P450 family 2 subfamily B member 6
220494_s_at	0.10190085	4.80e-02	2.1225734	-4.60352	0.28344266		
201379_s_at	0.10190085	4.80e-02	2.1225469	-4.60357	0.16022944	TPD52L2	tumor protein D52 like 2
209723_at	0.10202026	4.81e-02	2.1217172	-4.60502	0.35052005	SERPINB9	serpin family B member 9
220810_at	0.10202026	4.81e-02	-2.1217037	-4.60505	-0.09276447	CLCA3P	chloride channel accessory 3, pseudogene
219077_s_at	0.10206383	4.81e-02	2.1213628	-4.60565	0.12926113	WWOX	WW domain containing oxidoreductase
216262_s_at	0.10208255	4.81e-02	2.121146	-4.60603	0.14593982	TGIF2	TGFB induced factor homeobox 2
206819_at	0.10251597	4.84e-02	-2.118865	-4.61003	-0.07986418	POM121L9P	POM121 transmembrane nucleoporin like 9, pseudogene
204309_at	0.10252633	4.84e-02	-2.1186901	-4.61034	-0.07147373	CYP11A1	cytochrome P450 family 11 subfamily A member 1
205790_at	0.1028439	4.85e-02	2.1169912	-4.61332	0.20889067	SKAP1	src kinase associated phosphoprotein 1
38290_at	0.10306104	4.86e-02	2.1157764	-4.61545	0.10476025	RGS14	regulator of G-protein signaling 14
206467_x_at	0.10306104	4.87e-02	-2.1156695	-4.61563	-0.0832628	RTEL1-TNFRSF6B///TNFRSF6B	RTEL1-TNFRSF6B readthrough (NMD candidate)///TNF receptor superfamily member 6b
207345_at	0.10328542	4.88e-02	-2.1144377	-4.61779	-0.09064648	FST	follistatin
41037_at	0.10334737	4.88e-02	2.1140086	-4.61855	0.27173025	TEAD4	TEA domain transcription factor 4
218855_at	0.10334773	4.88e-02	2.1138835	-4.61877	0.09732133	TPRA1	transmembrane protein adipocyte associated 1
206525_at	0.10338389	4.89e-02	-2.1135505	-4.61935	-0.10316325	GABRR1	gamma-aminobutyric acid type A receptor rho1 subunit
208045_at	0.10338389	4.89e-02	-2.1134584	-4.61951	-0.08280588		
203176_s_at	0.10347003	4.89e-02	2.1129105	-4.62047	0.16200653	TFAM	transcription factor A, mitochondrial
205111_s_at	0.10356654	4.90e-02	-2.1123118	-4.62152	-0.09418928	PLCE1	phospholipase C epsilon 1
203516_at	0.10356675	4.90e-02	-2.1121875	-4.62174	-0.09589462	SNTA1	syntrophin alpha 1
207054_at	0.10389675	4.92e-02	-2.1104418	-4.62479	-0.08922951	IMPG1	interphotoreceptor matrix proteoglycan 1
202680_at	0.10397936	4.92e-02	2.1099131	-4.62572	0.14158051	GTF2E2	general transcription factor IIE subunit 2
207397_s_at	0.10403977	4.92e-02	2.1094935	-4.62645	0.15750801	HOXD13	homeobox D13
218286_s_at	0.10437596	4.94e-02	2.1077136	-4.62957	0.14278006	RNF7	ring finger protein 7
208606_s_at	0.10437596	4.94e-02	-2.1075523	-4.62985	-0.09802563	WNT4	Wnt family member 4
215554_at	0.10437596	4.94e-02	-2.1074777	-4.62998	-0.11312404	GPLD1	glycosylphosphatidylinositol specific phospholipase D1
205874_at	0.10445083	4.95e-02	2.1069885	-4.63084	0.11142926	ITPKA	inositol-trisphosphate 3-kinase A
200051_at	0.10451737	4.95e-02	2.1065403	-4.63162	0.11861003	SART1	squamous cell carcinoma antigen recognized by T-cells 1
220829_s_at	0.1045243	4.95e-02	-2.1063834	-4.63189	-0.0810128	B3GALT1	beta-1,3-galactosyltransferase 1
204151_x_at	0.10466463	4.96e-02	2.1055753	-4.63331	0.40102554	AKR1C1	aldo-keto reductase family 1 member C1
202384_s_at	0.10469783	4.97e-02	2.1052903	-4.63381	0.12112292	TCOF1	treacle ribosome biogenesis factor 1
202369_s_at	0.10470974	4.97e-02	2.1051092	-4.63412	0.1744301	TRAM2	translocation associated membrane protein 2
204591_at	0.10483432	4.97e-02	-2.1043426	-4.63546	-0.08947506	CHL1	cell adhesion molecule L1 like
206034_at	0.10483432	4.98e-02	-2.1042559	-4.63561	-0.2188066	SERPINB8	serpin family B member 8
220611_at	0.10491452	4.98e-02	-2.1037424	-4.63651	-0.10898077	DAB1	DAB1, reelin adaptor protein
208538_at	0.10500687	4.99e-02	2.1031701	-4.63751	0.10368811	ANP32C	acidic nuclear phosphoprotein 32 family member C
201032_at	0.10506519	4.99e-02	2.1027635	-4.63822	0.15021525	BLCAP	bladder cancer associated protein
206288_at	0.1051035	4.99e-02	2.1024543	-4.63876	0.12701306	PGGT1B	protein geranylgeranyltransferase type I subunit beta
203658_at	0.10535128	5.01e-02	2.1011284	-4.64108	0.15440713	SLC25A20	solute carrier family 25 member 20
221445_at	0.10551014	5.01e-02	-2.1002356	-4.64264	-0.08296355	OR1A2	olfactory receptor family 1 subfamily A member 2
201783_s_at	0.10552662	5.02e-02	2.1000329	-4.64299	0.1484524	RELA	RELA proto-oncogene, NF-kB subunit
207374_at	0.10556008	5.02e-02	-2.0997479	-4.64349	-0.08806474	PLSCR2	phospholipid scramblase 2
216091_s_at	0.1057178	5.03e-02	2.098862	-4.64503	0.0966291	BTRC	beta-transducin repeat containing E3 ubiquitin protein ligase
217028_at	0.10591939	5.04e-02	-2.0977653	-4.64695	-0.73090146	CXCR4	C-X-C motif chemokine receptor 4
201253_s_at	0.10619755	5.05e-02	2.0963015	-4.6495	0.17627011	CDIPT	CDP-diacylglycerol--inositol 3-phosphatidyltransferase
205358_at	0.10630279	5.06e-02	-2.0956721	-4.6506	-0.10503951	GRIA2	glutamate ionotropic receptor AMPA type subunit 2
201721_s_at	0.10634776	5.06e-02	-2.0953329	-4.65119	-0.22191178	LAPTM5	lysosomal protein transmembrane 5
204777_s_at	0.10644279	5.07e-02	2.0947532	-4.6522	0.16294602	MAL	mal, T-cell differentiation protein
220019_s_at	0.1065341	5.07e-02	-2.0941869	-4.65319	-0.12243392	ZNF224	zinc finger protein 224
205900_at	0.1065341	5.08e-02	-2.094069	-4.65339	-0.12530921	KRT1	keratin 1
200795_at	0.10663131	5.08e-02	-2.0934125	-4.65453	-0.07542491	SPARCL1	SPARC like 1
207129_at	0.10663131	5.08e-02	-2.0933569	-4.65463	-0.10191083	CA5B	carbonic anhydrase 5B
50277_at	0.10667486	5.09e-02	2.0930253	-4.65521	0.14678305	GGA1	golgi associated, gamma adaptin ear containing, ARF binding protein 1
214401_at	0.10668174	5.09e-02	-2.0928696	-4.65548	-0.07688811	PAX1	paired box 1
210049_at	0.10677029	5.09e-02	-2.0923224	-4.65643	-0.09263692	SERPINC1	serpin family C member 1
205529_s_at	0.10684715	5.10e-02	-2.0918315	-4.65729	-0.1169825	RUNX1T1	RUNX1 translocation partner 1
212331_at	0.1070046	5.11e-02	2.0908938	-4.65892	0.14926423	RBL2	RB transcriptional corepressor like 2
217765_at	0.1070046	5.11e-02	2.0908325	-4.65903	0.14810856	NRBP1	nuclear receptor binding protein 1
201481_s_at	0.10746846	5.13e-02	2.0884953	-4.6631	0.09564394	PYGB	phosphorylase, glycogen; brain
209504_s_at	0.10760415	5.14e-02	-2.0877265	-4.66443	-0.08080254	PLEKHB1	pleckstrin homology domain containing B1
214137_at	0.10768283	5.15e-02	-2.0868275	-4.666	-0.07090927	PTPRJ	protein tyrosine phosphatase, receptor type J
205009_at	0.10768283	5.15e-02	-2.0867582	-4.66612	-0.08566919	TFF1	trefoil factor 1
221118_at	0.10768283	5.15e-02	-2.0867567	-4.66612	-0.09142748	PKD2L2	polycystin 2 like 2, transient receptor potential cation channel
220507_s_at	0.10768283	5.15e-02	-2.0866987	-4.66622	-0.07651302	UPB1	beta-ureidopropionase 1
202286_s_at	0.10768283	5.15e-02	-2.0866964	-4.66622	-0.10575944	TACSTD2	tumor-associated calcium signal transducer 2
203643_at	0.10768283	5.15e-02	2.0866169	-4.66636	0.08560604	ERF	ETS2 repressor factor
206994_at	0.10778733	5.16e-02	-2.085838	-4.66772	-0.12421764	CST4	cystatin S
201558_at	0.10778733	5.16e-02	2.085833	-4.66773	0.20899253	RAE1	ribonucleic acid export 1
203183_s_at	0.10778733	5.16e-02	2.0857527	-4.66786	0.1520351	SMARCD1	SWI/SNF related, matrix associated, actin dependent regulator of chromatin, subfamily d, member 1
207707_s_at	0.10785549	5.16e-02	2.0853064	-4.66864	0.17622234	SEC13	SEC13 homolog, nuclear pore and COPII coat complex component
207718_x_at	0.10819285	5.18e-02	-2.0835837	-4.67163	-0.07069858	CYP2A7	cytochrome P450 family 2 subfamily A member 7
201757_at	0.108211	5.18e-02	2.0833753	-4.672	0.2105846	RPL10///NDUFS5	ribosomal protein L10///NADH:ubiquinone oxidoreductase subunit S5
206104_at	0.108555	5.20e-02	-2.0816259	-4.67503	-0.08286486	ISL1	ISL LIM homeobox 1
207409_at	0.10864463	5.21e-02	-2.0810803	-4.67598	-0.11145594	LECT2	leukocyte cell derived chemotaxin 2
219267_at	0.10866741	5.21e-02	2.0808505	-4.67638	0.11221736	GLTP	glycolipid transfer protein
204246_s_at	0.10882246	5.22e-02	2.079997	-4.67786	0.18116503	DCTN3	dynactin subunit 3
207712_at	0.10892779	5.22e-02	-2.0793785	-4.67894	-0.10513021	BAGE	B melanoma antigen
209289_at	0.10925505	5.24e-02	2.0776632	-4.68191	0.18810133	NFIB	nuclear factor I B
206664_at	0.10925505	5.24e-02	-2.0775949	-4.68203	-0.08821208	SI	sucrase-isomaltase
219368_at	0.10926495	5.24e-02	-2.0774261	-4.68232	-0.15334926	NAP1L2	nucleosome assembly protein 1 like 2
218711_s_at	0.10932355	5.25e-02	2.0770288	-4.68301	0.31167646	SDPR	serum deprivation response
205206_at	0.10941139	5.25e-02	-2.0763905	-4.68412	-0.15710772	ANOS1	anosmin 1
218795_at	0.10941139	5.25e-02	2.0763722	-4.68415	0.19000309	ACP6	acid phosphatase 6, lysophosphatidic
209543_s_at	0.10942428	5.26e-02	2.0761895	-4.68447	0.38736152	CD34	CD34 molecule
203975_s_at	0.10943629	5.26e-02	2.0760111	-4.68478	0.20452865	CHAF1A	chromatin assembly factor 1 subunit A
218138_at	0.10946505	5.26e-02	2.0756543	-4.68539	0.21176651	MKKS	McKusick-Kaufman syndrome
203669_s_at	0.10946505	5.26e-02	2.075632	-4.68543	0.10851199	DGAT1	diacylglycerol O-acyltransferase 1
39763_at	0.10966239	5.27e-02	-2.0745853	-4.68725	-0.08993432	HPX	hemopexin
221443_x_at	0.10970801	5.28e-02	-2.0742497	-4.68783	-0.0947026	PRLH	prolactin releasing hormone
205654_at	0.10976684	5.28e-02	-2.0738524	-4.68852	-0.09284587	C4BPA	complement component 4 binding protein alpha
220886_at	0.10980075	5.28e-02	-2.0735718	-4.689	-0.07765173	GABRQ	gamma-aminobutyric acid type A receptor theta subunit
210381_s_at	0.10982524	5.29e-02	-2.0732183	-4.68962	-0.09626329	CCKBR	cholecystokinin B receptor
204200_s_at	0.10982524	5.29e-02	-2.0732133	-4.68962	-0.09335138	PDGFB	platelet derived growth factor subunit B
205500_at	0.109842	5.29e-02	-2.073013	-4.68997	-0.11672857	C5	complement component 5
202383_at	0.10993983	5.29e-02	2.0724173	-4.691	0.1343038	KDM5C	lysine demethylase 5C
208747_s_at	0.10993983	5.30e-02	-2.0723119	-4.69118	-0.09779413	C1S	complement component 1, s subcomponent
219714_s_at	0.11006074	5.30e-02	-2.0716255	-4.69237	-0.20575778	CACNA2D3	calcium voltage-gated channel auxiliary subunit alpha2delta 3
202758_s_at	0.11009692	5.31e-02	2.0713347	-4.69288	0.15180804	RFXANK	regulatory factor X associated ankyrin containing protein
219661_at	0.11039316	5.32e-02	-2.0698323	-4.69548	-0.10735387	RANBP17	RAN binding protein 17
207022_s_at	0.11054351	5.33e-02	-2.0690111	-4.6969	-0.09291097	LDHC	lactate dehydrogenase C
200705_s_at	0.11069979	5.34e-02	-2.0681632	-4.69836	-0.14608987	SNORA41///EEF1B2	small nucleolar RNA, H/ACA box 41///eukaryotic translation elongation factor 1 beta 2
221632_s_at	0.11098182	5.35e-02	2.0667334	-4.70084	0.087324	WDR4	WD repeat domain 4
203392_s_at	0.11134617	5.37e-02	2.0649262	-4.70396	0.55539347	CTBP1	C-terminal binding protein 1
202363_at	0.11144074	5.38e-02	-2.0643677	-4.70492	-0.06976932	SPOCK1	sparc/osteonectin, cwcv and kazal-like domains proteoglycan (testican) 1
210961_s_at	0.11151883	5.38e-02	-2.0638856	-4.70576	-0.07633984	ADRA1D	adrenoceptor alpha 1D
207387_s_at	0.11155114	5.39e-02	2.0636147	-4.70623	0.12089331	GK	glycerol kinase
208235_x_at	0.11156674	5.39e-02	-2.063421	-4.70656	-0.06386202	GAGE12F///GAGE12B///GAGE12G///GAGE12I///GAGE7///GAGE6///GAGE5///GAGE4	G antigen 12F///G antigen 12B///G antigen 12G///G antigen 12I///G antigen 7///G antigen 6///G antigen 5///G antigen 4
218336_at	0.11157891	5.39e-02	2.0632431	-4.70687	0.18961626	PFDN2	prefoldin subunit 2
218507_at	0.11178926	5.40e-02	2.0621523	-4.70875	0.16059917	HILPDA	hypoxia inducible lipid droplet associated
209685_s_at	0.11192639	5.41e-02	2.0613998	-4.71005	0.21069533	PRKCB	protein kinase C beta
211592_s_at	0.11195164	5.41e-02	2.0611619	-4.71046	0.08229795	CACNA1C	calcium voltage-gated channel subunit alpha1 C
206974_at	0.11202996	5.42e-02	-2.0606803	-4.71129	-0.06635272	CXCR6	C-X-C motif chemokine receptor 6
204717_s_at	0.11227835	5.43e-02	2.0594186	-4.71347	0.0867939	SLC29A2	solute carrier family 29 member 2
220733_at	0.11261378	5.45e-02	-2.057761	-4.71633	-0.10589077	SLC26A1	solute carrier family 26 member 1
204807_at	0.11265274	5.45e-02	2.0573759	-4.71699	0.17120633	TMEM5	transmembrane protein 5
206547_s_at	0.11265274	5.45e-02	-2.0573394	-4.71705	-0.10962796	PPEF1	protein phosphatase with EF-hand domain 1
208450_at	0.11265859	5.45e-02	-2.0571911	-4.71731	-0.15572394	LGALS2	galectin 2
207323_s_at	0.11272562	5.46e-02	2.0567631	-4.71805	0.06738868	MBP	myelin basic protein
207665_at	0.11299266	5.47e-02	2.0554123	-4.72038	0.09534992	ADAM21	ADAM metallopeptidase domain 21
219728_at	0.11299266	5.47e-02	-2.055301	-4.72057	-0.11597877	MYOT	myotilin
208402_at	0.11317272	5.48e-02	-2.054359	-4.72219	-0.08117018	IL17A	interleukin 17A
206677_at	0.11322394	5.49e-02	-2.0540043	-4.7228	-0.1012121	KRT31	keratin 31
207426_s_at	0.11335899	5.50e-02	-2.0532684	-4.72407	-0.32474705	TNFSF4	tumor necrosis factor superfamily member 4
210401_at	0.11348881	5.50e-02	2.0525569	-4.72529	0.17659827	P2RX1	purinergic receptor P2X 1
209482_at	0.11351106	5.51e-02	2.0523343	-4.72568	0.17519439	POP7	POP7 homolog, ribonuclease P/MRP subunit
200877_at	0.11358945	5.51e-02	2.0518569	-4.7265	0.19954392	CCT4	chaperonin containing TCP1 subunit 4
204697_s_at	0.11367007	5.52e-02	-2.0513697	-4.72734	-0.12121457	CHGA	chromogranin A
213382_at	0.11368604	5.52e-02	-2.0511758	-4.72767	-0.09246882	MST1L	macrophage stimulating 1 like
206786_at	0.11378753	5.52e-02	-2.0505942	-4.72867	-0.07880015	HTN3	histatin 3
205550_s_at	0.11391472	5.53e-02	2.0498967	-4.72987	0.13586413	BRE	brain and reproductive organ-expressed (TNFRSF1A modulator)
200904_at	0.11393004	5.53e-02	-2.0497059	-4.7302	-0.30991836	HLA-E	major histocompatibility complex, class I, E
218830_at	0.11398084	5.54e-02	2.0493546	-4.7308	0.11802745	RPL26L1	ribosomal protein L26 like 1
214113_s_at	0.11410594	5.54e-02	2.0486674	-4.73199	0.24309103	RBM8A	RNA binding motif protein 8A
1320_at	0.11417001	5.55e-02	-2.0481471	-4.73288	-0.0831566	PTPN21	protein tyrosine phosphatase, non-receptor type 21
205341_at	0.11417001	5.55e-02	-2.0481352	-4.7329	-0.1120226	EHD2	EH domain containing 2
205366_s_at	0.11425114	5.56e-02	2.0476284	-4.73377	0.21741304	HOXB6	homeobox B6
207234_at	0.11425114	5.56e-02	-2.0475261	-4.73395	-0.08445073	RFX3	regulatory factor X3
203274_at	0.11429134	5.56e-02	2.0472233	-4.73447	0.23548281	F8A3///F8A2///F8A1	coagulation factor VIII-associated 3///coagulation factor VIII-associated 2///coagulation factor VIII-associated 1
211575_s_at	0.11432727	5.56e-02	2.0469347	-4.73496	0.17639585	UBE3A	ubiquitin protein ligase E3A
208587_s_at	0.11432727	5.56e-02	-2.0468186	-4.73516	-0.08706829	OR1E2///OR1E1	olfactory receptor family 1 subfamily E member 2///olfactory receptor family 1 subfamily E member 1
200968_s_at	0.11439992	5.57e-02	-2.0463696	-4.73594	-0.31515651	PPIB	peptidylprolyl isomerase B
206769_at	0.11440784	5.57e-02	-2.0460972	-4.7364	-0.11822721	TMSB4Y	thymosin beta 4, Y-linked
205969_at	0.11440784	5.57e-02	-2.0460915	-4.73641	-0.08298168	AADAC	arylacetamide deacetylase
206101_at	0.11441937	5.57e-02	-2.0459184	-4.73671	-0.08993099	ECM2	extracellular matrix protein 2
204176_at	0.11450188	5.58e-02	2.0453085	-4.73776	0.18815409	KLHL20	kelch like family member 20
213385_at	0.11450188	5.58e-02	2.0453042	-4.73777	0.35100366	CHN2	chimerin 2
206841_at	0.11464261	5.59e-02	-2.0444402	-4.73925	-0.07557528	PDE6H	phosphodiesterase 6H
209428_s_at	0.11464261	5.59e-02	2.044428	-4.73927	0.10497476	ZFPL1	zinc finger protein like 1
207777_s_at	0.11481971	5.60e-02	-2.0434285	-4.74099	-0.12240198	SP140	SP140 nuclear body protein
204987_at	0.11481971	5.60e-02	-2.0433806	-4.74107	-0.08258141	ITIH2	inter-alpha-trypsin inhibitor heavy chain 2
200792_at	0.11481971	5.60e-02	2.043268	-4.74126	0.1781427	XRCC6	X-ray repair cross complementing 6
209676_at	0.1149301	5.61e-02	2.0426508	-4.74232	0.12358169	TFPI	tissue factor pathway inhibitor
36553_at	0.11507498	5.62e-02	2.0418792	-4.74365	0.20615228	ASMTL	acetylserotonin O-methyltransferase-like
201924_at	0.11534568	5.63e-02	-2.0405446	-4.74594	-0.19774652	AFF1	AF4/FMR2 family member 1
204637_at	0.11543318	5.64e-02	-2.0400319	-4.74682	-0.09533156	CGA	glycoprotein hormones, alpha polypeptide
206833_s_at	0.11543341	5.64e-02	2.0397929	-4.74723	0.14851983	LOC101927144///ACYP2	uncharacterized LOC101927144///acylphosphatase 2
200929_at	0.11543341	5.64e-02	2.039789	-4.74723	0.1698347	TMED10	transmembrane p24 trafficking protein 10
202862_at	0.11580633	5.66e-02	2.0380013	-4.7503	0.13848472	FAH	fumarylacetoacetate hydrolase
220311_at	0.11593467	5.67e-02	2.0372319	-4.75162	0.13016127	N6AMT1	N-6 adenine-specific DNA methyltransferase 1 (putative)
208198_x_at	0.11593467	5.67e-02	-2.037187	-4.75169	-0.09003914	KIR2DS1	killer cell immunoglobulin like receptor, two Ig domains and short cytoplasmic tail 1
205090_s_at	0.11595242	5.67e-02	2.036987	-4.75204	0.13840218	NAGPA	N-acetylglucosamine-1-phosphodiester alpha-N-acetylglucosaminidase
216699_s_at	0.11606859	5.68e-02	-2.0362608	-4.75328	-0.08857029	KLK1	kallikrein 1
204829_s_at	0.11606859	5.68e-02	-2.0362276	-4.75334	-0.17187513	FOLR2	folate receptor beta
208350_at	0.1161088	5.68e-02	-2.0358781	-4.75394	-0.06755166	CSN1S1	casein alpha s1
200886_s_at	0.1161088	5.69e-02	2.0357471	-4.75416	0.18561747	PGAM1	phosphoglycerate mutase 1
219942_at	0.1161088	5.69e-02	-2.0356862	-4.75426	-0.11966653	MYL7	myosin light chain 7
202575_at	0.11611977	5.69e-02	-2.0355167	-4.75455	-0.07066925	CRABP2	cellular retinoic acid binding protein 2
202776_at	0.11618679	5.69e-02	2.0350976	-4.75527	0.24108374	DNTTIP2	deoxynucleotidyltransferase terminal interacting protein 2
202998_s_at	0.11646428	5.71e-02	-2.0337431	-4.75759	-0.06630985	LOXL2	lysyl oxidase like 2
218140_x_at	0.11652164	5.71e-02	2.0333677	-4.75823	0.17858487	SRPRB	SRP receptor beta subunit
218267_at	0.11663502	5.72e-02	2.0327439	-4.7593	0.08353026	CINP	cyclin dependent kinase 2 interacting protein
216256_at	0.11698679	5.74e-02	-2.031065	-4.76217	-0.08786692	GRM8	glutamate metabotropic receptor 8
207441_at	0.1170504	5.74e-02	-2.030663	-4.76286	-0.10867887	SMR3B	submaxillary gland androgen regulated protein 3B
205934_at	0.1171003	5.75e-02	-2.0303217	-4.76344	-0.07067849	PLCL1	phospholipase C like 1
206160_at	0.11712608	5.75e-02	-2.0300048	-4.76399	-0.08349581	APOBEC2	apolipoprotein B mRNA editing enzyme catalytic subunit 2
221540_x_at	0.11712608	5.75e-02	2.0298566	-4.76424	0.13951873	GTF2H2C_2///GTF2H2C///GTF2H2B///GTF2H2	GTF2H2 family member C, copy 2///GTF2H2 family member C///general transcription factor IIH subunit 2B (pseudogene)///general transcription factor IIH subunit 2
204170_s_at	0.11712608	5.75e-02	2.029846	-4.76426	0.25712611	CKS2	CDC28 protein kinase regulatory subunit 2
205042_at	0.11721062	5.76e-02	2.0293519	-4.7651	0.12656588	GNE	glucosamine (UDP-N-acetyl)-2-epimerase/N-acetylmannosamine kinase
213108_at	0.11734966	5.76e-02	-2.0285647	-4.76645	-0.11070325	CAMK2A	calcium/calmodulin dependent protein kinase II alpha
220663_at	0.11734966	5.77e-02	-2.0284971	-4.76656	-0.08340381	IL1RAPL1	interleukin 1 receptor accessory protein like 1
201704_at	0.1175209	5.78e-02	2.0275633	-4.76816	0.11535578	ENTPD6	ectonucleoside triphosphate diphosphohydrolase 6 (putative)
218603_at	0.1175209	5.78e-02	2.027501	-4.76827	0.13777658	HECA	hdc homolog, cell cycle regulator
221158_at	0.11753684	5.78e-02	2.0273103	-4.76859	0.11087904	PAXBP1	PAX3 and PAX7 binding protein 1
201991_s_at	0.1176503	5.79e-02	2.0266901	-4.76965	0.18070072	KIF5B	kinesin family member 5B
202121_s_at	0.11775261	5.79e-02	2.0261195	-4.77063	0.14437253	CHMP2A	charged multivesicular body protein 2A
204570_at	0.11786806	5.80e-02	-2.0254914	-4.7717	-0.09333483	COX7A1	cytochrome c oxidase subunit 7A1
206171_at	0.11804967	5.81e-02	-2.0245733	-4.77327	-0.08549329	ADORA3	adenosine A3 receptor
200773_x_at	0.11810427	5.81e-02	-2.0242133	-4.77388	-0.14567516	PTMA	prothymosin, alpha
203180_at	0.11827964	5.82e-02	-2.0233239	-4.7754	-0.08789615	ALDH1A3	aldehyde dehydrogenase 1 family member A3
213298_at	0.11840821	5.83e-02	-2.0226404	-4.77656	-0.11813045	NFIC	nuclear factor I C
204547_at	0.11850404	5.84e-02	2.0221007	-4.77749	0.15626017	RAB40B	RAB40B, member RAS oncogene family
221571_at	0.11861539	5.84e-02	2.0214935	-4.77852	0.13531248	TRAF3	TNF receptor associated factor 3
205258_at	0.11866906	5.85e-02	-2.0211386	-4.77913	-0.09204633	INHBB	inhibin beta B subunit
202532_s_at	0.11888743	5.86e-02	2.0200649	-4.78096	0.29449438	DHFR	dihydrofolate reductase
218030_at	0.11895357	5.86e-02	2.0196562	-4.78165	0.08499481	GIT1	GIT ArfGAP 1
202743_at	0.11898251	5.87e-02	-2.0194097	-4.78207	-0.21252569	PIK3R3	phosphoinositide-3-kinase regulatory subunit 3
214400_at	0.11909438	5.87e-02	-2.018802	-4.78311	-0.09633947	INSL3	insulin like 3
204934_s_at	0.11919168	5.88e-02	-2.0182581	-4.78404	-0.07902234	HPN	hepsin
207355_at	0.11928847	5.89e-02	-2.0177032	-4.78498	-0.11460412	SLC1A7	solute carrier family 1 member 7
204313_s_at	0.11928847	5.89e-02	2.0175965	-4.78516	0.19898206	CREB1	cAMP responsive element binding protein 1
220665_at	0.119339	5.89e-02	-2.0172566	-4.78574	-0.07258697	LUZP4	leucine zipper protein 4
219632_s_at	0.1194863	5.90e-02	-2.0164963	-4.78704	-0.08636117	SHPK///TRPV1	sedoheptulokinase///transient receptor potential cation channel subfamily V member 1
203302_at	0.11964768	5.91e-02	2.0156756	-4.78843	0.26363082	DCK	deoxycytidine kinase
214605_x_at	0.11978173	5.92e-02	-2.0147217	-4.79006	-0.10772564	GPR1	G protein-coupled receptor 1
219184_x_at	0.11978173	5.92e-02	2.0146783	-4.79013	0.10686453	TIMM22	translocase of inner mitochondrial membrane 22 homolog (yeast)
208344_x_at	0.11978173	5.92e-02	-2.0146649	-4.79015	-0.0878632	IFNA13///IFNA1	interferon alpha 13///interferon alpha 1
220412_x_at	0.11978173	5.92e-02	-2.0145871	-4.79029	-0.07363802	KCNK7	potassium two pore domain channel subfamily K member 7
208179_x_at	0.11978173	5.92e-02	-2.014399	-4.79061	-0.10687767	KIR2DL3	killer cell immunoglobulin like receptor, two Ig domains and long cytoplasmic tail 3
211438_at	0.11978173	5.92e-02	-2.0143738	-4.79065	-0.09213526	TRHR	thyrotropin releasing hormone receptor
208075_s_at	0.11988677	5.93e-02	-2.0136879	-4.79182	-0.08120044	CCL7	C-C motif chemokine ligand 7
220277_at	0.11988677	5.93e-02	-2.0136416	-4.7919	-0.06864143	CXXC4	CXXC finger protein 4
214274_s_at	0.11988677	5.93e-02	2.0135587	-4.79204	0.14896963	ACAA1	acetyl-CoA acyltransferase 1
205720_at	0.11988962	5.94e-02	2.0134264	-4.79226	0.13312925	POMC	proopiomelanocortin
206209_s_at	0.12013794	5.95e-02	-2.0121888	-4.79437	-0.08769207	CA4	carbonic anhydrase 4
219634_at	0.12013794	5.95e-02	2.012112	-4.7945	0.3045037	CHST11	carbohydrate (chondroitin 4) sulfotransferase 11
221092_at	0.12021801	5.96e-02	-2.011646	-4.79529	-0.0948698	IKZF3	IKAROS family zinc finger 3
204505_s_at	0.120294	5.96e-02	2.0111979	-4.79605	0.12217291	DMTN	dematin actin binding protein
206097_at	0.12035559	5.97e-02	-2.0108121	-4.79671	-0.08421274	SLC22A18AS	solute carrier family 22 member 18 antisense
203947_at	0.12036266	5.97e-02	2.0105641	-4.79713	0.14706698	CSTF3	cleavage stimulation factor subunit 3
44783_s_at	0.12036266	5.97e-02	-2.010542	-4.79717	-0.07275064	HEY1	hes related family bHLH transcription factor with YRPW motif 1
218797_s_at	0.12045905	5.97e-02	2.0100062	-4.79808	0.10081065	SIRT7	sirtuin 7
200789_at	0.12054577	5.98e-02	2.0095124	-4.79892	0.13798438	ECH1	enoyl-CoA hydratase 1
219824_at	0.12055419	5.98e-02	-2.0093564	-4.79918	-0.07243287	SLC13A4	solute carrier family 13 member 4
203765_at	0.12058193	5.98e-02	2.0091171	-4.79959	0.24142933	GCA	grancalcin
210674_s_at	0.12060093	5.99e-02	-2.0089155	-4.79993	-0.07365948	PCDHA1///PCDHA2///PCDHA3///PCDHA4///PCDHA5///PCDHA6///PCDHA7///PCDHA8///PCDHA10///PCDHA11///PCDHA12///PCDHA13///PCDHAC1///PCDHAC2///PCDHA9	protocadherin alpha 1///protocadherin alpha 2///protocadherin alpha 3///protocadherin alpha 4///protocadherin alpha 5///protocadherin alpha 6///protocadherin alpha 7///protocadherin alpha 8///protocadherin alpha 10///protocadherin alpha 11///protocadherin alpha 12///protocadherin alpha 13///protocadherin alpha subfamily C, 1///protocadherin alpha subfamily C, 2///protocadherin alpha 9
211564_s_at	0.12113735	6.02e-02	2.0064886	-4.80405	0.07548737	PDLIM4	PDZ and LIM domain 4
205657_at	0.1211945	6.02e-02	-2.0061236	-4.80467	-0.09436107	HAAO	3-hydroxyanthranilate 3,4-dioxygenase
218220_at	0.12124834	6.02e-02	2.0057374	-4.80533	0.1615801	C12orf10	chromosome 12 open reading frame 10
207452_s_at	0.12124834	6.02e-02	-2.0056533	-4.80547	-0.09277826	CNTN5	contactin 5
206409_at	0.12132398	6.03e-02	-2.0052093	-4.80622	-0.09247232	TIAM1	T-cell lymphoma invasion and metastasis 1
207912_s_at	0.12137247	6.03e-02	-2.0048818	-4.80678	-0.12305628	DAZ4///DAZ2///DAZ3///DAZ1	deleted in azoospermia 4///deleted in azoospermia 2///deleted in azoospermia 3///deleted in azoospermia 1
222077_s_at	0.12154363	6.04e-02	2.0040292	-4.80823	0.29871327	RACGAP1	Rac GTPase activating protein 1
203623_at	0.12164789	6.05e-02	-2.0034634	-4.80918	-0.08444745	PLXNA3	plexin A3
220662_s_at	0.12218002	6.08e-02	-2.0009614	-4.81343	-0.1042597	HEYL	hes related family bHLH transcription factor with YRPW motif-like
204444_at	0.12218002	6.08e-02	2.0009527	-4.81344	0.31438688	KIF11	kinesin family member 11
209925_at	0.12222465	6.08e-02	-2.0006416	-4.81397	-0.08833993	OCLN	occludin
207545_s_at	0.12222465	6.08e-02	2.0005235	-4.81417	0.10573346	LOC101930388///LOC101928143///NUMB	uncharacterized LOC101930388///uncharacterized LOC101928143///NUMB, endocytic adaptor protein
205635_at	0.12223038	6.09e-02	-2.0003795	-4.81441	-0.1074867	KALRN	kalirin, RhoGEF kinase
201714_at	0.12251632	6.10e-02	1.9990434	-4.81668	0.23277336	TUBG1	tubulin gamma 1
210852_s_at	0.12252027	6.10e-02	-1.998907	-4.81691	-0.11480899	AASS	aminoadipate-semialdehyde synthase
220736_at	0.12256724	6.11e-02	-1.9985585	-4.8175	-0.10161746	SLC19A3	solute carrier family 19 member 3
219167_at	0.12256724	6.11e-02	-1.9984532	-4.81768	-0.07071434	RASL12	RAS like family 12
208210_at	0.12256724	6.11e-02	-1.998349	-4.81785	-0.0692941	MAS1	MAS1 proto-oncogene, G protein-coupled receptor
204736_s_at	0.12266231	6.12e-02	-1.9977436	-4.81888	-0.10312764	CSPG4	chondroitin sulfate proteoglycan 4
201673_s_at	0.12266231	6.12e-02	1.9977063	-4.81894	0.18749462	GYS1	glycogen synthase 1
202965_s_at	0.12334304	6.15e-02	-1.9947034	-4.82402	-0.09829991	CAPN6	calpain 6
204446_s_at	0.12355462	6.17e-02	-1.9936906	-4.82573	-0.27756461	ALOX5	arachidonate 5-lipoxygenase
209831_x_at	0.12375451	6.18e-02	1.992695	-4.82742	0.10445436	DNASE2	deoxyribonuclease 2, lysosomal
205815_at	0.12375451	6.18e-02	-1.992609	-4.82756	-0.06986405	REG3A	regenerating family member 3 alpha
205044_at	0.12375641	6.18e-02	-1.9924816	-4.82778	-0.09076919	GABRP	gamma-aminobutyric acid type A receptor pi subunit
201788_at	0.12375969	6.18e-02	1.9923484	-4.828	0.12913649	DDX42	DEAD-box helicase 42
208431_s_at	0.12394607	6.19e-02	-1.9914443	-4.82953	-0.06420861	TUB	tubby bipartite transcription factor
220604_x_at	0.12398467	6.19e-02	-1.9911625	-4.83001	-0.11092329	FTCD	formimidoyltransferase cyclodeaminase
201010_s_at	0.12430207	6.21e-02	1.9897096	-4.83246	0.27429383	TXNIP	thioredoxin interacting protein
44146_at	0.12430974	6.21e-02	1.9895581	-4.83272	0.08631395	GMEB2	glucocorticoid modulatory element binding protein 2
52940_at	0.12433155	6.22e-02	1.9893472	-4.83307	0.11495075	SIGIRR	single Ig and TIR domain containing
219888_at	0.12471019	6.24e-02	-1.9876412	-4.83595	-0.09019294	SPAG4	sperm associated antigen 4
221919_at	0.12479793	6.24e-02	-1.9871548	-4.83677	-0.2518998	HNRNPA1	heterogeneous nuclear ribonucleoprotein A1
203412_at	0.12508913	6.26e-02	1.9858189	-4.83903	0.0790597	LZTR1	leucine zipper like transcription regulator 1
208668_x_at	0.12509503	6.26e-02	-1.985675	-4.83927	-0.19115387	HMGN2	high mobility group nucleosomal binding domain 2
219726_at	0.12513554	6.26e-02	-1.9853542	-4.83981	-0.11527346	NLGN3	neuroligin 3
221085_at	0.12513554	6.27e-02	-1.9852674	-4.83996	-0.07901909	TNFSF15	tumor necrosis factor superfamily member 15
204942_s_at	0.12559945	6.29e-02	-1.9831124	-4.84359	-0.09147427	ALDH3B2	aldehyde dehydrogenase 3 family member B2
208330_at	0.12559945	6.29e-02	-1.9829269	-4.8439	-0.06077614	ALX4	ALX homeobox 4
204336_s_at	0.12559945	6.29e-02	-1.9828662	-4.844	-0.12564257	RGS19	regulator of G-protein signaling 19
221026_s_at	0.12559945	6.29e-02	-1.982858	-4.84402	-0.08417768	SCRT1	scratch family transcriptional repressor 1
208571_at	0.12563351	6.30e-02	-1.9825971	-4.84446	-0.09936853	ANP32D	acidic nuclear phosphoprotein 32 family member D
207445_s_at	0.1257191	6.30e-02	-1.9821222	-4.84526	-0.10217253	CCR9	C-C motif chemokine receptor 9
207174_at	0.12590318	6.31e-02	-1.9812385	-4.84674	-0.1024132	GPC5	glypican 5
207853_s_at	0.12609856	6.33e-02	-1.9802156	-4.84847	-0.0685378	SNCB	synuclein beta
207671_s_at	0.12609856	6.33e-02	-1.9801899	-4.84851	-0.08488398	BEST1	bestrophin 1
212952_at	0.12632016	6.34e-02	-1.9791104	-4.85033	-0.79869149		
221057_at	0.12632016	6.34e-02	-1.9790339	-4.85046	-0.08703185	SPATA1	spermatogenesis associated 1
49485_at	0.12635949	6.34e-02	1.978752	-4.85093	0.08109737	PRDM4	PR/SET domain 4
203508_at	0.12641238	6.35e-02	-1.9784142	-4.8515	-0.17865452	TNFRSF1B	TNF receptor superfamily member 1B
221310_at	0.12648715	6.35e-02	-1.977986	-4.85222	-0.07351391	FGF14	fibroblast growth factor 14
204327_s_at	0.12671823	6.37e-02	1.9769125	-4.85403	0.11533074	ZNF202	zinc finger protein 202
209699_x_at	0.1270054	6.38e-02	1.9756094	-4.85622	0.29166192	LOC101930400///AKR1C2	aldo-keto reductase family 1 member C2-like///aldo-keto reductase family 1, member C2
218423_x_at	0.12718177	6.39e-02	1.9747643	-4.85764	0.11541353	VPS54	VPS54, GARP complex subunit
209368_at	0.12749044	6.41e-02	1.9733768	-4.85997	0.17737679	EPHX2	epoxide hydrolase 2
206975_at	0.12749508	6.41e-02	-1.9732387	-4.8602	-0.08786698	LTA	lymphotoxin alpha
208339_at	0.1275772	6.42e-02	1.9727827	-4.86097	0.09167624	XKRY2///XKRY	XK related, Y-linked 2///XK related, Y-linked
208380_at	0.12779448	6.43e-02	-1.9717729	-4.86266	-0.08698783	LBX1	ladybird homeobox 1
221009_s_at	0.1278086	6.43e-02	1.9715961	-4.86296	0.09994829	ANGPTL4	angiopoietin like 4
219621_at	0.12797779	6.44e-02	-1.9707845	-4.86432	-0.06053646	CLSPN	claspin
204516_at	0.12798555	6.44e-02	1.970619	-4.8646	0.18063887	ATXN7	ataxin 7
217759_at	0.12798555	6.44e-02	-1.9705148	-4.86477	-0.17039273	TRIM44	tripartite motif containing 44
207354_at	0.1281564	6.45e-02	-1.9696872	-4.86616	-0.07933333	CCL16	C-C motif chemokine ligand 16
204651_at	0.1281564	6.46e-02	-1.9695784	-4.86634	-0.09695034	NRF1	nuclear respiratory factor 1
205177_at	0.12823435	6.46e-02	-1.9691287	-4.8671	-0.0771304	TNNI1	troponin I1, slow skeletal type
211848_s_at	0.12823435	6.46e-02	-1.9690222	-4.86728	-0.09313822	CEACAM7	carcinoembryonic antigen related cell adhesion molecule 7
207689_at	0.12851762	6.48e-02	-1.9677474	-4.86942	-0.10196497	TBX10	T-box 10
221614_s_at	0.12857115	6.48e-02	1.9674103	-4.86998	0.20589834	RPH3AL	rabphilin 3A-like (without C2 domains)
206589_at	0.12883124	6.50e-02	-1.9662324	-4.87196	-0.18046093	GFI1	growth factor independent 1 transcriptional repressor
202600_s_at	0.12889176	6.50e-02	-1.9658675	-4.87257	-0.26497808	NRIP1	nuclear receptor interacting protein 1
207904_s_at	0.12915172	6.52e-02	1.9646287	-4.87464	0.12711784	LNPEP	leucyl and cystinyl aminopeptidase
207626_s_at	0.12915172	6.52e-02	-1.9645736	-4.87473	-0.10522726	SLC7A2	solute carrier family 7 member 2
209301_at	0.12920249	6.52e-02	1.9642488	-4.87528	0.54678999	CA2	carbonic anhydrase 2
200901_s_at	0.12954219	6.54e-02	1.962753	-4.87778	0.17270279	M6PR///PHC1	mannose-6-phosphate receptor, cation dependent///polyhomeotic homolog 1
217847_s_at	0.12982103	6.56e-02	1.9615064	-4.87987	0.11255991	THRAP3	thyroid hormone receptor associated protein 3
216368_s_at	0.12996651	6.57e-02	-1.9608	-4.88105	-0.08299576	COL4A3	collagen type IV alpha 3 chain
201525_at	0.13001361	6.57e-02	-1.9604911	-4.88157	-0.08531891	APOD	apolipoprotein D
209720_s_at	0.13043049	6.59e-02	-1.9586922	-4.88458	-0.09195842	SERPINB3	serpin family B member 3
206317_s_at	0.13050964	6.60e-02	1.9582551	-4.88531	0.08089545	ABCB8	ATP binding cassette subfamily B member 8
205968_at	0.13057835	6.60e-02	-1.9577989	-4.88607	-0.07629776	KCNS3	potassium voltage-gated channel modifier subfamily S member 3
201362_at	0.13057835	6.60e-02	1.9577044	-4.88623	0.19159974	IVNS1ABP	influenza virus NS1A binding protein
201432_at	0.13057835	6.61e-02	1.9575909	-4.88642	0.18310381	CAT	catalase
208591_s_at	0.13057835	6.61e-02	-1.9575039	-4.88656	-0.11116107	PDE3B	phosphodiesterase 3B
210827_s_at	0.13059771	6.61e-02	-1.9573075	-4.88689	-0.07659629	ELF3	E74 like ETS transcription factor 3
207938_at	0.13084224	6.62e-02	-1.9561811	-4.88877	-0.08671942	PI15	peptidase inhibitor 15
209348_s_at	0.13084224	6.63e-02	-1.9560374	-4.88901	-0.20402895	MAF	MAF bZIP transcription factor
214054_at	0.13084224	6.63e-02	-1.9559693	-4.88913	-0.08068035	DOK2	docking protein 2
205932_s_at	0.13092359	6.63e-02	-1.9555243	-4.88987	-0.08179691	MSX1	msh homeobox 1
208468_at	0.13094942	6.63e-02	-1.9553021	-4.89024	-0.10042075	SOX21	SRY-box 21
221018_s_at	0.13116781	6.65e-02	-1.9543081	-4.8919	-0.07730974	TDRD1	tudor domain containing 1
214552_s_at	0.13117835	6.65e-02	1.9541474	-4.89217	0.15173717	RABEP1	rabaptin, RAB GTPase binding effector protein 1
208554_at	0.13122017	6.65e-02	-1.9538218	-4.89271	-0.08694354	POU4F3	POU class 4 homeobox 3
40850_at	0.13122017	6.65e-02	1.9537429	-4.89284	0.13722973	FKBP8	FK506 binding protein 8
202801_at	0.13130064	6.66e-02	1.9532555	-4.89366	0.10700684	PRKACA	protein kinase cAMP-activated catalytic subunit alpha
206524_at	0.13130064	6.66e-02	-1.9531839	-4.89378	-0.0759982	T	T brachyury transcription factor
202613_at	0.13131187	6.66e-02	1.9530205	-4.89405	0.19569942	CTPS1	CTP synthase 1
207221_at	0.1313161	6.67e-02	-1.9527811	-4.89445	-0.10588879	F2RL3	F2R like thrombin/trypsin receptor 3
214443_at	0.1313161	6.67e-02	1.9526946	-4.89459	0.08892895	PVR	poliovirus receptor
207141_s_at	0.1313161	6.67e-02	-1.9526484	-4.89467	-0.07963159	KCNJ3	potassium voltage-gated channel subfamily J member 3
201661_s_at	0.13133248	6.67e-02	1.9524645	-4.89498	0.15519755	ACSL3	acyl-CoA synthetase long-chain family member 3
213342_at	0.13165813	6.69e-02	1.9510444	-4.89735	0.10167466	YAP1	Yes associated protein 1
203275_at	0.13172813	6.69e-02	1.9506171	-4.89806	0.25195263	IRF2	interferon regulatory factor 2
90610_at	0.13172813	6.69e-02	-1.9505283	-4.89821	-0.18216246	LRCH4	leucine rich repeats and calponin homology domain containing 4
209195_s_at	0.13186076	6.70e-02	1.9498461	-4.89934	0.13316395	ADCY6	adenylate cyclase 6
202161_at	0.13186076	6.70e-02	1.9497626	-4.89948	0.21235022	PKN1	protein kinase N1
202518_at	0.1318672	6.71e-02	1.9496187	-4.89972	0.18561742	BCL7B	BCL tumor suppressor 7B
202409_at	0.13244756	6.74e-02	-1.9470941	-4.90393	-0.10978479	INS-IGF2///IGF2	INS-IGF2 readthrough///insulin like growth factor 2
206430_at	0.13244756	6.74e-02	-1.9469564	-4.90416	-0.05668006	CDX1	caudal type homeobox 1
206047_at	0.13244756	6.74e-02	-1.946954	-4.90416	-0.06450209	GNB3	G protein subunit beta 3
201779_s_at	0.13247997	6.74e-02	1.9467071	-4.90457	0.14190629	RNF13	ring finger protein 13
206887_at	0.13276237	6.76e-02	-1.9454683	-4.90664	-0.07246912	ACKR2	atypical chemokine receptor 2
217911_s_at	0.13282331	6.76e-02	-1.9451086	-4.90723	-0.18818132	BAG3	BCL2 associated athanogene 3
221792_at	0.13301106	6.78e-02	1.9442468	-4.90867	0.1003148	RAB6B	RAB6B, member RAS oncogene family
203350_at	0.133111	6.78e-02	1.9436771	-4.90962	0.12623938	AP1G1	adaptor related protein complex 1 gamma 1 subunit
203358_s_at	0.133111	6.78e-02	1.943615	-4.90972	0.20500476	EZH2	enhancer of zeste 2 polycomb repressive complex 2 subunit
203072_at	0.13313647	6.79e-02	-1.9433962	-4.91008	-0.07492388	MYO1E	myosin IE
201976_s_at	0.13314728	6.79e-02	-1.9432353	-4.91035	-0.07099239	MYO10	myosin X
205141_at	0.13358824	6.81e-02	-1.9413759	-4.91344	-0.09211668	ANG	angiogenin
219935_at	0.13365972	6.82e-02	-1.940976	-4.91411	-0.09370519	ADAMTS5	ADAM metallopeptidase with thrombospondin type 1 motif 5
206308_at	0.13385937	6.83e-02	1.9400715	-4.91561	0.09144115	TRDMT1	tRNA aspartic acid methyltransferase 1
219928_s_at	0.13416914	6.85e-02	-1.9387353	-4.91783	-0.0859086	CABYR	calcium binding tyrosine phosphorylation regulated
36566_at	0.13424785	6.85e-02	1.9383081	-4.91854	0.11812043	CTNS	cystinosin, lysosomal cystine transporter
219755_at	0.13443529	6.86e-02	-1.9374183	-4.92002	-0.05817407	CBX8	chromobox 8
214413_at	0.13443529	6.86e-02	-1.9373364	-4.92015	-0.09440233	TAT	tyrosine aminotransferase
213326_at	0.13466268	6.88e-02	-1.9362389	-4.92198	-0.18704779	VAMP1	vesicle associated membrane protein 1
213093_at	0.13466268	6.88e-02	-1.9362093	-4.92202	-0.15344793	PRKCA	protein kinase C alpha
211488_s_at	0.13502961	6.90e-02	-1.9346561	-4.9246	-0.07074914	ITGB8	integrin subunit beta 8
207191_s_at	0.13510268	6.90e-02	-1.9342527	-4.92527	-0.09439789	ISLR	immunoglobulin superfamily containing leucine rich repeat
201029_s_at	0.13510783	6.91e-02	-1.9341146	-4.9255	-0.27565386	CD99	CD99 molecule
206546_at	0.13512052	6.91e-02	-1.933947	-4.92578	-0.09866354	SYCP2	synaptonemal complex protein 2
219811_at	0.13523851	6.92e-02	1.9333685	-4.92674	0.07654383	MIR1306///DGCR8	microRNA 1306///DGCR8 microprocessor complex subunit
202590_s_at	0.13532336	6.92e-02	1.9329196	-4.92748	0.0950385	PDK2	pyruvate dehydrogenase kinase 2
218685_s_at	0.13534541	6.93e-02	1.9327157	-4.92782	0.10398581	SMUG1	single-strand-selective monofunctional uracil-DNA glycosylase 1
203038_at	0.1355015	6.93e-02	-1.9319895	-4.92902	-0.16423462	PTPRK	protein tyrosine phosphatase, receptor type K
218254_s_at	0.13566723	6.94e-02	1.9312264	-4.93029	0.16614038	SAR1B	secretion associated Ras related GTPase 1B
204116_at	0.13592427	6.96e-02	1.9301092	-4.93214	0.42906706	IL2RG	interleukin 2 receptor subunit gamma
201553_s_at	0.13594272	6.96e-02	1.9299197	-4.93245	0.14675322	LAMP1	lysosomal associated membrane protein 1
214612_x_at	0.13597706	6.97e-02	-1.9295443	-4.93307	-0.09397701	MAGEA6	MAGE family member A6
205851_at	0.13597706	6.97e-02	1.929445	-4.93324	0.1203722	NME6	NME/NM23 nucleoside diphosphate kinase 6
203028_s_at	0.13597706	6.97e-02	-1.9294327	-4.93326	-0.28309649	CYBA	cytochrome b-245 alpha chain
205458_at	0.13601039	6.97e-02	-1.9291855	-4.93367	-0.07529513	MC1R	melanocortin 1 receptor
207367_at	0.13630327	6.99e-02	-1.9276138	-4.93627	-0.06583249	ATP12A	ATPase H+/K+ transporting non-gastric alpha2 subunit
206676_at	0.13630327	7.00e-02	-1.9274097	-4.93661	-0.10729921	CEACAM8	carcinoembryonic antigen related cell adhesion molecule 8
209731_at	0.13630327	7.00e-02	1.9273519	-4.9367	0.10904591	NTHL1	nth like DNA glycosylase 1
206881_s_at	0.13630327	7.00e-02	-1.9272146	-4.93693	-0.08079435	LILRA3	leukocyte immunoglobulin like receptor A3
219843_at	0.13630327	7.00e-02	1.9271885	-4.93697	0.09720273	IPP	intracisternal A particle-promoted polypeptide
222237_s_at	0.13630327	7.00e-02	1.927161	-4.93702	0.12376863	ZNF112	zinc finger protein 112
211145_x_at	0.13630327	7.00e-02	-1.9271574	-4.93702	-0.08678043	IFNA21	interferon alpha 21
210147_at	0.13630327	7.00e-02	-1.9271075	-4.93711	-0.08220703	ART3	ADP-ribosyltransferase 3
207681_at	0.13650229	7.01e-02	-1.926219	-4.93858	-0.07263047	CXCR3	C-X-C motif chemokine receptor 3
213738_s_at	0.13698922	7.04e-02	1.9242193	-4.94188	0.20087908	ATP5A1	ATP synthase, H+ transporting, mitochondrial F1 complex, alpha subunit 1, cardiac muscle
200740_s_at	0.13702405	7.04e-02	1.923918	-4.94238	0.16629924	SUMO3	small ubiquitin-like modifier 3
210227_at	0.13702405	7.04e-02	-1.9238496	-4.94249	-0.08958959	DLGAP2	DLG associated protein 2
201040_at	0.13708866	7.05e-02	1.9234828	-4.9431	0.22418902	GNAI2	G protein subunit alpha i2
202102_s_at	0.13715034	7.05e-02	1.9231274	-4.94369	0.28019957	BRD4	bromodomain containing 4
206697_s_at	0.1372509	7.06e-02	-1.9226222	-4.94452	-0.11997809	HP	haptoglobin
207762_at	0.13726271	7.06e-02	-1.9224591	-4.94479	-0.08817176	LPAL2	lipoprotein(a) like 2, pseudogene
205036_at	0.13727395	7.06e-02	1.9222983	-4.94505	0.12508542	LSM6	LSM6 homolog, U6 small nuclear RNA and mRNA degradation associated
206358_at	0.13735173	7.07e-02	-1.9218812	-4.94574	-0.07611316	PRM1	protamine 1
210074_at	0.13735229	7.07e-02	-1.9217616	-4.94594	-0.07936216	CTSV	cathepsin V
210271_at	0.13738164	7.07e-02	-1.9215311	-4.94632	-0.06780865	NEUROD2	neuronal differentiation 2
205502_at	0.13771233	7.09e-02	-1.9201418	-4.94862	-0.09000279	CYP17A1	cytochrome P450 family 17 subfamily A member 1
203309_s_at	0.13778791	7.10e-02	1.919734	-4.94929	0.08610254	HPS1	HPS1, biogenesis of lysosomal organelles complex 3 subunit 1
203292_s_at	0.13785222	7.10e-02	1.9193696	-4.94989	0.12903129	VPS11	VPS11, CORVET/HOPS core subunit
210096_at	0.13788469	7.11e-02	-1.9191276	-4.95029	-0.06587139	CYP4B1	cytochrome P450 family 4 subfamily B member 1
208634_s_at	0.13792877	7.11e-02	-1.9187589	-4.9509	-0.24497159	MACF1	microtubule-actin crosslinking factor 1
220420_at	0.13792877	7.11e-02	1.9187236	-4.95096	0.09260782	LMAN1L	lectin, mannose binding 1 like
201930_at	0.13795797	7.11e-02	1.9184942	-4.95133	0.19418991	MCM6	minichromosome maintenance complex component 6
220927_s_at	0.13811316	7.12e-02	-1.9177817	-4.95251	-0.06756358	HPSE2	heparanase 2 (inactive)
208361_s_at	0.1384864	7.14e-02	1.9162356	-4.95506	0.12560736	POLR3D	RNA polymerase III subunit D
206030_at	0.13851041	7.15e-02	-1.9160264	-4.9554	-0.08790055	ASPA	aspartoacylase
214595_at	0.1386076	7.15e-02	-1.9155376	-4.95621	-0.10087078	KCNG1	potassium voltage-gated channel modifier subfamily G member 1
206457_s_at	0.13870585	7.16e-02	-1.9148999	-4.95726	-0.06629433	DIO1	deiodinase, iodothyronine type I
202834_at	0.13870585	7.16e-02	-1.9148283	-4.95738	-0.08586507	AGT	angiotensinogen
219314_s_at	0.13870585	7.16e-02	1.9148104	-4.95741	0.08549929	ZNF219	zinc finger protein 219
208000_at	0.13875328	7.17e-02	-1.9145121	-4.9579	-0.06809535	GML	glycosylphosphatidylinositol anchored molecule like
201616_s_at	0.13878775	7.17e-02	-1.9142633	-4.95831	-0.14543335	CALD1	caldesmon 1
204869_at	0.13894867	7.18e-02	-1.9135322	-4.95951	-0.07436126	PCSK2	proprotein convertase subtilisin/kexin type 2
41553_at	0.13927853	7.20e-02	-1.9121584	-4.96177	-0.0813512	OSGIN2	oxidative stress induced growth inhibitor family member 2
205751_at	0.13953726	7.21e-02	-1.9110313	-4.96363	-0.07965066	SH3GL2	SH3 domain containing GRB2 like 2, endophilin A1
203521_s_at	0.13953726	7.22e-02	1.9109083	-4.96383	0.17429855	ZNF318	zinc finger protein 318
207053_at	0.13953726	7.22e-02	-1.9108231	-4.96397	-0.0757368	SLC8A1	solute carrier family 8 member A1
203591_s_at	0.13979129	7.23e-02	-1.9097122	-4.9658	-0.39451344	CSF3R	colony stimulating factor 3 receptor
204791_at	0.13979129	7.23e-02	1.9096244	-4.96594	0.09356234	NR2C1	nuclear receptor subfamily 2 group C member 1
221070_s_at	0.13984835	7.24e-02	-1.9091754	-4.96668	-0.07976298	CCAR2	cell cycle and apoptosis regulator 2
211465_x_at	0.13984835	7.24e-02	-1.9091737	-4.96668	-0.06562684	FUT6	fucosyltransferase 6
210254_at	0.13989506	7.24e-02	-1.9088795	-4.96717	-0.69395645	MS4A3	membrane spanning 4-domains A3
202880_s_at	0.13991914	7.25e-02	-1.9086711	-4.96751	-0.1523621	CYTH1	cytohesin 1
220500_s_at	0.13993995	7.25e-02	1.9084113	-4.96794	0.10272227	RABL2A///RABL2B	RAB, member of RAS oncogene family-like 2A///RAB, member of RAS oncogene family-like 2B
206771_at	0.13993995	7.25e-02	-1.9083582	-4.96802	-0.07041788	UPK3A	uroplakin 3A
208469_s_at	0.14000853	7.26e-02	1.9079813	-4.96864	0.10794079	PPT2-EGFL8///EGFL8///PPT2	PPT2-EGFL8 readthrough (NMD candidate)///EGF like domain multiple 8///palmitoyl-protein thioesterase 2
219719_at	0.14032508	7.27e-02	-1.9066661	-4.97081	-0.07188094	HIGD1B	HIG1 hypoxia inducible domain family member 1B
211107_s_at	0.14047385	7.28e-02	-1.9059868	-4.97192	-0.14830019	AURKC	aurora kinase C
207598_x_at	0.14054976	7.29e-02	-1.9055831	-4.97258	-0.0833292	XRCC2	X-ray repair cross complementing 2
201489_at	0.1407107	7.30e-02	1.9048587	-4.97377	0.23329146	PPIF	peptidylprolyl isomerase F
208314_at	0.14079014	7.31e-02	-1.9044421	-4.97446	-0.07111323	RRH	retinal pigment epithelium-derived rhodopsin homolog
219259_at	0.14093034	7.32e-02	-1.9036882	-4.9757	-0.13374499	SEMA4A	semaphorin 4A
206696_at	0.14093034	7.32e-02	-1.9036798	-4.97571	-0.06305992	GPR143	G protein-coupled receptor 143
221378_at	0.14118185	7.33e-02	-1.9026161	-4.97745	-0.08556125	CER1	cerberus 1, DAN family BMP antagonist
215338_s_at	0.14120241	7.33e-02	-1.9024219	-4.97777	-0.20360409	NKTR	natural killer cell triggering receptor
203407_at	0.14126767	7.34e-02	-1.9020379	-4.9784	-0.08341022	PPL	periplakin
219529_at	0.14126767	7.34e-02	-1.9019426	-4.97856	-0.08246551	CLIC3	chloride intracellular channel 3
215819_s_at	0.14144901	7.35e-02	1.9010391	-4.98004	0.18986416	RHD///RHCE	Rh blood group D antigen///Rh blood group CcEe antigens
217176_s_at	0.14144901	7.35e-02	1.9009612	-4.98017	0.1005354	ZFX	zinc finger protein, X-linked
207312_at	0.14144901	7.35e-02	-1.9009107	-4.98025	-0.11043707	PHKG1	phosphorylase kinase catalytic subunit gamma 1
204729_s_at	0.14148041	7.36e-02	-1.9006759	-4.98064	-0.08178181	STX1A	syntaxin 1A
210280_at	0.14185174	7.38e-02	1.8991663	-4.98311	0.06073702	MPZ	myelin protein zero
205049_s_at	0.14203231	7.39e-02	-1.8983734	-4.98441	-0.48943993	CD79A	CD79a molecule
214602_at	0.14211182	7.39e-02	-1.8979591	-4.98509	-0.10730455	COL4A4	collagen type IV alpha 4 chain
206518_s_at	0.14222645	7.40e-02	-1.8974137	-4.98598	-0.07934701	RGS9	regulator of G-protein signaling 9
564_at	0.14225164	7.41e-02	1.8971664	-4.98639	0.11324785	GNA11	G protein subunit alpha 11
204368_at	0.14225164	7.41e-02	-1.897086	-4.98652	-0.06475224	SLCO2A1	solute carrier organic anion transporter family member 2A1
202414_at	0.14228292	7.41e-02	1.8968523	-4.9869	0.11933479	ERCC5	ERCC excision repair 5, endonuclease
207563_s_at	0.14229824	7.41e-02	1.8966784	-4.98719	0.22299738	OGT	O-linked N-acetylglucosamine (GlcNAc) transferase
221543_s_at	0.14232689	7.42e-02	1.8964547	-4.98755	0.1783003	ERLIN2	ER lipid raft associated 2
214585_s_at	0.14240227	7.42e-02	1.8960564	-4.9882	0.10312938	VPS52	VPS52, GARP complex subunit
208151_x_at	0.14240702	7.42e-02	-1.895922	-4.98842	-0.31965426	DDX17	DEAD-box helicase 17
205757_at	0.14251731	7.43e-02	-1.8953936	-4.98929	-0.08327759	ENTPD5	ectonucleoside triphosphate diphosphohydrolase 5
220541_at	0.14274851	7.44e-02	-1.8944148	-4.99089	-0.06756424	MMP26	matrix metallopeptidase 26
206690_at	0.14283704	7.45e-02	-1.8939683	-4.99162	-0.07343244	ASIC2	acid sensing ion channel subunit 2
220332_at	0.14346322	7.48e-02	-1.8915238	-4.99562	-0.07150023	CLDN16	claudin 16
207647_at	0.14367116	7.50e-02	-1.8906361	-4.99707	-0.08366796	CDY1	chromodomain Y-linked 1
218087_s_at	0.14375406	7.50e-02	1.8901833	-4.99781	0.13179149	SORBS1	sorbin and SH3 domain containing 1
218536_at	0.14375406	7.51e-02	1.8899833	-4.99813	0.10996	MRS2	MRS2, magnesium transporter
208104_s_at	0.14375406	7.51e-02	1.8899791	-4.99814	0.11074967	TSC22D4	TSC22 domain family member 4
218952_at	0.14375502	7.51e-02	-1.889859	-4.99834	-0.07305288	PCSK1N	proprotein convertase subtilisin/kexin type 1 inhibitor
207243_s_at	0.14380061	7.51e-02	1.8895736	-4.9988	0.14066714	CALM3///CALM2///CALM1	calmodulin 3///calmodulin 2///calmodulin 1
210122_at	0.14388622	7.52e-02	-1.8890939	-4.99959	-0.0664538	PRM2	protamine 2
206531_at	0.14388622	7.52e-02	1.8890235	-4.9997	0.0963013	DPF1	double PHD fingers 1
219630_at	0.14400258	7.53e-02	-1.8883617	-5.00078	-0.07214894	PDZK1IP1	PDZK1 interacting protein 1
221227_x_at	0.14400258	7.53e-02	1.88836	-5.00079	0.0745324	COQ3	coenzyme Q3, methyltransferase
206686_at	0.14421375	7.54e-02	1.8874629	-5.00225	0.1019767	PDK1	pyruvate dehydrogenase kinase 1
220565_at	0.14423509	7.54e-02	-1.8872676	-5.00257	-0.06831033	CCR10	C-C motif chemokine receptor 10
206196_s_at	0.14430727	7.55e-02	-1.8868846	-5.00319	-0.07044056	RUNDC3A	RUN domain containing 3A
203058_s_at	0.14457945	7.57e-02	-1.885764	-5.00502	-0.08362989	PAPSS2	3'-phosphoadenosine 5'-phosphosulfate synthase 2
210517_s_at	0.14477292	7.58e-02	-1.8849155	-5.0064	-0.73165958	AKAP12	A-kinase anchoring protein 12
200805_at	0.14477292	7.58e-02	1.8848183	-5.00656	0.1319427	LMAN2	lectin, mannose binding 2
219209_at	0.14480014	7.58e-02	1.8846017	-5.00692	0.14626324	IFIH1	interferon induced with helicase C domain 1
206074_s_at	0.14503805	7.60e-02	1.8836101	-5.00853	0.35523077	HMGA1	high mobility group AT-hook 1
217733_s_at	0.14505361	7.60e-02	-1.8834365	-5.00882	-0.20526842	TMSB10	thymosin beta 10
205718_at	0.14507676	7.60e-02	1.883235	-5.00914	0.20132027	ITGB7	integrin subunit beta 7
208559_at	0.14519847	7.61e-02	-1.8826715	-5.01006	-0.07329438	PDX1	pancreatic and duodenal homeobox 1
207344_at	0.145406	7.62e-02	-1.8817933	-5.01149	-0.07318322	AKAP3	A-kinase anchoring protein 3
211518_s_at	0.14564604	7.64e-02	-1.8807598	-5.01318	-0.07268847	BMP4	bone morphogenetic protein 4
205819_at	0.14564604	7.64e-02	-1.8806067	-5.01343	-0.06451232	MARCO	macrophage receptor with collagenous structure
218679_s_at	0.14564604	7.64e-02	1.8805644	-5.01349	0.17530028	VPS28	VPS28, ESCRT-I subunit
204083_s_at	0.14578295	7.65e-02	-1.8799468	-5.0145	-0.1959483	TPM2	tropomyosin 2 (beta)
210772_at	0.14579378	7.65e-02	-1.8797909	-5.01475	-0.0865325	FPR2	formyl peptide receptor 2
209764_at	0.1458098	7.65e-02	1.8796159	-5.01504	0.1204945	MGAT3	mannosyl (beta-1,4-)-glycoprotein beta-1,4-N-acetylglucosaminyltransferase
210158_at	0.1458682	7.66e-02	-1.879286	-5.01557	-0.07979606	ERCC4	ERCC excision repair 4, endonuclease catalytic subunit
36499_at	0.14591243	7.66e-02	1.879008	-5.01603	0.06584933	CELSR2	cadherin EGF LAG seven-pass G-type receptor 2
216237_s_at	0.14635566	7.69e-02	1.8772726	-5.01885	0.25545875	MCM5	minichromosome maintenance complex component 5
221413_at	0.14635939	7.69e-02	-1.8771071	-5.01912	-0.09092506	KCNAB3	potassium voltage-gated channel subfamily A regulatory beta subunit 3
203559_s_at	0.14635939	7.69e-02	-1.876967	-5.01935	-0.09354328	AOC1	amine oxidase, copper containing 1
57532_at	0.14635939	7.69e-02	1.8769104	-5.01944	0.10829773	DVL2	dishevelled segment polarity protein 2
211225_at	0.14685257	7.72e-02	-1.8749976	-5.02255	-0.07665465	FUT5	fucosyltransferase 5
220975_s_at	0.14688644	7.72e-02	-1.8747582	-5.02294	-0.08365904	C1QTNF1	C1q and tumor necrosis factor related protein 1
210301_at	0.14707905	7.74e-02	-1.8739419	-5.02426	-0.07311137	XDH	xanthine dehydrogenase
207291_at	0.14725251	7.75e-02	1.8731959	-5.02547	0.10150776	PRRG4	proline rich and Gla domain 4
210033_s_at	0.14732134	7.75e-02	1.87283	-5.02607	0.26009883	SPAG6	sperm associated antigen 6
208951_at	0.14745629	7.76e-02	1.8722245	-5.02705	0.14356177	ALDH7A1	aldehyde dehydrogenase 7 family member A1
213348_at	0.14748502	7.76e-02	1.8720043	-5.02741	0.29391379	CDKN1C	cyclin dependent kinase inhibitor 1C
204224_s_at	0.14772766	7.78e-02	1.8710093	-5.02902	0.40622894	GCH1	GTP cyclohydrolase 1
205148_s_at	0.14840627	7.82e-02	-1.8684421	-5.03319	-0.09400849	CLCN4	chloride voltage-gated channel 4
208732_at	0.14880688	7.84e-02	1.8668835	-5.03571	0.11189771	RAB2A	RAB2A, member RAS oncogene family
204818_at	0.14883065	7.84e-02	-1.8666819	-5.03604	-0.07555453	HSD17B2	hydroxysteroid 17-beta dehydrogenase 2
208598_s_at	0.14887596	7.85e-02	1.8664029	-5.03649	0.1301744	HUWE1	HECT, UBA and WWE domain containing 1, E3 ubiquitin protein ligase
206187_at	0.14913611	7.86e-02	-1.8653522	-5.03819	-0.08180703	PTGIR	prostaglandin I2 (prostacyclin) receptor (IP)
208576_s_at	0.14916788	7.86e-02	-1.8651221	-5.03857	-0.08949678	HIST1H3B	histone cluster 1, H3b
218961_s_at	0.14917137	7.87e-02	1.8649934	-5.03877	0.13951027	PNKP	polynucleotide kinase 3'-phosphatase
208333_at	0.14922407	7.87e-02	-1.8646883	-5.03927	-0.06711308	LHX5	LIM homeobox 5
1861_at	0.14923577	7.87e-02	1.8645302	-5.03952	0.11713861	BAD	BCL2 associated agonist of cell death
205946_at	0.14932863	7.88e-02	-1.8640811	-5.04025	-0.05739478	VIPR2	vasoactive intestinal peptide receptor 2
201272_at	0.14937167	7.88e-02	-1.8638108	-5.04069	-0.19115369	AKR1B1	aldo-keto reductase family 1 member B
214286_at	0.14946315	7.89e-02	-1.8633669	-5.04141	-0.07509967	GNAT1	G protein subunit alpha transducin 1
214498_at	0.14947885	7.89e-02	-1.8631947	-5.04168	-0.08301013	ASIP	agouti signaling protein
202786_at	0.14957413	7.90e-02	1.8627374	-5.04242	0.17356699	STK39	serine/threonine kinase 39
206424_at	0.14972437	7.91e-02	-1.8620655	-5.04351	-0.08101081	CYP26A1	cytochrome P450 family 26 subfamily A member 1
201740_at	0.14972437	7.91e-02	1.8619677	-5.04367	0.1396202	NDUFS3	NADH:ubiquinone oxidoreductase core subunit S3
207450_s_at	0.14984305	7.92e-02	-1.8614273	-5.04454	-0.07014053	POU6F2	POU class 6 homeobox 2
220304_s_at	0.14998909	7.93e-02	-1.8607894	-5.04557	-0.07576583	CNGB3	cyclic nucleotide gated channel beta 3
202814_s_at	0.15009016	7.94e-02	1.8603125	-5.04635	0.16372192	HEXIM1	hexamethylene bisacetamide inducible 1
205114_s_at	0.15017842	7.94e-02	-1.8598815	-5.04704	-0.3041059	CCL3L3///CCL3L1///CCL3	C-C motif chemokine ligand 3 like 3///C-C motif chemokine ligand 3 like 1///C-C motif chemokine ligand 3
203238_s_at	0.1504466	7.96e-02	-1.8588093	-5.04877	-0.11187813	NOTCH3	notch 3
208043_at	0.15051445	7.96e-02	-1.8584516	-5.04935	-0.07289587		
219683_at	0.15060748	7.97e-02	-1.8578565	-5.05031	-0.15237868	FZD3	frizzled class receptor 3
206733_at	0.15060748	7.97e-02	-1.8578509	-5.05032	-0.08000901	TULP2	tubby like protein 2
202605_at	0.15060748	7.97e-02	1.8577728	-5.05045	0.18972518	GUSB	glucuronidase beta
203379_at	0.15062072	7.98e-02	1.8576099	-5.05071	0.18935226	RPS6KA1	ribosomal protein S6 kinase A1
208411_x_at	0.15068825	7.98e-02	-1.8572077	-5.05136	-0.11558092	PPEF2	protein phosphatase with EF-hand domain 2
206750_at	0.15068825	7.98e-02	1.8571379	-5.05147	0.07868115	MAFK	MAF bZIP transcription factor K
221581_s_at	0.15071303	7.99e-02	-1.856934	-5.0518	-0.28049457	LAT2	linker for activation of T-cells family member 2
214853_s_at	0.15087388	8.00e-02	1.8562461	-5.05291	0.12618897	SHC1	SHC adaptor protein 1
205992_s_at	0.15116235	8.01e-02	-1.8551057	-5.05475	-0.13506608	IL15	interleukin 15
218941_at	0.15119489	8.02e-02	1.8547739	-5.05529	0.08805098	FBXW2	F-box and WD repeat domain containing 2
208650_s_at	0.15119489	8.02e-02	-1.8547588	-5.05531	-0.6164198	CD24	CD24 molecule
209830_s_at	0.1513435	8.03e-02	1.8541159	-5.05635	0.07458169	SLC9A3R2	SLC9A3 regulator 2
203005_at	0.15134417	8.03e-02	1.8539978	-5.05654	0.12829384	LTBR	lymphotoxin beta receptor
205289_at	0.15144228	8.04e-02	-1.8535099	-5.05733	-0.06614865	BMP2	bone morphogenetic protein 2
203320_at	0.15144228	8.04e-02	1.8534188	-5.05747	0.2424339	SH2B3	SH2B adaptor protein 3
221386_at	0.15156749	8.05e-02	-1.8528595	-5.05838	-0.08664949	OR3A2	olfactory receptor family 3 subfamily A member 2
203349_s_at	0.15164849	8.05e-02	1.8524571	-5.05902	0.12270873	ETV5	ETS variant 5
205901_at	0.15184149	8.06e-02	-1.8516586	-5.06031	-0.06930488	PNOC	prepronociceptin
212990_at	0.15185498	8.07e-02	1.8514954	-5.06057	0.1461888	SYNJ1	synaptojanin 1
207473_at	0.15187395	8.07e-02	-1.8513127	-5.06087	-0.07270387	MLN	motilin
207216_at	0.15198316	8.08e-02	-1.8508111	-5.06168	-0.08848	TNFSF8	tumor necrosis factor superfamily member 8
220558_x_at	0.15201665	8.08e-02	1.8505396	-5.06211	0.13888405	TSPAN32	tetraspanin 32
203301_s_at	0.15201665	8.08e-02	1.8504618	-5.06224	0.14318342	DMTF1	cyclin D binding myb like transcription factor 1
208253_at	0.1522379	8.10e-02	1.8495304	-5.06374	0.07976427	SIGLEC8	sialic acid binding Ig like lectin 8
219511_s_at	0.1522379	8.10e-02	-1.8494158	-5.06392	-0.10213735	SNCAIP	synuclein alpha interacting protein
218967_s_at	0.1522379	8.10e-02	1.8492632	-5.06417	0.1402396	PTER	phosphotriesterase related
209738_x_at	0.1522379	8.10e-02	-1.8492187	-5.06424	-0.064366	PSG6	pregnancy specific beta-1-glycoprotein 6
201063_at	0.1524619	8.12e-02	1.8482403	-5.06582	0.16498878	RCN1	reticulocalbin 1
202139_at	0.1524619	8.12e-02	1.8481978	-5.06588	0.13832918	AKR7A2	aldo-keto reductase family 7 member A2
205869_at	0.15267299	8.13e-02	-1.8473389	-5.06727	-0.11018355	PRSS2///PRSS1	protease, serine 2///protease, serine 1
219643_at	0.15275981	8.14e-02	1.8469179	-5.06794	0.10301507	LRP1B	LDL receptor related protein 1B
205466_s_at	0.15286028	8.14e-02	-1.8464491	-5.0687	-0.14159749	HS3ST1	heparan sulfate-glucosamine 3-sulfotransferase 1
203471_s_at	0.15296466	8.15e-02	1.8459667	-5.06947	0.32400568	PLEK	pleckstrin
220105_at	0.15303816	8.16e-02	-1.8455931	-5.07007	-0.07528303	RSPH14	radial spoke head 14 homolog
207241_at	0.15308072	8.16e-02	-1.8453282	-5.0705	-0.07176549	LINC01587	long intergenic non-protein coding RNA 1587
206644_at	0.15322414	8.17e-02	-1.8447093	-5.07149	-0.0922917	NR0B1	nuclear receptor subfamily 0 group B member 1
208027_s_at	0.15341793	8.18e-02	-1.8438473	-5.07288	-0.07424319	TLL2	tolloid like 2
220086_at	0.15341793	8.18e-02	1.8437989	-5.07296	0.1330211	IKZF5	IKAROS family zinc finger 5
211403_x_at	0.15345636	8.19e-02	-1.8435489	-5.07336	-0.0590773	VCX2	variable charge, X-linked 2
206577_at	0.15380005	8.21e-02	-1.8421491	-5.07561	-0.08610325	VIP	vasoactive intestinal peptide
210333_at	0.15380005	8.21e-02	-1.8421147	-5.07566	-0.07197912	NR5A1	nuclear receptor subfamily 5 group A member 1
205259_at	0.15400635	8.22e-02	-1.8412781	-5.077	-0.08409407	NR3C2	nuclear receptor subfamily 3 group C member 2
203919_at	0.15420009	8.23e-02	-1.8404862	-5.07828	-0.16795159	TCEA2	transcription elongation factor A2
203573_s_at	0.15421936	8.24e-02	1.8403037	-5.07857	0.10579773	RABGGTA	Rab geranylgeranyltransferase alpha subunit
219922_s_at	0.15466665	8.26e-02	1.8386291	-5.08125	0.14621175	LTBP3	latent transforming growth factor beta binding protein 3
207716_at	0.15474528	8.27e-02	-1.8382402	-5.08188	-0.06099139	KRT38	keratin 38
209692_at	0.15494742	8.28e-02	-1.8374218	-5.08319	-0.07819159	EYA2	EYA transcriptional coactivator and phosphatase 2
202787_s_at	0.15514015	8.29e-02	1.8365425	-5.0846	0.19075745	MAPKAPK3	mitogen-activated protein kinase-activated protein kinase 3
218530_at	0.15514015	8.29e-02	1.8365217	-5.08463	0.13353009	FHOD1	formin homology 2 domain containing 1
205518_s_at	0.15515027	8.30e-02	1.8363713	-5.08487	0.19395154	CMAHP	cytidine monophospho-N-acetylneuraminic acid hydroxylase, pseudogene
204795_at	0.15536014	8.31e-02	1.8354847	-5.08629	0.09022016	PRR3	proline rich 3
201459_at	0.15536014	8.31e-02	1.8353314	-5.08654	0.14180962	RUVBL2	RuvB like AAA ATPase 2
208215_x_at	0.15536014	8.31e-02	-1.8352974	-5.08659	-0.08549654	DRD4	dopamine receptor D4
205755_at	0.15541819	8.32e-02	-1.834981	-5.0871	-0.08008708	ITIH3	inter-alpha-trypsin inhibitor heavy chain 3
207727_s_at	0.15545356	8.32e-02	1.8347432	-5.08748	0.0991812	MUTYH	mutY DNA glycosylase
200964_at	0.15554417	8.33e-02	1.834314	-5.08817	0.42567596	UBA1	ubiquitin like modifier activating enzyme 1
205130_at	0.15580129	8.34e-02	1.8333085	-5.08978	0.21219078	MOK	MOK protein kinase
218908_at	0.15593773	8.35e-02	1.8327214	-5.09072	0.11557212	ASPSCR1	ASPSCR1, UBX domain containing tether for SLC2A4
205204_at	0.15612664	8.37e-02	1.8319534	-5.09195	0.12753889	NMB	neuromedin B
206051_at	0.15616392	8.37e-02	-1.8317096	-5.09234	-0.08718356	ELAVL4	ELAV like neuron-specific RNA binding protein 4
202240_at	0.15668798	8.40e-02	1.8297872	-5.09541	0.26660145	PLK1	polo like kinase 1
203862_s_at	0.15670231	8.40e-02	-1.8296227	-5.09567	-0.09739738	ACTN2	actinin alpha 2
49077_at	0.15728597	8.43e-02	1.8275011	-5.09906	0.10241494	PPME1	protein phosphatase methylesterase 1
211506_s_at	0.15739456	8.44e-02	1.8270134	-5.09984	0.61176949	CXCL8	C-X-C motif chemokine ligand 8
206890_at	0.15755859	8.45e-02	-1.8263358	-5.10092	-0.09450153	IL12RB1	interleukin 12 receptor subunit beta 1
218470_at	0.15780687	8.47e-02	1.8252928	-5.10259	0.10420699	YARS2	tyrosyl-tRNA synthetase 2
200082_s_at	0.15780687	8.47e-02	1.8252553	-5.10265	0.11438627	RPS7	ribosomal protein S7
205265_s_at	0.1582065	8.49e-02	-1.8237739	-5.10501	-0.07780928	LOC100996693///SPEG	CAVP-target protein-like///SPEG complex locus
200847_s_at	0.15823293	8.50e-02	1.8235686	-5.10534	0.17067178	SARAF	store-operated calcium entry associated regulatory factor
216862_s_at	0.15828714	8.50e-02	1.8232474	-5.10585	0.09120355	CMC4	C-X9-C motif containing 4
210329_s_at	0.15828714	8.50e-02	-1.8230601	-5.10615	-0.11131439	SGCD	sarcoglycan delta
220371_s_at	0.15828714	8.50e-02	-1.8230384	-5.10618	-0.08815704	SLC12A9	solute carrier family 12 member 9
211576_s_at	0.15843242	8.51e-02	1.8224276	-5.10716	0.10739594	SLC19A1	solute carrier family 19 member 1
206191_at	0.15864419	8.53e-02	-1.8215906	-5.10849	-0.09310833	ENTPD3	ectonucleoside triphosphate diphosphohydrolase 3
219884_at	0.15872273	8.53e-02	-1.821208	-5.1091	-0.12138353	LHX6	LIM homeobox 6
203401_at	0.15885377	8.55e-02	1.8204484	-5.11031	0.19128527	PRPS2	phosphoribosyl pyrophosphate synthetase 2
207120_at	0.15885377	8.55e-02	1.8204355	-5.11033	0.14587735	ZNF667	zinc finger protein 667
207300_s_at	0.15885377	8.55e-02	1.8204136	-5.11037	0.07123024	F7	coagulation factor VII
219689_at	0.15885377	8.55e-02	-1.8203021	-5.11054	-0.08770463	SEMA3G	semaphorin 3G
201516_at	0.15911508	8.56e-02	1.8192983	-5.11214	0.29271391	SRM	spermidine synthase
219327_s_at	0.15912188	8.57e-02	-1.8189603	-5.11268	-0.0992637	GPRC5C	G protein-coupled receptor class C group 5 member C
205777_at	0.15912188	8.57e-02	1.8189501	-5.1127	0.1026274	DUSP9	dual specificity phosphatase 9
203080_s_at	0.15912188	8.57e-02	1.8188425	-5.11287	0.23210539	BAZ2B	bromodomain adjacent to zinc finger domain 2B
207149_at	0.15912188	8.57e-02	-1.8187298	-5.11305	-0.07900928	CDH12	cadherin 12
208034_s_at	0.15912188	8.57e-02	-1.8187009	-5.11309	-0.07682239	PROZ	protein Z, vitamin K dependent plasma glycoprotein
214590_s_at	0.15917797	8.58e-02	1.8183955	-5.11358	0.09399285	UBE2D1	ubiquitin conjugating enzyme E2 D1
208273_at	0.15919353	8.58e-02	-1.8182278	-5.11385	-0.14420795	ZNF670-ZNF695///ZNF670///ZNF695	ZNF670-ZNF695 readthrough (NMD candidate)///zinc finger protein 670///zinc finger protein 695
208228_s_at	0.15924979	8.59e-02	-1.8179219	-5.11433	-0.09751741	FGFR2	fibroblast growth factor receptor 2
203590_at	0.15956723	8.60e-02	-1.8167296	-5.11623	-0.11684254	DYNC1LI2	dynein cytoplasmic 1 light intermediate chain 2
221015_s_at	0.15963559	8.61e-02	1.8163831	-5.11678	0.09303212	CDADC1	cytidine and dCMP deaminase domain containing 1
203944_x_at	0.15979128	8.62e-02	-1.8157407	-5.1178	-0.12969233	BTN2A1	butyrophilin subfamily 2 member A1
201567_s_at	0.15981556	8.62e-02	1.8155437	-5.11812	0.14729107	GOLGA4	golgin A4
202927_at	0.16036563	8.65e-02	1.8135686	-5.12125	0.1286815	PIN1	peptidylprolyl cis/trans isomerase, NIMA-interacting 1
214740_at	0.16037963	8.66e-02	-1.8134066	-5.12151	-0.08083244	UPK3BL///POLR2J3///POLR2J2///POLR2J	uroplakin 3B-like///RNA polymerase II subunit J3///RNA polymerase II subunit J2///RNA polymerase II subunit J
205333_s_at	0.16045587	8.66e-02	1.8130345	-5.1221	0.09471408	RCE1	Ras converting CAAX endopeptidase 1
219440_at	0.16058647	8.67e-02	-1.8124251	-5.12307	-0.08421579	RAI2	retinoic acid induced 2
202672_s_at	0.16058647	8.68e-02	-1.8121976	-5.12343	-0.33575581	ATF3	activating transcription factor 3
201445_at	0.16058647	8.68e-02	-1.8121508	-5.12351	-0.21140798	CNN3	calponin 3
35685_at	0.16058647	8.68e-02	1.8121351	-5.12353	0.08851419	RING1	ring finger protein 1
220519_s_at	0.16075029	8.69e-02	-1.811468	-5.12459	-0.06471984	LIM2	lens intrinsic membrane protein 2
217973_at	0.16093872	8.70e-02	1.8107186	-5.12578	0.16044077	DCXR	dicarbonyl and L-xylulose reductase
207916_at	0.16096009	8.70e-02	-1.810532	-5.12608	-0.07863021		
206089_at	0.16098465	8.71e-02	-1.8103347	-5.12639	-0.07672859	NELL1	neural EGFL like 1
207663_x_at	0.16104926	8.71e-02	-1.8100027	-5.12692	-0.10717475	GAGE3	G antigen 3
210800_at	0.16106484	8.72e-02	-1.8097963	-5.12724	-0.1072033	TIMM8A	translocase of inner mitochondrial membrane 8 homolog A (yeast)
221239_s_at	0.16106484	8.72e-02	-1.8097212	-5.12736	-0.07487758	FCRL2	Fc receptor like 2
207394_at	0.16113061	8.72e-02	1.8093853	-5.12789	0.12983683	ZNF137P	zinc finger protein 137, pseudogene
213621_s_at	0.16131441	8.73e-02	-1.8086528	-5.12906	-0.09930166	GUK1	guanylate kinase 1
207069_s_at	0.16134453	8.74e-02	-1.808437	-5.1294	-0.08016794	SMAD6	SMAD family member 6
40359_at	0.16140701	8.74e-02	1.8081126	-5.12991	0.0798326	RASSF7	Ras association domain family member 7
201526_at	0.16147099	8.75e-02	1.8077832	-5.13044	0.14234168	ARF5	ADP ribosylation factor 5
222019_at	0.16147712	8.75e-02	1.8076482	-5.13065	0.10407633	MIR6834///PFDN6	microRNA 6834///prefoldin subunit 6
204910_s_at	0.16156183	8.76e-02	-1.8072445	-5.13129	-0.08364033	TRIM3	tripartite motif containing 3
208909_at	0.16156183	8.76e-02	1.807135	-5.13146	0.19487482	UQCRFS1	ubiquinol-cytochrome c reductase, Rieske iron-sulfur polypeptide 1
207184_at	0.16166463	8.77e-02	-1.8066756	-5.13219	-0.07754142	SLC6A13	solute carrier family 6 member 13
208482_at	0.16172839	8.77e-02	-1.8063473	-5.13271	-0.08119319	SSTR1	somatostatin receptor 1
221748_s_at	0.16178952	8.78e-02	-1.8060279	-5.13322	-0.14477375	TNS1	tensin 1
209765_at	0.16186992	8.78e-02	-1.8056072	-5.13388	-0.09822556	ADAM19	ADAM metallopeptidase domain 19
205645_at	0.16186992	8.78e-02	-1.8055297	-5.13401	-0.07061353	REPS2	RALBP1 associated Eps domain containing 2
204836_at	0.16188755	8.79e-02	-1.8053563	-5.13428	-0.06307335	GLDC	glycine decarboxylase
207317_s_at	0.16191669	8.79e-02	-1.8051443	-5.13462	-0.06091183	CASQ2	calsequestrin 2
212082_s_at	0.16236653	8.82e-02	-1.8035118	-5.1372	-0.14592842	MYL6	myosin light chain 6
220653_at	0.16236653	8.82e-02	-1.80341	-5.13736	-0.0642852	ZIM2///PEG3	zinc finger imprinted 2///paternally expressed 3
206378_at	0.16239474	8.82e-02	-1.8032015	-5.13769	-0.09589714	SCGB2A2	secretoglobin family 2A member 2
206610_s_at	0.1626137	8.84e-02	-1.8023556	-5.13903	-0.06262079	F11	coagulation factor XI
205914_s_at	0.16281393	8.85e-02	1.8015732	-5.14027	0.07582544	GRIN1	glutamate ionotropic receptor NMDA type subunit 1
204586_at	0.16336362	8.88e-02	-1.7996281	-5.14334	-0.07990425	BSN	bassoon presynaptic cytomatrix protein
202486_at	0.16356914	8.89e-02	1.7988307	-5.1446	0.1048573	AFG3L2	AFG3 like matrix AAA peptidase subunit 2
202839_s_at	0.16365382	8.90e-02	1.7984351	-5.14523	0.13577545	NDUFB7	NADH:ubiquinone oxidoreductase subunit B7
200800_s_at	0.16379517	8.91e-02	1.7978082	-5.14622	0.40054568	HSPA1L///HSPA1B///HSPA1A	heat shock protein family A (Hsp70) member 1 like///heat shock protein family A (Hsp70) member 1B///heat shock protein family A (Hsp70) member 1A
207780_at	0.16379517	8.91e-02	-1.7977374	-5.14633	-0.0680295	CYLC2	cylicin 2
211320_s_at	0.16403797	8.93e-02	-1.7968179	-5.14778	-0.08166725	PTPRU	protein tyrosine phosphatase, receptor type U
202165_at	0.16409781	8.93e-02	1.7965054	-5.14827	0.15212485	PPP1R2	protein phosphatase 1 regulatory inhibitor subunit 2
200839_s_at	0.16410327	8.93e-02	-1.7963731	-5.14848	-0.34587035	CTSB	cathepsin B
210367_s_at	0.16412664	8.94e-02	-1.7961815	-5.14879	-0.09149007	PTGES	prostaglandin E synthase
214632_at	0.16413343	8.94e-02	-1.7960448	-5.149	-0.08312442	NRP2	neuropilin 2
220805_at	0.16415356	8.94e-02	-1.7958573	-5.1493	-0.05964737	HRH2	histamine receptor H2
203461_at	0.16415356	8.94e-02	-1.7957498	-5.14947	-0.06263696	CHD2	chromodomain helicase DNA binding protein 2
201262_s_at	0.16428292	8.95e-02	1.7952073	-5.15032	0.05748721	BGN	biglycan
213897_s_at	0.16450079	8.97e-02	1.7943723	-5.15164	0.15277689	MRPL23	mitochondrial ribosomal protein L23
203820_s_at	0.16458681	8.97e-02	1.7939738	-5.15227	0.08725231	IGF2BP3	insulin like growth factor 2 mRNA binding protein 3
211302_s_at	0.16477898	8.99e-02	-1.7932248	-5.15345	-0.59573094	PDE4B	phosphodiesterase 4B
211516_at	0.1648016	8.99e-02	-1.7930361	-5.15375	-0.07613725	IL5RA	interleukin 5 receptor subunit alpha
204478_s_at	0.16487385	8.99e-02	1.7926835	-5.1543	0.07186419	RABIF	RAB interacting factor
206595_at	0.16498688	9.00e-02	-1.7921965	-5.15507	-0.08471719	CST6	cystatin E/M
208636_at	0.1651482	9.01e-02	1.7915505	-5.15609	0.17594715	ACTN1	actinin alpha 1
206790_s_at	0.1654001	9.03e-02	1.7905832	-5.15761	0.15771923	NDUFB1	NADH:ubiquinone oxidoreductase subunit B1
220799_at	0.1654001	9.03e-02	-1.7904927	-5.15775	-0.08661106	GCM2	glial cells missing homolog 2
221246_x_at	0.16540158	9.03e-02	-1.7903738	-5.15794	-0.06810576	TNS1	tensin 1
206812_at	0.16543914	9.04e-02	-1.7901362	-5.15832	-0.08016004	ADRB3	adrenoceptor beta 3
206425_s_at	0.165655	9.05e-02	-1.7893121	-5.15961	-0.08511125	TRPC3	transient receptor potential cation channel subfamily C member 3
219391_at	0.16586796	9.06e-02	-1.7884984	-5.16089	-0.08896347	BPNT1	3'(2'), 5'-bisphosphate nucleotidase 1
206641_at	0.16603189	9.07e-02	-1.7878463	-5.16192	-0.06948644	TNFRSF17	TNF receptor superfamily member 17
218847_at	0.16609389	9.08e-02	-1.7874297	-5.16257	-0.39737885	IGF2BP2	insulin like growth factor 2 mRNA binding protein 2
40284_at	0.16609389	9.08e-02	-1.7873926	-5.16263	-0.05422565	FOXA2	forkhead box A2
219684_at	0.16609389	9.09e-02	-1.7871923	-5.16295	-0.16636117	RTP4	receptor transporter protein 4
216881_x_at	0.16609389	9.09e-02	-1.7871472	-5.16302	-0.10571129	PRB4	proline rich protein BstNI subfamily 4
221106_at	0.16609389	9.09e-02	-1.7870732	-5.16314	-0.07938673	SLC22A17	solute carrier family 22 member 17
206563_s_at	0.16614872	9.09e-02	-1.7867795	-5.1636	-0.08339219	OPRL1	opioid related nociceptin receptor 1
208533_at	0.16638799	9.11e-02	-1.7858814	-5.16501	-0.06989427	SOX1	SRY-box 1
210304_at	0.16639022	9.11e-02	1.7857602	-5.1652	0.08291768	PDE6B	phosphodiesterase 6B
221383_at	0.16639897	9.11e-02	-1.7856177	-5.16542	-0.09434543	NMUR1	neuromedin U receptor 1
202806_at	0.16654168	9.12e-02	1.7850366	-5.16634	0.10343268	DBN1	drebrin 1
203201_at	0.16735926	9.17e-02	1.7821398	-5.17089	0.10062528	PMM2	phosphomannomutase 2
205896_at	0.16735926	9.17e-02	-1.7819647	-5.17116	-0.14868322	SLC22A4	solute carrier family 22 member 4
205611_at	0.16735926	9.17e-02	-1.7819369	-5.17121	-0.08180366	TNFSF12-TNFSF13///TNFSF12	TNFSF12-TNFSF13 readthrough///tumor necrosis factor superfamily member 12
208575_at	0.16735926	9.17e-02	-1.7819106	-5.17125	-0.08019207	HIST1H3A	histone cluster 1, H3a
210229_s_at	0.16736076	9.18e-02	-1.7816843	-5.1716	-0.06958095	CSF2	colony stimulating factor 2
205503_at	0.16736076	9.18e-02	-1.7816782	-5.17161	-0.08271833	PTPN14	protein tyrosine phosphatase, non-receptor type 14
209071_s_at	0.16761968	9.19e-02	-1.7807209	-5.17311	-0.074764	RGS5	regulator of G-protein signaling 5
204103_at	0.16785648	9.21e-02	-1.7798366	-5.1745	-0.15751123	CCL4	C-C motif chemokine ligand 4
205549_at	0.16807234	9.22e-02	-1.7789888	-5.17583	-0.07365022	PCP4	Purkinje cell protein 4
208176_at	0.16807234	9.22e-02	-1.7789076	-5.17596	-0.08681981	DUX1	double homeobox 1
206247_at	0.16808284	9.23e-02	1.7787598	-5.17619	0.11469032	MICB	MHC class I polypeptide-related sequence B
34478_at	0.16813489	9.23e-02	1.778477	-5.17663	0.11234018	RAB11B	RAB11B, member RAS oncogene family
221218_s_at	0.16823054	9.24e-02	-1.7780528	-5.1773	-0.11003755	TPK1	thiamin pyrophosphokinase 1
204051_s_at	0.16829833	9.24e-02	-1.7777191	-5.17782	-0.06879678	SFRP4	secreted frizzled related protein 4
219257_s_at	0.1685585	9.26e-02	1.7767617	-5.17932	0.09246653	SPHK1	sphingosine kinase 1
206310_at	0.16882734	9.28e-02	-1.7756952	-5.18099	-0.43872398	SPINK2	serine peptidase inhibitor, Kazal type 2
201884_at	0.16882734	9.28e-02	-1.7756638	-5.18104	-0.07403267	CEACAM5	carcinoembryonic antigen related cell adhesion molecule 5
200089_s_at	0.16909477	9.30e-02	-1.7746853	-5.18257	-0.13449888	SNORD18C///SNORD18B///SNORD18A///SNORD16///RPL4	small nucleolar RNA, C/D box 18C///small nucleolar RNA, C/D box 18B///small nucleolar RNA, C/D box 18A///small nucleolar RNA, C/D box 16///ribosomal protein L4
202450_s_at	0.16975355	9.33e-02	-1.7724461	-5.18607	-0.08357254	CTSK	cathepsin K
205302_at	0.1699733	9.35e-02	1.771625	-5.18736	0.08003803	IGFBP1	insulin like growth factor binding protein 1
207929_at	0.17022793	9.36e-02	-1.7706925	-5.18881	-0.08319509	GRPR	gastrin releasing peptide receptor
201353_s_at	0.17038413	9.37e-02	-1.7700771	-5.18978	-0.1208427	BAZ2A	bromodomain adjacent to zinc finger domain 2A
202263_at	0.1711034	9.42e-02	1.767658	-5.19355	0.12419071	CYB5R1	cytochrome b5 reductase 1
207106_s_at	0.1711746	9.42e-02	1.7673166	-5.19409	0.1146648	LTK	leukocyte receptor tyrosine kinase
219500_at	0.17152798	9.44e-02	-1.7660183	-5.19611	-0.06790825	CLCF1	cardiotrophin-like cytokine factor 1
208524_at	0.17152798	9.45e-02	-1.76596	-5.1962	-0.06273796	GPR15	G protein-coupled receptor 15
207814_at	0.17163964	9.45e-02	-1.7654898	-5.19694	-0.08811837	DEFA6	defensin alpha 6
221561_at	0.17170004	9.46e-02	1.7651835	-5.19741	0.09417863	SOAT1	sterol O-acyltransferase 1
206120_at	0.17187002	9.47e-02	1.7645278	-5.19844	0.23690179	CD33	CD33 molecule
218357_s_at	0.1719901	9.48e-02	1.7640315	-5.19921	0.16138805	TIMM8B	translocase of inner mitochondrial membrane 8 homolog B
220508_at	0.17204098	9.48e-02	-1.7637558	-5.19964	-0.0690774	CCT8L2	chaperonin containing TCP1 subunit 8 like 2
207400_at	0.17239424	9.50e-02	-1.762518	-5.20157	-0.09173873	NPY5R	neuropeptide Y receptor Y5
213030_s_at	0.17251675	9.51e-02	-1.762015	-5.20235	-0.08925983	PLXNA2	plexin A2
207236_at	0.17278928	9.53e-02	1.7610242	-5.20389	0.10790222	ZNF345	zinc finger protein 345
214911_s_at	0.17278928	9.53e-02	1.760846	-5.20417	0.23447857	BRD2	bromodomain containing 2
206281_at	0.17278928	9.53e-02	-1.7608088	-5.20423	-0.06715262	ADCYAP1	adenylate cyclase activating polypeptide 1
206151_x_at	0.17331404	9.57e-02	-1.7590321	-5.20699	-0.07226004	CELA3B	chymotrypsin like elastase family member 3B
201380_at	0.17338494	9.57e-02	1.7586941	-5.20752	0.11334264	CRTAP	cartilage associated protein
206585_at	0.17347148	9.58e-02	-1.7583068	-5.20812	-0.07496589	MKRN3	makorin ring finger protein 3
204029_at	0.17363201	9.59e-02	-1.7576799	-5.2091	-0.08701433	CELSR2	cadherin EGF LAG seven-pass G-type receptor 2
208427_s_at	0.17363201	9.59e-02	-1.7575721	-5.20926	-0.07703807	ELAVL2	ELAV like neuron-specific RNA binding protein 2
213287_s_at	0.17380256	9.60e-02	1.7569197	-5.21028	0.19485836	KRT10	keratin 10
221117_at	0.17382355	9.61e-02	-1.7566295	-5.21073	-0.08363353		
203162_s_at	0.17382355	9.61e-02	1.7566263	-5.21073	0.11634308	KATNB1	katanin regulatory subunit B1
214615_at	0.17392919	9.62e-02	-1.7561441	-5.21148	-0.08671977	P2RY10	purinergic receptor P2Y10
205983_at	0.17392919	9.62e-02	-1.7559737	-5.21175	-0.0557847	DPEP1	dipeptidase 1 (renal)
205588_s_at	0.17392919	9.62e-02	1.7559083	-5.21185	0.12584839	FGFR1OP	FGFR1 oncogene partner
207258_at	0.17392919	9.62e-02	-1.7558388	-5.21196	-0.07128839	DSCR4	Down syndrome critical region 4
222238_s_at	0.17399448	9.63e-02	1.7555193	-5.21245	0.0828924	POLM	DNA polymerase mu
205743_at	0.17405517	9.63e-02	1.75517	-5.213	0.13898399	STAC	SH3 and cysteine rich domain
219401_at	0.17405517	9.64e-02	-1.754932	-5.21337	-0.08591861	XYLT2	xylosyltransferase 2
204099_at	0.17405517	9.64e-02	-1.7549051	-5.21341	-0.13664133	SMARCD3	SWI/SNF related, matrix associated, actin dependent regulator of chromatin, subfamily d, member 3
205747_at	0.17405517	9.64e-02	1.7548742	-5.21346	0.077298	CBLN1	cerebellin 1 precursor
220561_at	0.17408624	9.64e-02	-1.7546628	-5.21378	-0.0608967	IGF2-AS	IGF2 antisense RNA
220745_at	0.17431919	9.66e-02	-1.7538151	-5.2151	-0.06031771	IL19	interleukin 19
208586_s_at	0.17433401	9.66e-02	-1.7536551	-5.21535	-0.10628474	SSX4B///SSX4	SSX family member 4B///SSX family member 4
209531_at	0.17439525	9.66e-02	1.7533489	-5.21582	0.11299968	GSTZ1	glutathione S-transferase zeta 1
218623_at	0.17441916	9.67e-02	-1.7531602	-5.21612	-0.08674759	HMP19	HMP19 protein
206175_x_at	0.17462925	9.68e-02	1.7523856	-5.21732	0.10689319	ZNF222	zinc finger protein 222
214184_at	0.17471646	9.69e-02	-1.751998	-5.21792	-0.07891093	NPFF	neuropeptide FF-amide peptide precursor
202082_s_at	0.17537668	9.73e-02	1.7498118	-5.22131	0.10761471	SEC14L1	SEC14 like lipid binding 1
208360_s_at	0.17539112	9.73e-02	-1.7496532	-5.22156	-0.07992163	ERVH-4	endogenous retrovirus group H member 4
207609_s_at	0.17554154	9.74e-02	-1.7490686	-5.22246	-0.06524699	CYP1A2	cytochrome P450 family 1 subfamily A member 2
211475_s_at	0.17566269	9.75e-02	1.7485759	-5.22322	0.17467728	BAG1	BCL2 associated athanogene 1
214564_s_at	0.17576111	9.76e-02	-1.7481327	-5.22391	-0.06535126	PCDHGC3	protocadherin gamma subfamily C, 3
204881_s_at	0.17576111	9.76e-02	-1.7480098	-5.2241	-0.36257657	UGCG	UDP-glucose ceramide glucosyltransferase
201770_at	0.17576111	9.76e-02	1.7479248	-5.22423	0.15366448	SNRPA	small nuclear ribonucleoprotein polypeptide A
206998_x_at	0.17576111	9.76e-02	-1.7477979	-5.22443	-0.10313359	PRB3	proline rich protein BstNI subfamily 3
207877_s_at	0.17576111	9.76e-02	1.7477016	-5.22458	0.08085214	NVL	nuclear VCP-like
217848_s_at	0.17576564	9.77e-02	1.7475743	-5.22478	0.23052741	PPA1	pyrophosphatase (inorganic) 1
220998_s_at	0.17577914	9.77e-02	-1.7474188	-5.22502	-0.09208012	UNC93B1	unc-93 homolog B1 (C. elegans)
209657_s_at	0.17582381	9.77e-02	1.7471659	-5.22541	0.16223705	HSF2	heat shock transcription factor 2
211479_s_at	0.17614888	9.79e-02	-1.7460365	-5.22716	-0.08357928	HTR2C	5-hydroxytryptamine receptor 2C
214199_at	0.17647053	9.81e-02	-1.7449194	-5.22888	-0.06851147	SFTPD	surfactant protein D
209030_s_at	0.17656404	9.82e-02	-1.7444865	-5.22955	-0.07559476	CADM1	cell adhesion molecule 1
207150_at	0.17656404	9.82e-02	-1.7444015	-5.22968	-0.06215774	SLC18A3	solute carrier family 18 member A3
204969_s_at	0.17675688	9.84e-02	1.7436875	-5.23079	0.08217016	RDX	radixin
208164_s_at	0.17704134	9.85e-02	-1.7426889	-5.23233	-0.0599135	IL9R	interleukin 9 receptor
202718_at	0.17709279	9.86e-02	1.7424158	-5.23275	0.55053908	IGFBP2	insulin like growth factor binding protein 2
205251_at	0.17710548	9.86e-02	1.7422632	-5.23299	0.12344023	PER2	period circadian clock 2
202535_at	0.17734859	9.88e-02	1.7413945	-5.23433	0.20522782	FADD	Fas associated via death domain
200063_s_at	0.17740003	9.88e-02	-1.7410895	-5.2348	-0.13785351	NPM1	nucleophosmin
214482_at	0.17740003	9.89e-02	1.7407732	-5.23529	0.09544976	ZBTB25	zinc finger and BTB domain containing 25
203402_at	0.17740003	9.89e-02	-1.7407654	-5.2353	-0.13989605	KCNAB2	potassium voltage-gated channel subfamily A regulatory beta subunit 2
207379_at	0.17740003	9.89e-02	1.7405832	-5.23558	0.06659308	EDIL3	EGF like repeats and discoidin domains 3
205760_s_at	0.17740003	9.89e-02	1.7405616	-5.23562	0.10997054	OGG1	8-oxoguanine DNA glycosylase
203455_s_at	0.17740003	9.89e-02	1.7405566	-5.23563	0.20892445	SAT1	spermidine/spermine N1-acetyltransferase 1
210534_s_at	0.17769044	9.91e-02	1.7395422	-5.23719	0.15051499	B9D1	B9 domain containing 1
213260_at	0.17805055	9.93e-02	-1.7383133	-5.23909	-0.09646845	FOXC1	forkhead box C1
203054_s_at	0.17808912	9.94e-02	1.7379855	-5.23959	0.12186697	TCTA	T-cell leukemia translocation altered
205239_at	0.17808912	9.94e-02	-1.737968	-5.23962	-0.92110536	AREG	amphiregulin
207985_at	0.17817556	9.95e-02	-1.7375875	-5.24021	-0.09474369		
207631_at	0.17833595	9.96e-02	-1.736915	-5.24124	-0.08820862	NBR2	neighbor of BRCA1 gene 2 (non-protein coding)
205596_s_at	0.17833595	9.96e-02	-1.7368655	-5.24132	-0.14632064	SMURF2	SMAD specific E3 ubiquitin protein ligase 2
202722_s_at	0.17840037	9.96e-02	1.7365534	-5.2418	0.12901079	GFPT1	glutamine--fructose-6-phosphate transaminase 1
210181_s_at	0.17847432	9.97e-02	-1.7362119	-5.24233	-0.08433229	CABP1	calcium binding protein 1
202215_s_at	0.17882277	9.99e-02	1.7349244	-5.24431	0.14039239	NFYC	nuclear transcription factor Y subunit gamma
219729_at	0.17882277	9.99e-02	-1.7349101	-5.24433	-0.07829596	PRRX2	paired related homeobox 2
206354_at	0.178912	1.00e-01	-1.734522	-5.24493	-0.07329808	SLCO1B3	solute carrier organic anion transporter family member 1B3
207676_at	0.17902495	1.00e-01	-1.7339937	-5.24574	-0.09115915	ONECUT2	one cut homeobox 2
220487_at	0.17902495	1.00e-01	-1.733948	-5.24582	-0.07360416	SNTG2	syntrophin gamma 2
208549_x_at	0.1790603	1.00e-01	1.7335958	-5.24636	0.1906064	PTMA	prothymosin, alpha
207872_s_at	0.1790603	1.00e-01	-1.7335811	-5.24638	-0.07215203	LILRA1	leukocyte immunoglobulin like receptor A1
200866_s_at	0.1790603	1.00e-01	1.7335007	-5.2465	0.28047528	PSAP	prosaposin
212858_at	0.17912924	1.00e-01	-1.7331754	-5.247	-0.1043086	PAQR4	progestin and adipoQ receptor family member 4
207239_s_at	0.17916855	1.00e-01	1.7329415	-5.24736	0.11775067	CDK16	cyclin dependent kinase 16
206745_at	0.17936584	1.00e-01	-1.7321842	-5.24853	-0.06028536	HOXC11	homeobox C11
36004_at	0.17936584	1.00e-01	1.7321085	-5.24865	0.06800347	IKBKG	inhibitor of kappa light polypeptide gene enhancer in B-cells, kinase gamma
210817_s_at	0.17946735	1.01e-01	1.7316077	-5.24942	0.22008083	CALCOCO2	calcium binding and coiled-coil domain 2
217080_s_at	0.17946735	1.01e-01	1.7315707	-5.24947	0.1259948	HOMER2	homer scaffolding protein 2
208181_at	0.17948828	1.01e-01	-1.7313936	-5.24975	-0.07359693	HIST2H4B///HIST4H4///HIST2H4A///HIST1H4L///HIST1H4E///HIST1H4B///HIST1H4H///HIST1H4C///HIST1H4J///HIST1H4K///HIST1H4F///HIST1H4D///HIST1H4A///HIST1H4I	histone cluster 2, H4b///histone cluster 4, H4///histone cluster 2, H4a///histone cluster 1, H4l///histone cluster 1, H4e///histone cluster 1, H4b///histone cluster 1, H4h///histone cluster 1, H4c///histone cluster 1, H4j///histone cluster 1, H4k///histone cluster 1, H4f///histone cluster 1, H4d///histone cluster 1, H4a///histone cluster 1, H4i
210558_at	0.17987256	1.01e-01	-1.7300997	-5.25174	-0.0626598	AKR1C4	aldo-keto reductase family 1, member C4
213708_s_at	0.18006857	1.01e-01	1.7293854	-5.25283	0.09896141	MLX	MLX, MAX dimerization protein
221304_at	0.18010715	1.01e-01	1.7291544	-5.25319	0.07957883	UGT1A3///UGT1A1///UGT1A9///UGT1A5///UGT1A8	UDP glucuronosyltransferase family 1 member A3///UDP glucuronosyltransferase family 1 member A1///UDP glucuronosyltransferase family 1 member A9///UDP glucuronosyltransferase family 1 member A5///UDP glucuronosyltransferase family 1 member A8
221221_s_at	0.18013377	1.01e-01	-1.72896	-5.25349	-0.09336078	KLHL3	kelch like family member 3
208365_s_at	0.18048648	1.01e-01	-1.7277664	-5.25532	-0.07540388	GRK4	G protein-coupled receptor kinase 4
203611_at	0.18067438	1.01e-01	1.7270786	-5.25638	0.2611865	TERF2	telomeric repeat binding factor 2
208881_x_at	0.18072732	1.01e-01	1.7268039	-5.2568	0.17074941	IDI1	isopentenyl-diphosphate delta isomerase 1
202449_s_at	0.18104259	1.02e-01	-1.7257261	-5.25845	-0.11835257	RXRA	retinoid X receptor alpha
204905_s_at	0.18104259	1.02e-01	1.725615	-5.25862	0.18776066	EEF1E1	eukaryotic translation elongation factor 1 epsilon 1
205286_at	0.18115987	1.02e-01	-1.7251095	-5.2594	-0.09742197	TFAP2C	transcription factor AP-2 gamma
202149_at	0.18115987	1.02e-01	-1.7250316	-5.25952	-0.1071819	NEDD9	neural precursor cell expressed, developmentally down-regulated 9
208949_s_at	0.18132626	1.02e-01	-1.7244112	-5.26047	-0.24892143	LGALS3	lectin, galactoside binding soluble 3
203240_at	0.18146311	1.02e-01	-1.7238813	-5.26128	-0.0823131	FCGBP	Fc fragment of IgG binding protein
206417_at	0.18163422	1.02e-01	-1.7232472	-5.26226	-0.09067001	CNGA1	cyclic nucleotide gated channel alpha 1
201496_x_at	0.18168723	1.02e-01	-1.7229732	-5.26268	-0.06838542	MYH11	myosin heavy chain 11
206446_s_at	0.18179604	1.02e-01	-1.7225293	-5.26336	-0.07867651	CELA2A///CELA2B	chymotrypsin like elastase family member 2A///chymotrypsin like elastase family member 2B
222162_s_at	0.18194471	1.02e-01	1.7219643	-5.26422	0.16283764	ADAMTS1	ADAM metallopeptidase with thrombospondin type 1 motif 1
206753_at	0.18221821	1.02e-01	-1.7210203	-5.26567	-0.0807591	RDH16	retinol dehydrogenase 16 (all-trans)
205175_s_at	0.1824347	1.03e-01	-1.7200963	-5.26708	-0.07747418	KHK	ketohexokinase
221415_s_at	0.1824347	1.03e-01	-1.7200468	-5.26716	-0.05353661	GJA9-MYCBP///GJA9///MYCBP	GJA9-MYCBP readthrough///gap junction protein alpha 9///MYC binding protein
213743_at	0.1824347	1.03e-01	1.7199591	-5.26729	0.15535928	CCNT2	cyclin T2
216917_s_at	0.1824347	1.03e-01	-1.7198863	-5.26741	-0.07955183	SYCP1	synaptonemal complex protein 1
205883_at	0.1824347	1.03e-01	1.7198003	-5.26754	0.20352382	ZBTB16	zinc finger and BTB domain containing 16
207031_at	0.18250225	1.03e-01	-1.7194828	-5.26802	-0.11024857	NKX3-2	NK3 homeobox 2
220366_at	0.18284502	1.03e-01	-1.718331	-5.26979	-0.06887752	ELSPBP1	epididymal sperm binding protein 1
206331_at	0.18287649	1.03e-01	1.7180122	-5.27027	0.10900818	CALCRL	calcitonin receptor like receptor
208203_x_at	0.18287649	1.03e-01	-1.7180108	-5.27028	-0.05690509	KIR2DS5	killer cell immunoglobulin like receptor, two Ig domains and short cytoplasmic tail 5
207778_at	0.18295639	1.03e-01	-1.7176563	-5.27082	-0.04779781	REG1CP	regenerating family member 1 gamma, pseudogene
221073_s_at	0.1832687	1.03e-01	1.7165987	-5.27244	0.07231181	NOD1	nucleotide binding oligomerization domain containing 1
219165_at	0.18337868	1.03e-01	1.7161538	-5.27312	0.12974839	PDLIM2	PDZ and LIM domain 2
217293_at	0.18351237	1.03e-01	-1.7156374	-5.2739	-0.05691377		
209649_at	0.18356884	1.04e-01	1.7152512	-5.27449	0.13804275	STAM2	signal transducing adaptor molecule 2
207151_at	0.18356884	1.04e-01	-1.7152421	-5.27451	-0.04819005	ADCYAP1R1	ADCYAP receptor type I
207152_at	0.18394104	1.04e-01	-1.7140066	-5.2764	-0.1077962	NTRK2	neurotrophic receptor tyrosine kinase 2
209619_at	0.18400348	1.04e-01	-1.713706	-5.27685	-0.43511518	CD74	CD74 molecule
212223_at	0.18411817	1.04e-01	1.713248	-5.27755	0.22805376	IDS	iduronate 2-sulfatase
206960_at	0.18432662	1.04e-01	-1.7125079	-5.27868	-0.08438592	LPAR4	lysophosphatidic acid receptor 4
200937_s_at	0.18442864	1.04e-01	-1.7120886	-5.27932	-0.14071892	RPL5///SNORD21	ribosomal protein L5///small nucleolar RNA, C/D box 21
208375_at	0.18465645	1.04e-01	-1.7112912	-5.28054	-0.07763772	IFNA1	interferon alpha 1
206521_s_at	0.18488333	1.04e-01	-1.7104974	-5.28175	-0.06859983	GTF2A1	general transcription factor IIA subunit 1
220166_at	0.18528516	1.05e-01	-1.7091797	-5.28376	-0.12328538	CNNM1	cyclin and CBS domain divalent metal cation transport mediator 1
212983_at	0.18529392	1.05e-01	1.7090411	-5.28397	0.147061	HRAS	HRas proto-oncogene, GTPase
219340_s_at	0.18553201	1.05e-01	-1.7082157	-5.28523	-0.07599064	CLN8	ceroid-lipofuscinosis, neuronal 8
208449_s_at	0.1855743	1.05e-01	-1.7079768	-5.28559	-0.10559878	FGF8	fibroblast growth factor 8
201749_at	0.18563025	1.05e-01	1.7076188	-5.28614	0.10392235	ECE1	endothelin converting enzyme 1
206334_at	0.18563025	1.05e-01	-1.7075847	-5.28619	-0.09067664	LIPF	lipase F, gastric type
205311_at	0.18572805	1.05e-01	-1.7071798	-5.28681	-0.0679089	DDC	dopa decarboxylase
203270_at	0.18581591	1.05e-01	1.7068048	-5.28738	0.12917896	DTYMK	deoxythymidylate kinase
213611_at	0.18582593	1.05e-01	-1.7066626	-5.28759	-0.05868727	AQP5	aquaporin 5
207095_at	0.18593801	1.05e-01	-1.7062153	-5.28828	-0.06832208	SLC10A2	solute carrier family 10 member 2
203709_at	0.18600936	1.05e-01	-1.7058899	-5.28877	-0.07191436	PHKG2	phosphorylase kinase catalytic subunit gamma 2
218876_at	0.18625732	1.05e-01	1.7050373	-5.29007	0.09959337	TPPP3	tubulin polymerization promoting protein family member 3
213553_x_at	0.18638852	1.06e-01	1.7045337	-5.29083	0.14590151	APOC1	apolipoprotein C1
214167_s_at	0.18645621	1.06e-01	-1.7041331	-5.29144	-0.13824428	RPLP0	ribosomal protein lateral stalk subunit P0
203880_at	0.18645621	1.06e-01	1.7041075	-5.29148	0.13079837	POPDC2///COX17	popeye domain containing 2///COX17, cytochrome c oxidase copper chaperone
218793_s_at	0.18668774	1.06e-01	-1.7033053	-5.2927	-0.11259209	SCML1	sex comb on midleg-like 1 (Drosophila)
211999_at	0.18678169	1.06e-01	-1.7029133	-5.2933	-0.23501054	MIR4738///H3F3B///H3F3A	microRNA 4738///H3 histone, family 3B///H3 histone, family 3A
206888_s_at	0.18717481	1.06e-01	-1.7016317	-5.29525	-0.12205433	ARHGDIG	Rho GDP dissociation inhibitor gamma
203156_at	0.18723035	1.06e-01	1.7013545	-5.29567	0.21010838	AKAP11	A-kinase anchoring protein 11
210297_s_at	0.18818519	1.07e-01	-1.6984112	-5.30014	-0.05766651	MSMB	microseminoprotein beta
207273_at	0.18823789	1.07e-01	1.6980771	-5.30064	0.06504306		
207086_x_at	0.18823789	1.07e-01	-1.6980309	-5.30071	-0.06299181	GAGE12D///GAGE8///GAGE12F///GAGE2A///GAGE12H///GAGE12E///GAGE12B///GAGE12C///GAGE2D///GAGE12J///GAGE12G///GAGE13///GAGE2E///GAGE12I///GAGE7///GAGE6///GAGE5///GAGE4///GAGE2C///GAGE1	G antigen 12D///G antigen 8///G antigen 12F///G antigen 2A///G antigen 12H///G antigen 12E///G antigen 12B///G antigen 12C///G antigen 2D///G antigen 12J///G antigen 12G///G antigen 13///G antigen 2E///G antigen 12I///G antigen 7///G antigen 6///G antigen 5///G antigen 4///G antigen 2C///G antigen 1
202107_s_at	0.18844594	1.07e-01	1.6973035	-5.30182	0.22250689	MCM2	minichromosome maintenance complex component 2
215091_s_at	0.18861136	1.07e-01	1.6967027	-5.30273	0.15432299	GTF3A	general transcription factor IIIA
206388_at	0.18873293	1.07e-01	-1.6961941	-5.3035	-0.07608827	PDE3A	phosphodiesterase 3A
221016_s_at	0.18873293	1.07e-01	-1.6961194	-5.30361	-0.06576244	TCF7L1	transcription factor 7 like 1
208409_at	0.18877359	1.07e-01	-1.6958872	-5.30396	-0.06324849	LOC101930602///SLC14A2	putative uncharacterized protein encoded by LINC00596-like///solute carrier family 14 member 2
207664_at	0.18895416	1.07e-01	-1.6952424	-5.30494	-0.07030249	ADAM2	ADAM metallopeptidase domain 2
205845_at	0.18914642	1.07e-01	-1.6945636	-5.30597	-0.06722643	CACNA1H	calcium voltage-gated channel subunit alpha1 H
207167_at	0.18924292	1.08e-01	-1.6941672	-5.30657	-0.05852121	CD101	CD101 molecule
38691_s_at	0.18943891	1.08e-01	1.6934781	-5.30761	0.06419854	SFTPC	surfactant protein C
209265_s_at	0.18945119	1.08e-01	1.693225	-5.308	0.17744508	METTL3	methyltransferase like 3
213587_s_at	0.18945119	1.08e-01	-1.6932178	-5.30801	-0.13963303	ATP6V0E2	ATPase H+ transporting V0 subunit e2
210980_s_at	0.1897431	1.08e-01	1.6922473	-5.30948	0.14324019	ASAH1	N-acylsphingosine amidohydrolase 1
206708_at	0.19016919	1.08e-01	-1.6908841	-5.31154	-0.07069449	FOXN2	forkhead box N2
208792_s_at	0.19025855	1.08e-01	1.69051	-5.3121	0.23174502	CLU	clusterin
206426_at	0.19070299	1.09e-01	-1.689096	-5.31424	-0.07110006	MLANA	melan-A
205850_s_at	0.19071352	1.09e-01	-1.6889531	-5.31446	-0.06803216	GABRB3	gamma-aminobutyric acid type A receptor beta3 subunit
205784_x_at	0.19086142	1.09e-01	-1.6884083	-5.31528	-0.05429002	ARVCF	armadillo repeat gene deleted in velocardiofacial syndrome
220455_at	0.19093621	1.09e-01	-1.6880776	-5.31578	-0.06509038	SLC16A8	solute carrier family 16 member 8
37796_at	0.19108731	1.09e-01	-1.6875239	-5.31662	-0.07885105	SAP25///LRCH4	Sin3A associated protein 25///leucine rich repeats and calponin homology domain containing 4
217989_at	0.19117647	1.09e-01	1.6871514	-5.31718	0.2260961	HSD17B11	hydroxysteroid 17-beta dehydrogenase 11
204449_at	0.19124542	1.09e-01	1.686838	-5.31765	0.08004894	PDCL	phosducin like
203469_s_at	0.19135619	1.09e-01	1.6864026	-5.31831	0.09275702	CDK10	cyclin dependent kinase 10
207867_at	0.19137165	1.09e-01	1.6861734	-5.31866	0.07253291	PAX4	paired box 4
220753_s_at	0.19137165	1.09e-01	-1.6861335	-5.31872	-0.11266462	CRYL1	crystallin lambda 1
207339_s_at	0.19154185	1.09e-01	-1.685525	-5.31963	-0.59277948	LTB	lymphotoxin beta
200885_at	0.19182791	1.09e-01	1.6845793	-5.32106	0.12742817	RHOC	ras homolog family member C
201533_at	0.19186674	1.09e-01	1.6843543	-5.3214	0.19174683	CTNNB1	catenin beta 1
203184_at	0.19188272	1.09e-01	-1.6841957	-5.32164	-0.20289655	FBN2	fibrillin 2
217967_s_at	0.19199394	1.10e-01	1.68376	-5.3223	0.18976003	FAM129A	family with sequence similarity 129 member A
200081_s_at	0.1920965	1.10e-01	-1.6833496	-5.32292	-0.10727827	RPS6	ribosomal protein S6
209510_at	0.19224996	1.10e-01	1.6827826	-5.32377	0.21170713	RNF139	ring finger protein 139
206000_at	0.19224996	1.10e-01	-1.6826794	-5.32393	-0.0830251	MEP1A	meprin A subunit alpha
200913_at	0.19234928	1.10e-01	1.6822788	-5.32453	0.16960668	PPM1G	protein phosphatase, Mg2+/Mn2+ dependent 1G
218498_s_at	0.1924751	1.10e-01	1.6818013	-5.32525	0.09584163	ERO1A	endoplasmic reticulum oxidoreductase 1 alpha
219497_s_at	0.19283917	1.10e-01	-1.6806289	-5.32701	-0.27596364	BCL11A	B-cell CLL/lymphoma 11A
201473_at	0.19283917	1.10e-01	-1.6805208	-5.32718	-0.29259962	JUNB	JunB proto-oncogene, AP-1 transcription factor subunit
207569_at	0.19305702	1.10e-01	-1.6797774	-5.3283	-0.06501341	ROS1	ROS proto-oncogene 1, receptor tyrosine kinase
220831_at	0.19322901	1.10e-01	-1.6791674	-5.32921	-0.06940436	GCNT4	glucosaminyl (N-acetyl) transferase 4, core 2
209473_at	0.1933035	1.11e-01	-1.6788399	-5.32971	-0.070541	ENTPD1	ectonucleoside triphosphate diphosphohydrolase 1
212876_at	0.19351408	1.11e-01	1.6781187	-5.33079	0.05465898	B4GALT4	beta-1,4-galactosyltransferase 4
206046_at	0.19356096	1.11e-01	-1.6778713	-5.33116	-0.05725366	ADAM23	ADAM metallopeptidase domain 23
207861_at	0.19363708	1.11e-01	-1.6775394	-5.33166	-0.08352318	CCL22	C-C motif chemokine ligand 22
200621_at	0.19376267	1.11e-01	1.6770647	-5.33238	0.12238424	CSRP1	cysteine and glycine rich protein 1
204092_s_at	0.19381756	1.11e-01	1.6767943	-5.33278	0.18953989	AURKA	aurora kinase A
200936_at	0.1938835	1.11e-01	-1.6764921	-5.33324	-0.13985177	RPL8	ribosomal protein L8
201242_s_at	0.19393495	1.11e-01	1.6762317	-5.33363	0.34564887	ATP1B1	ATPase Na+/K+ transporting subunit beta 1
219212_at	0.193976	1.11e-01	1.6760015	-5.33398	0.18466787	HSPA14	heat shock protein family A (Hsp70) member 14
32137_at	0.19400519	1.11e-01	-1.6757619	-5.33434	-0.06357373	JAG2	jagged 2
220483_s_at	0.19400519	1.11e-01	1.6756937	-5.33444	0.07150252	RNF19A	ring finger protein 19A, RBR E3 ubiquitin protein ligase
218158_s_at	0.19404899	1.11e-01	1.6754556	-5.3348	0.15056601	APPL1	adaptor protein, phosphotyrosine interacting with PH domain and leucine zipper 1
217913_at	0.19412725	1.11e-01	1.675118	-5.3353	0.1293517	VPS4A	vacuolar protein sorting 4 homolog A
204973_at	0.1944895	1.12e-01	-1.6739621	-5.33704	-0.07718396	GJB1	gap junction protein beta 1
205349_at	0.19465685	1.12e-01	1.6733685	-5.33793	0.22029399	GNA15	G protein subunit alpha 15
209367_at	0.19470443	1.12e-01	1.6731198	-5.3383	0.19009362	STXBP2	syntaxin binding protein 2
218084_x_at	0.19493543	1.12e-01	-1.6723437	-5.33947	-0.16697813	FXYD5	FXYD domain containing ion transport regulator 5
208401_s_at	0.19497538	1.12e-01	1.6721171	-5.33981	0.08600686	GLP1R	glucagon like peptide 1 receptor
219983_at	0.1949799	1.12e-01	1.6719925	-5.34	0.15912752	HRASLS	HRAS like suppressor
201193_at	0.19518843	1.12e-01	1.6712816	-5.34106	0.22697689	IDH1	isocitrate dehydrogenase (NADP(+)) 1, cytosolic
208552_at	0.19524371	1.12e-01	-1.6710112	-5.34147	-0.08204429	GRIK4	glutamate ionotropic receptor kainate type subunit 4
220688_s_at	0.1954678	1.12e-01	1.6702564	-5.3426	0.13864099	MRTO4	MRT4 homolog, ribosome maturation factor
211371_at	0.19547623	1.12e-01	-1.6701206	-5.3428	-0.0583152	MAP2K5	mitogen-activated protein kinase kinase 5
200064_at	0.19571849	1.12e-01	1.6693143	-5.34401	0.17886091	HSP90AB1	heat shock protein 90 alpha family class B member 1
203965_at	0.19574352	1.12e-01	1.669131	-5.34429	0.22531824	USP20	ubiquitin specific peptidase 20
202517_at	0.19575776	1.13e-01	-1.6689786	-5.34451	-0.10564044	CRMP1	collapsin response mediator protein 1
206536_s_at	0.19583161	1.13e-01	1.6686554	-5.345	0.08213677	XIAP	X-linked inhibitor of apoptosis
214522_x_at	0.19595287	1.13e-01	-1.6681682	-5.34573	-0.0958673	HIST1H3D///HIST1H2AD	histone cluster 1, H3d///histone cluster 1, H2ad
205226_at	0.19595287	1.13e-01	-1.668085	-5.34585	-0.06870555	PDGFRL	platelet derived growth factor receptor like
219273_at	0.19657926	1.13e-01	-1.6661823	-5.3487	-0.05566958	CCNK	cyclin K
206210_s_at	0.19666922	1.13e-01	-1.6658139	-5.34925	-0.13967023	CETP	cholesteryl ester transfer protein
219439_at	0.19671459	1.13e-01	1.6655728	-5.34961	0.13842395	C1GALT1	core 1 synthase, glycoprotein-N-acetylgalactosamine 3-beta-galactosyltransferase 1
207962_at	0.19694148	1.13e-01	1.664814	-5.35075	0.09712377	CAPN11	calpain 11
207859_s_at	0.1971188	1.13e-01	-1.6641971	-5.35167	-0.06404265	CHRNB3	cholinergic receptor nicotinic beta 3 subunit
221093_at	0.19754401	1.14e-01	-1.6628751	-5.35365	-0.06397108	BRD7P3	bromodomain containing 7 pseudogene 3
32128_at	0.19759613	1.14e-01	-1.6626153	-5.35403	-0.19949408	CCL18	C-C motif chemokine ligand 18
222223_s_at	0.19795632	1.14e-01	-1.6614589	-5.35576	-0.07843512	IL36RN	interleukin 36 receptor antagonist
206361_at	0.19795632	1.14e-01	1.6613688	-5.3559	0.09005209	PTGDR2	prostaglandin D2 receptor 2
221989_at	0.19796718	1.14e-01	-1.6612264	-5.35611	-0.24807738	SNORA70///RPL10	small nucleolar RNA, H/ACA box 70///ribosomal protein L10
203400_s_at	0.19812847	1.14e-01	-1.6605623	-5.3571	-0.07394008	TF	transferrin
220343_at	0.19812847	1.14e-01	-1.6605456	-5.35712	-0.08500638	PDE7B	phosphodiesterase 7B
202768_at	0.1982253	1.14e-01	-1.6601594	-5.3577	-0.63441663	FOSB	FosB proto-oncogene, AP-1 transcription factor subunit
202001_s_at	0.19831842	1.14e-01	1.6597838	-5.35826	0.16503803	NDUFA6	NADH:ubiquinone oxidoreductase subunit A6
205903_s_at	0.19838159	1.14e-01	-1.6594514	-5.35876	-0.0722247	KCNN3	potassium calcium-activated channel subfamily N member 3
213654_at	0.19838159	1.14e-01	1.6593818	-5.35886	0.09385362	TAF5L	TATA-box binding protein associated factor 5 like
221161_at	0.19838277	1.14e-01	-1.6592671	-5.35903	-0.09033134	ASCL3	achaete-scute family bHLH transcription factor 3
207619_at	0.19853173	1.15e-01	-1.6587335	-5.35983	-0.07301607	HCRTR1	hypocretin receptor 1
201897_s_at	0.19877466	1.15e-01	1.6579342	-5.36102	0.22727233	CKS1B	CDC28 protein kinase regulatory subunit 1B
220066_at	0.19881733	1.15e-01	-1.6577021	-5.36137	-0.09267026	NOD2	nucleotide binding oligomerization domain containing 2
210410_s_at	0.19911459	1.15e-01	1.6567501	-5.36279	0.10713713	MSH5-SAPCD1///SAPCD1///MSH5	MSH5-SAPCD1 readthrough (NMD candidate)///suppressor APC domain containing 1///mutS homolog 5
206944_at	0.19925654	1.15e-01	-1.6562376	-5.36355	-0.07015755	HTR6	5-hydroxytryptamine receptor 6
205727_at	0.19931712	1.15e-01	-1.6559551	-5.36397	-0.06895475	TEP1	telomerase associated protein 1
219628_at	0.19942979	1.15e-01	1.6555256	-5.36461	0.13650934	ZMAT3	zinc finger matrin-type 3
205827_at	0.19943108	1.15e-01	-1.6554106	-5.36478	-0.08175498	CCK	cholecystokinin
217756_x_at	0.19952627	1.15e-01	1.6549672	-5.36544	0.11938849	MIR1282///HYPK///SERF2	microRNA 1282///huntingtin interacting protein K///small EDRK-rich factor 2
217930_s_at	0.19952627	1.15e-01	1.6549193	-5.36551	0.10149593	TOLLIP	toll interacting protein
211334_at	0.19963932	1.15e-01	-1.6544891	-5.36615	-0.05983726	MRE11A	MRE11 homolog A, double strand break repair nuclease
221572_s_at	0.19983787	1.16e-01	1.653818	-5.36715	0.05070788	MIR6824///SLC26A6	microRNA 6824///solute carrier family 26 member 6
217781_s_at	0.20074679	1.16e-01	1.6511501	-5.37112	0.14208785	ZNF106	zinc finger protein 106
203319_s_at	0.20121476	1.16e-01	1.6497263	-5.37324	0.13963146	ZNF148	zinc finger protein 148
53912_at	0.20131156	1.17e-01	1.6492802	-5.3739	0.1053456	SNX11	sorting nexin 11
33323_r_at	0.20131156	1.17e-01	-1.6492324	-5.37397	-0.08451342	SFN	stratifin
218735_s_at	0.20145849	1.17e-01	1.6486931	-5.37477	0.1103275	ZNF544	zinc finger protein 544
204345_at	0.20145849	1.17e-01	-1.6485983	-5.37491	-0.07906684	COL16A1	collagen type XVI alpha 1 chain
219796_s_at	0.20213836	1.17e-01	-1.6465865	-5.3779	-0.05232509	CDHR5	cadherin related family member 5
205906_at	0.20223299	1.17e-01	-1.6462111	-5.37845	-0.06950048	FOXJ1	forkhead box J1
206311_s_at	0.20223389	1.17e-01	-1.6460972	-5.37862	-0.07270623	PLA2G1B	phospholipase A2 group IB
211275_s_at	0.20240826	1.17e-01	1.6454995	-5.37951	0.17602392	GYG1	glycogenin 1
205012_s_at	0.20283437	1.18e-01	1.6440751	-5.38162	0.11168628	HAGH	hydroxyacylglutathione hydrolase
201183_s_at	0.20283437	1.18e-01	1.6440625	-5.38164	0.18999422	CHD4	chromodomain helicase DNA binding protein 4
209324_s_at	0.20283437	1.18e-01	1.6439784	-5.38177	0.08451307	RGS16	regulator of G-protein signaling 16
205597_at	0.20304867	1.18e-01	-1.6432708	-5.38281	-0.09431362	SLC44A4	solute carrier family 44 member 4
211886_s_at	0.20327709	1.18e-01	-1.6425245	-5.38392	-0.08099771	TBX5	T-box 5
217811_at	0.20351745	1.18e-01	1.6417456	-5.38507	0.15560628	SELT	selenoprotein T
205351_at	0.20357829	1.18e-01	-1.6414655	-5.38549	-0.08118087	GGCX	gamma-glutamyl carboxylase
204582_s_at	0.20366784	1.18e-01	-1.6411057	-5.38602	-0.06388019	KLK3	kallikrein related peptidase 3
203910_at	0.20374393	1.18e-01	-1.6407833	-5.3865	-0.07311017	ARHGAP29	Rho GTPase activating protein 29
201841_s_at	0.20386345	1.18e-01	-1.6402757	-5.38725	-0.18066682	HSPB1	heat shock protein family B (small) member 1
202207_at	0.20386345	1.18e-01	-1.6401586	-5.38742	-0.26832351	ARL4C	ADP ribosylation factor like GTPase 4C
201313_at	0.20386345	1.18e-01	1.6401181	-5.38748	0.13794409	ENO2	enolase 2
201975_at	0.20391124	1.18e-01	1.6398744	-5.38784	0.06900736	CLIP1	CAP-Gly domain containing linker protein 1
215885_at	0.2042714	1.19e-01	-1.6387656	-5.38948	-0.07307123	SSX2B	SSX family member 2B
219123_at	0.2045511	1.19e-01	-1.6378807	-5.39079	-0.17626808	ZNF232	zinc finger protein 232
219548_at	0.20457061	1.19e-01	1.6377155	-5.39103	0.08075111	ZNF16	zinc finger protein 16
206604_at	0.20465865	1.19e-01	-1.6371417	-5.39188	-0.06868	OVOL1	ovo like transcriptional repressor 1
205364_at	0.20465865	1.19e-01	-1.6370558	-5.39201	-0.09725774	ACOX2	acyl-CoA oxidase 2
205474_at	0.20465865	1.19e-01	1.6370301	-5.39205	0.17517052	CRLF3	cytokine receptor like factor 3
209709_s_at	0.20465865	1.19e-01	1.6369651	-5.39214	0.25788673	HMMR	hyaluronan mediated motility receptor
201433_s_at	0.20465865	1.19e-01	1.6369093	-5.39222	0.1517177	PTDSS1	phosphatidylserine synthase 1
203375_s_at	0.20465865	1.19e-01	1.6367012	-5.39253	0.17943511	TPP2	tripeptidyl peptidase 2
213022_s_at	0.20465865	1.19e-01	-1.636694	-5.39254	-0.09976022	UTRN	utrophin
206143_at	0.20473121	1.19e-01	-1.6363824	-5.393	-0.06227795	SLC26A3	solute carrier family 26 member 3
207009_at	0.20476827	1.19e-01	-1.6361689	-5.39332	-0.05702782	PHOX2B	paired like homeobox 2b
207093_s_at	0.20476828	1.19e-01	1.6358767	-5.39375	0.07688018	LOC101927057///OMG	uncharacterized LOC101927057///oligodendrocyte myelin glycoprotein
202812_at	0.20476828	1.19e-01	-1.6358635	-5.39377	-0.14639278	GAA	glucosidase alpha, acid
48030_i_at	0.20476828	1.19e-01	1.6357683	-5.39391	0.05786195	FAXDC2	fatty acid hydroxylase domain containing 2
217720_at	0.20476828	1.19e-01	1.6357248	-5.39397	0.11952623	CHCHD2	coiled-coil-helix-coiled-coil-helix domain containing 2
207433_at	0.2052753	1.20e-01	-1.6342038	-5.39622	-0.07813795	IL10	interleukin 10
201470_at	0.2052753	1.20e-01	1.6341032	-5.39637	0.12710402	GSTO1	glutathione S-transferase omega 1
207294_at	0.20559215	1.20e-01	-1.6330293	-5.39795	-0.07389505	AGTR2	angiotensin II receptor type 2
207850_at	0.20559215	1.20e-01	1.633008	-5.39798	0.33393731	CXCL3	C-X-C motif chemokine ligand 3
220478_at	0.2060103	1.20e-01	-1.6317462	-5.39984	-0.06401344	APOL5	apolipoprotein L5
206375_s_at	0.20627928	1.20e-01	-1.6308961	-5.40109	-0.05984533	HSPB3	heat shock protein family B (small) member 3
207736_s_at	0.2065079	1.21e-01	-1.6301574	-5.40218	-0.0825899	TNP2	transition protein 2
202774_s_at	0.20656745	1.21e-01	1.629883	-5.40259	0.09627123	SFSWAP	splicing factor SWAP homolog
206384_at	0.20658998	1.21e-01	-1.6297103	-5.40284	-0.05611262	CACNG3	calcium voltage-gated channel auxiliary subunit gamma 3
208487_at	0.20665648	1.21e-01	-1.6294169	-5.40327	-0.05828309	LMX1B	LIM homeobox transcription factor 1 beta
204234_s_at	0.20674998	1.21e-01	1.6289636	-5.40394	0.08361872	ZNF195	zinc finger protein 195
218039_at	0.20674998	1.21e-01	1.6288004	-5.40418	0.27436999	NUSAP1	nucleolar and spindle associated protein 1
201505_at	0.20674998	1.21e-01	-1.6287876	-5.4042	-0.06683275	LAMB1	laminin subunit beta 1
210318_at	0.20674998	1.21e-01	-1.6287168	-5.4043	-0.05486406	RBP3	retinol binding protein 3
209503_s_at	0.2072222	1.21e-01	1.6273123	-5.40637	0.11263114	PSMC5	proteasome 26S subunit, ATPase 5
204104_at	0.2074854	1.21e-01	1.6264815	-5.40759	0.0888409	SNAPC2	small nuclear RNA activating complex polypeptide 2
205219_s_at	0.20761946	1.21e-01	1.6260041	-5.40829	0.10906839	GALK2	galactokinase 2
1729_at	0.20782702	1.22e-01	1.6253263	-5.40929	0.0729595	TRADD	TNFRSF1A associated via death domain
204340_at	0.20792103	1.22e-01	-1.6249018	-5.40991	-0.08034721	TMEM187	transmembrane protein 187
208680_at	0.20792103	1.22e-01	-1.6248479	-5.40999	-0.12055574	PRDX1	peroxiredoxin 1
205525_at	0.20804184	1.22e-01	-1.6244074	-5.41064	-0.07467909	CALD1	caldesmon 1
218699_at	0.20820395	1.22e-01	-1.6237698	-5.41158	-0.10115418	RAB29	RAB29, member RAS oncogene family
203091_at	0.20820395	1.22e-01	1.6237435	-5.41161	0.10797565	FUBP1	far upstream element binding protein 1
210354_at	0.20857729	1.22e-01	-1.6226156	-5.41327	-0.07019108	IFNG	interferon gamma
206462_s_at	0.20866468	1.22e-01	-1.6222165	-5.41386	-0.06291372	NTRK3	neurotrophic receptor tyrosine kinase 3
209792_s_at	0.20866468	1.22e-01	-1.622156	-5.41394	-0.05940996	KLK10	kallikrein related peptidase 10
205542_at	0.20870183	1.22e-01	-1.6219441	-5.41426	-0.13831644	STEAP1	six transmembrane epithelial antigen of the prostate 1
38964_r_at	0.20872756	1.22e-01	1.6217135	-5.41459	0.06923957	WAS	Wiskott-Aldrich syndrome
205935_at	0.20872756	1.22e-01	-1.6216525	-5.41468	-0.07716528	FOXF1	forkhead box F1
200021_at	0.20876197	1.22e-01	-1.6214481	-5.41498	-0.16889116	CFL1	cofilin 1
205709_s_at	0.20880359	1.22e-01	-1.6212241	-5.41531	-0.07638288	CDS1	CDP-diacylglycerol synthase 1
209793_at	0.20889621	1.23e-01	-1.6207042	-5.41607	-0.05904152	GRIA1	glutamate ionotropic receptor AMPA type subunit 1
202050_s_at	0.20889621	1.23e-01	1.620673	-5.41612	0.13421831	ZMYM4	zinc finger MYM-type containing 4
216268_s_at	0.20889621	1.23e-01	1.62064	-5.41617	0.23567331	JAG1	jagged 1
34697_at	0.20898124	1.23e-01	-1.6202981	-5.41667	-0.05674416	LRP6	LDL receptor related protein 6
205678_at	0.20900656	1.23e-01	-1.6201126	-5.41694	-0.08502027	AP3B2	adaptor related protein complex 3 beta 2 subunit
208567_s_at	0.20900656	1.23e-01	1.6200079	-5.41709	0.19566998	LOC100996843///KCNJ18///KCNJ12	ATP-sensitive inward rectifier potassium channel 12-like///potassium voltage-gated channel subfamily J member 18///potassium voltage-gated channel subfamily J member 12
201587_s_at	0.20904268	1.23e-01	1.6197991	-5.4174	0.1173339	IRAK1	interleukin 1 receptor associated kinase 1
208224_at	0.20926743	1.23e-01	-1.6190777	-5.41846	-0.09105444	HOXB1	homeobox B1
204149_s_at	0.20930179	1.23e-01	1.6188738	-5.41876	0.11047638	GSTM4	glutathione S-transferase mu 4
209795_at	0.20933841	1.23e-01	-1.6186637	-5.41906	-0.39443739	CD69	CD69 molecule
207153_s_at	0.20934086	1.23e-01	1.6185465	-5.41924	0.09436153	GLMN	glomulin, FKBP associated protein
200077_s_at	0.20935236	1.23e-01	-1.6184047	-5.41944	-0.11864284	OAZ1	ornithine decarboxylase antizyme 1
206967_at	0.20950004	1.23e-01	-1.6178932	-5.42019	-0.08014104	CCNT1	cyclin T1
204878_s_at	0.20958221	1.23e-01	1.6174833	-5.42079	0.07130878	TAOK2	TAO kinase 2
205960_at	0.20958221	1.23e-01	-1.6174491	-5.42084	-0.08893605	PDK4	pyruvate dehydrogenase kinase 4
202611_s_at	0.20968331	1.23e-01	1.6170644	-5.42141	0.15335553	MED14	mediator complex subunit 14
206780_at	0.20989453	1.23e-01	-1.6163813	-5.42241	-0.09465677	GAD2	glutamate decarboxylase 2
201800_s_at	0.21040049	1.24e-01	1.6148345	-5.42467	0.11417315	OSBP	oxysterol binding protein
211110_s_at	0.21040049	1.24e-01	-1.6147905	-5.42473	-0.08028811	AR	androgen receptor
208186_s_at	0.21053022	1.24e-01	1.6143292	-5.42541	0.07453387	LIPE	lipase E, hormone sensitive type
208247_at	0.21056489	1.24e-01	-1.614125	-5.42571	-0.0582535	ERC2-IT1	ERC2 intronic transcript 1
206026_s_at	0.21064125	1.24e-01	1.6138082	-5.42617	0.1269392	TNFAIP6	TNF alpha induced protein 6
203514_at	0.21068646	1.24e-01	1.6135755	-5.42651	0.09772357	MAP3K3	mitogen-activated protein kinase kinase kinase 3
208850_s_at	0.21069649	1.24e-01	-1.6133538	-5.42683	-0.05445478	THY1	Thy-1 cell surface antigen
209550_at	0.21069649	1.24e-01	-1.6133275	-5.42687	-0.20408998	NDN	necdin, MAGE family member
209890_at	0.21076755	1.24e-01	1.6130251	-5.42731	0.08215031	TSPAN5	tetraspanin 5
207610_s_at	0.21079757	1.24e-01	-1.6128219	-5.42761	-0.12049641	ADGRE2	adhesion G protein-coupled receptor E2
206119_at	0.21079757	1.24e-01	-1.6127232	-5.42776	-0.07096257	BHMT	betaine--homocysteine S-methyltransferase
221190_s_at	0.21104521	1.24e-01	1.6119443	-5.42889	0.07389126	C18orf8	chromosome 18 open reading frame 8
218368_s_at	0.21218305	1.25e-01	1.6087437	-5.43356	0.07955456	TNFRSF12A	TNF receptor superfamily member 12A
217801_at	0.21218305	1.25e-01	1.6086601	-5.43369	0.11204046	ATP5E	ATP synthase, H+ transporting, mitochondrial F1 complex, epsilon subunit
214369_s_at	0.21231989	1.25e-01	-1.6081822	-5.43438	-0.13198913	RASGRP2	RAS guanyl releasing protein 2
210938_at	0.21233656	1.25e-01	-1.608027	-5.43461	-0.06166491	PDX1	pancreatic and duodenal homeobox 1
221201_s_at	0.21239831	1.25e-01	-1.6077508	-5.43501	-0.06119771	ZNF155	zinc finger protein 155
206768_at	0.21245002	1.25e-01	-1.6075016	-5.43537	-0.08104979	RPL3L	ribosomal protein L3 like
207103_at	0.21315697	1.26e-01	-1.6054967	-5.4383	-0.08597383	KCND2	potassium voltage-gated channel subfamily D member 2
206344_at	0.21346487	1.26e-01	-1.6045627	-5.43966	-0.06959925	PON1	paraoxonase 1
204126_s_at	0.21384905	1.26e-01	1.6034261	-5.44131	0.15986374	CDC45	cell division cycle 45
220894_x_at	0.21408795	1.27e-01	-1.6026783	-5.4424	-0.0786746	PRDM12	PR/SET domain 12
202504_at	0.21409377	1.27e-01	1.6025523	-5.44258	0.09482974	TRIM29	tripartite motif containing 29
220863_at	0.21440739	1.27e-01	-1.6016061	-5.44396	-0.08802916	MIP	major intrinsic protein of lens fiber
221124_s_at	0.21451965	1.27e-01	-1.6011967	-5.44455	-0.06958256	VSX1	visual system homeobox 1
200075_s_at	0.21459603	1.27e-01	1.600883	-5.44501	0.10673151	GUK1	guanylate kinase 1
220498_at	0.21500327	1.27e-01	-1.5996895	-5.44674	-0.05459723	ACTL7B	actin like 7B
219671_at	0.2150355	1.27e-01	-1.5994934	-5.44703	-0.06508154	HPCAL4	hippocalcin like 4
218023_s_at	0.21520001	1.27e-01	1.598946	-5.44782	0.1442999	FAM53C	family with sequence similarity 53 member C
210803_at	0.215766	1.28e-01	-1.5973342	-5.45016	-0.07167402	TXNRD2	thioredoxin reductase 2
201645_at	0.21602223	1.28e-01	-1.5965452	-5.4513	-0.06810183	TNC	tenascin C
218056_at	0.2160317	1.28e-01	1.5964096	-5.4515	0.12592689	BFAR	bifunctional apoptosis regulator
50965_at	0.21608435	1.28e-01	-1.5960871	-5.45197	-0.05542634	RAB26	RAB26, member RAS oncogene family
218657_at	0.21608435	1.28e-01	-1.5960494	-5.45202	-0.0765568	RAPGEFL1	Rap guanine nucleotide exchange factor like 1
205024_s_at	0.21617976	1.28e-01	1.5956865	-5.45255	0.17003961	RAD51	RAD51 recombinase
34471_at	0.21619893	1.28e-01	-1.5955254	-5.45278	-0.05966685	MYH8	myosin heavy chain 8
220280_s_at	0.21621539	1.28e-01	1.5953715	-5.453	0.06990673	ANKMY1	ankyrin repeat and MYND domain containing 1
209220_at	0.21622709	1.28e-01	-1.5952302	-5.45321	-0.10032326	GPC3	glypican 3
213229_at	0.21668265	1.28e-01	-1.5938602	-5.45519	-0.32281777	DICER1	dicer 1, ribonuclease III
40562_at	0.21668265	1.28e-01	1.5938053	-5.45527	0.10034626	GNA11	G protein subunit alpha 11
206260_at	0.21705323	1.29e-01	-1.5926626	-5.45693	-0.06921909	TGM4	transglutaminase 4
207225_at	0.21705323	1.29e-01	1.5925784	-5.45705	0.06001554	AANAT	aralkylamine N-acetyltransferase
219601_s_at	0.21705323	1.29e-01	-1.5924963	-5.45717	-0.08194512	C10orf12	chromosome 10 open reading frame 12
214570_x_at	0.21717391	1.29e-01	-1.5920678	-5.45779	-0.06557823	LOC102725315///LOC102725072///LOC727983///POM121L10P///POM121L4P///POM121L8P///POM121L9P///POM121L1P	putative POM121-like protein 1-like///uncharacterized LOC102725072///putative POM121-like protein 1-like///POM121 transmembrane nucleoporin like 10, pseudogene///POM121 transmembrane nucleoporin like 4, pseudogene///POM121 transmembrane nucleoporin like 8, pseudogene///POM121 transmembrane nucleoporin like 9, pseudogene///POM121 transmembrane nucleoporin like 1, pseudogene
203887_s_at	0.21719927	1.29e-01	-1.5918906	-5.45805	-0.10216621	THBD	thrombomodulin
208584_at	0.21739389	1.29e-01	-1.5912674	-5.45895	-0.06297821	SNCG	synuclein gamma
219132_at	0.21749377	1.29e-01	1.5908941	-5.45949	0.09214988	PELI2	pellino E3 ubiquitin protein ligase family member 2
210327_s_at	0.21784909	1.29e-01	-1.5898488	-5.461	-0.08407771	AGXT	alanine-glyoxylate aminotransferase
200965_s_at	0.21832356	1.30e-01	1.5884918	-5.46296	0.22802235	ABLIM1	actin binding LIM protein 1
206800_at	0.21839594	1.30e-01	-1.5881916	-5.46339	-0.06103445	MTHFR	methylenetetrahydrofolate reductase (NAD(P)H)
204599_s_at	0.21848617	1.30e-01	1.5878445	-5.46389	0.09833252	MRPL28	mitochondrial ribosomal protein L28
210125_s_at	0.21861401	1.30e-01	1.5873989	-5.46454	0.19654696	BANF1	barrier to autointegration factor 1
219644_at	0.21861612	1.30e-01	1.5872831	-5.4647	0.09637031	CEP83	centrosomal protein 83
210518_at	0.21862291	1.30e-01	-1.5870438	-5.46505	-0.05526319	CDH8	cadherin 8
221364_at	0.21862291	1.30e-01	-1.5869752	-5.46515	-0.06148422	GRID2	glutamate ionotropic receptor delta type subunit 2
218644_at	0.21862291	1.30e-01	1.586884	-5.46528	0.06134476	PLEK2	pleckstrin 2
202705_at	0.21862291	1.30e-01	1.5868244	-5.46537	0.28028284	CCNB2	cyclin B2
207553_at	0.21870151	1.30e-01	-1.5865048	-5.46583	-0.07648402	OPRK1	opioid receptor kappa 1
202054_s_at	0.21870151	1.30e-01	-1.5863979	-5.46598	-0.14300563	ALDH3A2	aldehyde dehydrogenase 3 family member A2
204136_at	0.21893757	1.30e-01	1.585669	-5.46703	0.05444784	COL7A1	collagen type VII alpha 1 chain
212377_s_at	0.21915362	1.30e-01	1.5849931	-5.46801	0.15512849	NOTCH2	notch 2
204423_at	0.21948238	1.31e-01	1.5839789	-5.46947	0.08893521	MKLN1	muskelin 1
207393_at	0.21948238	1.31e-01	-1.5839127	-5.46957	-0.07102251	HCRTR2	hypocretin receptor 2
220209_at	0.21953571	1.31e-01	-1.5836632	-5.46993	-0.06945146	PYY2	peptide YY, 2 (pseudogene)
208262_x_at	0.21967877	1.31e-01	-1.5831792	-5.47062	-0.10528501	MEFV	Mediterranean fever
204428_s_at	0.21977436	1.31e-01	-1.5828193	-5.47114	-0.08327732	LCAT	lecithin-cholesterol acyltransferase
213324_at	0.21978976	1.31e-01	1.582669	-5.47136	0.08092419	SRC	SRC proto-oncogene, non-receptor tyrosine kinase
212167_s_at	0.21979121	1.31e-01	1.5825551	-5.47152	0.16912011	SMARCB1	SWI/SNF related, matrix associated, actin dependent regulator of chromatin, subfamily b, member 1
206816_s_at	0.21983167	1.31e-01	1.5822922	-5.4719	0.08717949	SPAG8	sperm associated antigen 8
221049_s_at	0.21983167	1.31e-01	1.5822293	-5.47199	0.07529611	POLL	polymerase (DNA) lambda
200942_s_at	0.22000284	1.31e-01	1.5816275	-5.47286	0.1148484	HSBP1	heat shock factor binding protein 1
206767_at	0.22000284	1.31e-01	-1.5815623	-5.47295	-0.07056934	RBMS3	RNA binding motif single stranded interacting protein 3
203749_s_at	0.2200418	1.31e-01	1.5812624	-5.47339	0.10122568	RARA	retinoic acid receptor alpha
219475_at	0.2200418	1.31e-01	-1.5812406	-5.47342	-0.06680979	OSGIN1	oxidative stress induced growth inhibitor 1
221451_s_at	0.22010987	1.31e-01	-1.5808444	-5.47399	-0.09317446	OR2W1	olfactory receptor family 2 subfamily W member 1
213578_at	0.22010987	1.31e-01	1.580843	-5.47399	0.08592848	BMPR1A	bone morphogenetic protein receptor type 1A
207810_at	0.22018578	1.31e-01	-1.5805349	-5.47443	-0.06733156	F13B	coagulation factor XIII B chain
221420_at	0.22030227	1.32e-01	1.5801212	-5.47503	0.07129459		
215125_s_at	0.22033443	1.32e-01	-1.5799274	-5.47531	-0.05834976	UGT1A3///UGT1A1///UGT1A4///UGT1A9///UGT1A5///UGT1A6///UGT1A7///UGT1A8///UGT1A10	UDP glucuronosyltransferase family 1 member A3///UDP glucuronosyltransferase family 1 member A1///UDP glucuronosyltransferase family 1 member A4///UDP glucuronosyltransferase family 1 member A9///UDP glucuronosyltransferase family 1 member A5///UDP glucuronosyltransferase family 1 member A6///UDP glucuronosyltransferase family 1 member A7///UDP glucuronosyltransferase family 1 member A8///UDP glucuronosyltransferase family 1 member A10
200750_s_at	0.22035342	1.32e-01	1.5797679	-5.47554	0.20245226	RAN	RAN, member RAS oncogene family
221320_at	0.22048442	1.32e-01	-1.5793166	-5.47619	-0.06226887	BCL2L10	BCL2 like 10
205025_at	0.22049464	1.32e-01	1.5790873	-5.47651	0.08721422	ZBTB48	zinc finger and BTB domain containing 48
200816_s_at	0.22049464	1.32e-01	1.579004	-5.47663	0.1836803	PAFAH1B1	platelet activating factor acetylhydrolase 1b regulatory subunit 1
219860_at	0.22049464	1.32e-01	-1.5789603	-5.4767	-0.06214501	LY6G5C	lymphocyte antigen 6 complex, locus G5C
204363_at	0.22077185	1.32e-01	-1.5781284	-5.47789	-0.05512761	F3	coagulation factor III, tissue factor
205134_s_at	0.22100413	1.32e-01	1.577414	-5.47892	0.09631364	NUFIP1	NUFIP1, FMR1 interacting protein 1
207041_at	0.22156964	1.33e-01	-1.5758348	-5.48119	-0.06761534	MASP2	mannan binding lectin serine peptidase 2
221421_s_at	0.22194646	1.33e-01	-1.5747475	-5.48275	-0.06291899	ADAMTS12	ADAM metallopeptidase with thrombospondin type 1 motif 12
207033_at	0.2223908	1.33e-01	-1.5734868	-5.48456	-0.06883271	GIF	gastric intrinsic factor
221278_at	0.22242533	1.33e-01	-1.5732875	-5.48484	-0.05812817	HOXB8	homeobox B8
213572_s_at	0.22248168	1.33e-01	1.5730318	-5.48521	0.25848086	SERPINB1	serpin family B member 1
207588_at	0.22265627	1.33e-01	-1.5724704	-5.48602	-0.05731564		
203102_s_at	0.22270845	1.33e-01	1.5722256	-5.48637	0.22963924	MGAT2	mannosyl (alpha-1,6-)-glycoprotein beta-1,2-N-acetylglucosaminyltransferase
221134_at	0.22271232	1.33e-01	-1.5721057	-5.48654	-0.06104686	ANGPT4	angiopoietin 4
209937_at	0.22315301	1.34e-01	-1.5708576	-5.48833	-0.06153612	TM4SF4	transmembrane 4 L six family member 4
206662_at	0.22319866	1.34e-01	-1.5706299	-5.48865	-0.13080479	GLRX	glutaredoxin
219131_at	0.22380718	1.34e-01	1.5689516	-5.49106	0.06841638	UBIAD1	UbiA prenyltransferase domain containing 1
205971_s_at	0.22382018	1.34e-01	-1.5688083	-5.49126	-0.07429287	CTRB2///CTRB1	chymotrypsinogen B2///chymotrypsinogen B1
204396_s_at	0.22382108	1.34e-01	-1.5686961	-5.49142	-0.17426678	GRK5	G protein-coupled receptor kinase 5
207936_x_at	0.22399298	1.34e-01	-1.5681438	-5.49221	-0.0653396	RFPL3	ret finger protein like 3
204915_s_at	0.2241948	1.35e-01	1.5674454	-5.49321	0.08059726	SOX11	SRY-box 11
205505_at	0.2241948	1.35e-01	1.5673119	-5.4934	0.11976472	GCNT1	glucosaminyl (N-acetyl) transferase 1, core 2
203826_s_at	0.2241948	1.35e-01	1.5671449	-5.49364	0.07401478	PITPNM1	phosphatidylinositol transfer protein membrane associated 1
215689_s_at	0.2241948	1.35e-01	-1.5671194	-5.49368	-0.06157978	SHBG	sex hormone binding globulin
204033_at	0.2241948	1.35e-01	1.5670755	-5.49374	0.18750316	TRIP13	thyroid hormone receptor interactor 13
201004_at	0.22441201	1.35e-01	-1.5664074	-5.4947	-0.12626514	SSR4	signal sequence receptor subunit 4
204458_at	0.2245231	1.35e-01	-1.5660122	-5.49526	-0.08108058	PLA2G15	phospholipase A2 group XV
219415_at	0.22469581	1.35e-01	-1.5654589	-5.49605	-0.07075765	TTYH1	tweety family member 1
204937_s_at	0.22471467	1.35e-01	1.5653008	-5.49628	0.13256334	ZNF274	zinc finger protein 274
209725_at	0.22489204	1.35e-01	1.5646652	-5.49719	0.1073486	UTP20	UTP20, small subunit processome component
221485_at	0.22489204	1.35e-01	1.5646261	-5.49724	0.17085588	B4GALT5	beta-1,4-galactosyltransferase 5
207640_x_at	0.22509097	1.35e-01	1.5640063	-5.49813	0.05827529	NTN3	netrin 3
205497_at	0.22510394	1.35e-01	1.5638633	-5.49833	0.12967367	ZNF175	zinc finger protein 175
200076_s_at	0.22543906	1.36e-01	1.5628286	-5.49981	0.07791038	KXD1	KxDL motif containing 1
206009_at	0.22543906	1.36e-01	1.562667	-5.50004	0.12519804	ITGA9	integrin subunit alpha 9
207684_at	0.22543906	1.36e-01	-1.5626504	-5.50006	-0.06929441	TBX6	T-box 6
205852_at	0.22543906	1.36e-01	-1.562535	-5.50023	-0.07450216	CDK5R2	cyclin dependent kinase 5 regulatory subunit 2
221033_s_at	0.22543906	1.36e-01	-1.5624562	-5.50034	-0.08654708	RNF17	ring finger protein 17
208323_s_at	0.22571835	1.36e-01	-1.5616318	-5.50151	-0.07826783	ANXA13	annexin A13
201967_at	0.2262481	1.36e-01	1.5601683	-5.5036	0.13426804	RBM6	RNA binding motif protein 6
205818_at	0.22625076	1.36e-01	-1.5600518	-5.50377	-0.06900141	BRINP1	BMP/retinoic acid inducible neural specific 1
218755_at	0.22631064	1.36e-01	1.5597893	-5.50414	0.19444643	KIF20A	kinesin family member 20A
209637_s_at	0.22644784	1.36e-01	-1.5593295	-5.5048	-0.08454496	RGS12	regulator of G-protein signaling 12
221444_at	0.22713339	1.37e-01	-1.5574729	-5.50744	-0.05940988	TAS2R16	taste 2 receptor member 16
219373_at	0.22722589	1.37e-01	-1.5570347	-5.50806	-0.13684553	DPM3	dolichyl-phosphate mannosyltransferase subunit 3
217931_at	0.22722589	1.37e-01	-1.5569649	-5.50816	-0.11577716	CNPY3	canopy FGF signaling regulator 3
218227_at	0.22722589	1.37e-01	1.5569085	-5.50824	0.0753995	NUBP2	nucleotide binding protein 2
202836_s_at	0.22732476	1.37e-01	1.5565474	-5.50876	0.1068937	TXNL4A	thioredoxin like 4A
211200_s_at	0.22776846	1.37e-01	-1.55531	-5.51052	-0.08973036	EFCAB2	EF-hand calcium binding domain 2
219610_at	0.22824168	1.38e-01	-1.5539996	-5.51238	-0.07536516	ARHGEF28	Rho guanine nucleotide exchange factor 28
208274_at	0.22825561	1.38e-01	-1.5538547	-5.51259	-0.05466523	OCLM	oculomedin
218833_at	0.22828544	1.38e-01	1.5535983	-5.51295	0.0861812	ZAK	sterile alpha motif and leucine zipper containing kinase AZK
218215_s_at	0.22828544	1.38e-01	1.5535598	-5.513	0.12785303	NR1H2	nuclear receptor subfamily 1 group H member 2
31846_at	0.22860042	1.38e-01	-1.5525817	-5.51439	-0.0631923	RHOD	ras homolog family member D
208578_at	0.22860042	1.38e-01	-1.5525425	-5.51445	-0.06481998	SCN10A	sodium voltage-gated channel alpha subunit 10
209365_s_at	0.22863258	1.38e-01	-1.5523514	-5.51472	-0.06587342	ECM1	extracellular matrix protein 1
210349_at	0.22863951	1.38e-01	-1.5522243	-5.5149	-0.07874837	CAMK4	calcium/calmodulin dependent protein kinase IV
211380_s_at	0.22875073	1.38e-01	-1.5518332	-5.51546	-0.06181152	PRKG1	protein kinase, cGMP-dependent, type I
206680_at	0.22906805	1.38e-01	-1.5509209	-5.51675	-0.22444565	CD5L	CD5 molecule like
211963_s_at	0.22958172	1.39e-01	1.5495138	-5.51875	0.12197927	ARPC5	actin related protein 2/3 complex subunit 5
202668_at	0.22974725	1.39e-01	1.5489126	-5.5196	0.14754642	EFNB2	ephrin B2
207061_at	0.22974725	1.39e-01	-1.548877	-5.51965	-0.05151636	ERN1	endoplasmic reticulum to nucleus signaling 1
207043_s_at	0.23002483	1.39e-01	-1.5480676	-5.5208	-0.06704188	SLC6A9	solute carrier family 6 member 9
208059_at	0.23025689	1.39e-01	-1.5473735	-5.52178	-0.05294649	CCR8	C-C motif chemokine receptor 8
206323_x_at	0.23029377	1.39e-01	-1.54712	-5.52214	-0.14376609	OPHN1	oligophrenin 1
207403_at	0.23029377	1.39e-01	-1.5470616	-5.52222	-0.0623291	IRS4	insulin receptor substrate 4
205650_s_at	0.2302964	1.39e-01	-1.5469454	-5.52239	-0.0687226	FGA	fibrinogen alpha chain
204921_at	0.2308504	1.40e-01	-1.5454168	-5.52455	-0.06504775	GAS8	growth arrest specific 8
207139_at	0.2308504	1.40e-01	-1.5453329	-5.52467	-0.06486248	ATP4A	ATPase H+/K+ transporting alpha subunit
209737_at	0.23119509	1.40e-01	-1.5443578	-5.52605	-0.08701157	MAGI2	membrane associated guanylate kinase, WW and PDZ domain containing 2
204213_at	0.2312286	1.40e-01	-1.5441641	-5.52632	-0.0690794	PIGR	polymeric immunoglobulin receptor
220641_at	0.23153442	1.40e-01	-1.5432876	-5.52756	-0.07954584	NOX5	NADPH oxidase, EF-hand calcium binding domain 5
220205_at	0.23177795	1.40e-01	-1.5425678	-5.52858	-0.0751409	TPTE	transmembrane phosphatase with tensin homology
205697_at	0.23188011	1.41e-01	-1.5422025	-5.52909	-0.05722777	SCGN	secretagogin, EF-hand calcium binding protein
210746_s_at	0.23207214	1.41e-01	1.5416123	-5.52993	0.20321823	EPB42	erythrocyte membrane protein band 4.2
213457_at	0.23220723	1.41e-01	1.5411648	-5.53056	0.10881261	MFHAS1	malignant fibrous histiocytoma amplified sequence 1
209950_s_at	0.23230283	1.41e-01	1.5407035	-5.53121	0.08537088	VILL	villin like
206851_at	0.23230283	1.41e-01	-1.5406318	-5.53131	-0.46207606	RNASE3	ribonuclease A family member 3
219903_s_at	0.23230283	1.41e-01	-1.5405972	-5.53136	-0.09276941	CYP2C8	cytochrome P450 family 2 subfamily C member 8
210002_at	0.2329112	1.41e-01	-1.5389682	-5.53366	-0.07739373	GATA6	GATA binding protein 6
205499_at	0.23292626	1.41e-01	-1.5387261	-5.534	-0.08377487	SRPX2	sushi repeat containing protein, X-linked 2
202545_at	0.23292626	1.41e-01	1.5387116	-5.53402	0.16080015	PRKCD	protein kinase C delta
210761_s_at	0.2330135	1.41e-01	-1.5383548	-5.53452	-0.05381173	GRB7	growth factor receptor bound protein 7
205210_at	0.2330135	1.41e-01	-1.538275	-5.53464	-0.08074989	TGFBRAP1	transforming growth factor beta receptor associated protein 1
34449_at	0.23324505	1.42e-01	-1.5375882	-5.5356	-0.10169452	CASP2	caspase 2
210263_at	0.23333971	1.42e-01	-1.5372429	-5.53609	-0.07761657	KCNF1	potassium voltage-gated channel modifier subfamily F member 1
203498_at	0.23374051	1.42e-01	-1.5361355	-5.53765	-0.05596875	RCAN2	regulator of calcineurin 2
211440_x_at	0.23403421	1.42e-01	-1.5352956	-5.53883	-0.05393369	CYP3A43	cytochrome P450 family 3 subfamily A member 43
208457_at	0.23404855	1.42e-01	-1.5351505	-5.53904	-0.05589838	GABRD	gamma-aminobutyric acid type A receptor delta subunit
200826_at	0.23425623	1.42e-01	-1.5345251	-5.53992	-0.11885297	SNRPD2	small nuclear ribonucleoprotein D2 polypeptide
220132_s_at	0.23456391	1.43e-01	-1.5336518	-5.54115	-0.11706067	CLEC2D	C-type lectin domain family 2 member D
214447_at	0.23473427	1.43e-01	1.5331197	-5.5419	0.08143857	ETS1	ETS proto-oncogene 1, transcription factor
202781_s_at	0.23473509	1.43e-01	1.5330083	-5.54205	0.05965257	INPP5K	inositol polyphosphate-5-phosphatase K
211471_s_at	0.23475738	1.43e-01	-1.5327421	-5.54243	-0.06789897	RAB36	RAB36, member RAS oncogene family
210184_at	0.23475738	1.43e-01	-1.5327342	-5.54244	-0.06712501	ITGAX	integrin subunit alpha X
210511_s_at	0.23503609	1.43e-01	-1.5319339	-5.54356	-0.07116503	INHBA	inhibin beta A subunit
205663_at	0.23578752	1.44e-01	-1.5299653	-5.54633	-0.05228023	PCBP3	poly(rC) binding protein 3
201883_s_at	0.23639337	1.44e-01	-1.5283604	-5.54858	-0.10706297	B4GALT1	beta-1,4-galactosyltransferase 1
214539_at	0.23649445	1.44e-01	-1.5280018	-5.54908	-0.2064154	SERPINB10	serpin family B member 10
207362_at	0.23677406	1.44e-01	-1.5270893	-5.55036	-0.07081848	SLC30A4	solute carrier family 30 member 4
221408_x_at	0.23677406	1.44e-01	-1.5270633	-5.5504	-0.0586113	PCDHB12	protocadherin beta 12
216834_at	0.23677406	1.44e-01	-1.5269845	-5.55051	-0.55582464	RGS1	regulator of G-protein signaling 1
216836_s_at	0.23696189	1.44e-01	-1.5264126	-5.55131	-0.05844812	ERBB2	erb-b2 receptor tyrosine kinase 2
222047_s_at	0.23728228	1.45e-01	1.5255151	-5.55257	0.12371027	SRRT	serrate, RNA effector molecule
202581_at	0.23733536	1.45e-01	1.5252751	-5.55291	0.42662335	HSPA1B///HSPA1A	heat shock protein family A (Hsp70) member 1B///heat shock protein family A (Hsp70) member 1A
222051_s_at	0.23747511	1.45e-01	-1.5248222	-5.55354	-0.07445366	E2F5	E2F transcription factor 5
203022_at	0.23774611	1.45e-01	1.5240473	-5.55463	0.14070879	RNASEH2A	ribonuclease H2 subunit A
32625_at	0.23843925	1.45e-01	1.5222384	-5.55716	0.05017084	NPR1	natriuretic peptide receptor 1
203657_s_at	0.23855514	1.46e-01	-1.5218451	-5.55771	-0.1053183	CTSF	cathepsin F
202411_at	0.23855536	1.46e-01	-1.5217352	-5.55786	-0.12381158	IFI27	interferon alpha inducible protein 27
214598_at	0.23872083	1.46e-01	-1.5212016	-5.55861	-0.06783286	CLDN8	claudin 8
1316_at	0.23872083	1.46e-01	-1.5211113	-5.55873	-0.05766569	THRA	thyroid hormone receptor, alpha
207136_at	0.23879121	1.46e-01	-1.5208297	-5.55913	-0.04995147	ARR3	arrestin 3
200899_s_at	0.23908874	1.46e-01	1.5198795	-5.56046	0.19343954	MGEA5	meningioma expressed antigen 5 (hyaluronidase)
220378_at	0.23908874	1.46e-01	-1.5197595	-5.56062	-0.06399354	TCP11	t-complex 11
202826_at	0.23908874	1.46e-01	-1.5196755	-5.56074	-0.09821451	SPINT1	serine peptidase inhibitor, Kunitz type 1
214554_at	0.23908874	1.46e-01	-1.5196646	-5.56076	-0.05637137	HIST1H2AL	histone cluster 1, H2al
202295_s_at	0.2391005	1.46e-01	-1.5195231	-5.56095	-0.21578656	CTSH	cathepsin H
201681_s_at	0.2391005	1.46e-01	1.5194172	-5.5611	0.08313489	DLG5	discs large MAGUK scaffold protein 5
211841_s_at	0.23910889	1.46e-01	1.5192874	-5.56128	0.0785287	TNFRSF25	TNF receptor superfamily member 25
205690_s_at	0.23910963	1.46e-01	1.5191061	-5.56154	0.13627355	BUD31	BUD31 homolog
200017_at	0.23910963	1.46e-01	-1.5189284	-5.56178	-0.11648215	RPS27A	ribosomal protein S27a
214507_s_at	0.23910963	1.46e-01	1.5188973	-5.56183	0.15785605	EXOSC2	exosome component 2
210372_s_at	0.23910963	1.46e-01	-1.5188484	-5.5619	-0.11512454	TPD52L1	tumor protein D52-like 1
209016_s_at	0.23928553	1.46e-01	-1.5183093	-5.56265	-0.07324355	KRT7	keratin 7
214515_at	0.23930185	1.46e-01	-1.5181602	-5.56286	-0.05619425	OR1E1	olfactory receptor family 1 subfamily E member 1
205693_at	0.23944456	1.47e-01	-1.5177024	-5.56349	-0.06067204	TNNT3	troponin T3, fast skeletal type
201186_at	0.2394721	1.47e-01	1.517526	-5.56374	0.12525694	LRPAP1	LDL receptor related protein associated protein 1
32402_s_at	0.23960138	1.47e-01	1.5171012	-5.56433	0.08338643	SYMPK	symplekin
205989_s_at	0.23990626	1.47e-01	-1.5162157	-5.56557	-0.05412201	MOG	myelin oligodendrocyte glycoprotein
203815_at	0.23990626	1.47e-01	1.5160313	-5.56583	0.32523742	GSTT1	glutathione S-transferase theta 1
213436_at	0.23990626	1.47e-01	-1.5160299	-5.56583	-0.07254563	CNR1	cannabinoid receptor 1
203236_s_at	0.23995149	1.47e-01	1.5158104	-5.56613	0.20339927	LGALS9	galectin 9
202114_at	0.24019195	1.47e-01	1.5150466	-5.5672	0.11383742	SNX2	sorting nexin 2
219454_at	0.24019195	1.47e-01	1.5150061	-5.56726	0.09215723	EGFL6	EGF like domain multiple 6
35776_at	0.24026732	1.47e-01	1.5147133	-5.56766	0.05866523	ITSN1	intersectin 1
200035_at	0.24077625	1.48e-01	1.5133511	-5.56956	0.16127462	CTDNEP1	CTD nuclear envelope phosphatase 1
221411_at	0.24077625	1.48e-01	-1.5132566	-5.56969	-0.09673512	HOXD12	homeobox D12
200733_s_at	0.24089855	1.48e-01	1.5128501	-5.57026	0.15194823	PTP4A1	protein tyrosine phosphatase type IVA, member 1
220446_s_at	0.24091168	1.48e-01	-1.5126358	-5.57056	-0.07450921	CHST4	carbohydrate sulfotransferase 4
204769_s_at	0.24091168	1.48e-01	1.5126	-5.57061	0.1111122	TAP2	transporter 2, ATP binding cassette subfamily B member
219934_s_at	0.2409952	1.48e-01	-1.5122879	-5.57104	-0.0437174	SULT1E1	sulfotransferase family 1E member 1
215148_s_at	0.24125244	1.48e-01	1.511554	-5.57206	0.06918208	APBA3	amyloid beta precursor protein binding family A member 3
221154_at	0.24136077	1.48e-01	-1.511182	-5.57258	-0.06451992	TRIM49C///TRIM49	tripartite motif containing 49C///tripartite motif containing 49
208458_at	0.24136129	1.48e-01	-1.5110716	-5.57273	-0.07106755	SCNN1D	sodium channel epithelial 1 delta subunit
219952_s_at	0.24137565	1.48e-01	-1.5109277	-5.57293	-0.1466682	MCOLN1	mucolipin 1
203410_at	0.24180423	1.49e-01	1.5097227	-5.57461	0.0703651	AP3M2	adaptor related protein complex 3 mu 2 subunit
207745_at	0.24180423	1.49e-01	-1.5096701	-5.57468	-0.05682152	CABP2	calcium binding protein 2
35201_at	0.24181167	1.49e-01	-1.509543	-5.57486	-0.19979969	HNRNPL	heterogeneous nuclear ribonucleoprotein L
204786_s_at	0.24190017	1.49e-01	-1.5092195	-5.57531	-0.130165	IFNAR2	interferon alpha and beta receptor subunit 2
207051_at	0.24203621	1.49e-01	-1.5087809	-5.57592	-0.04705015	SLC17A4	solute carrier family 17 member 4
213623_at	0.24206286	1.49e-01	-1.5086074	-5.57616	-0.06127775	KIF3A	kinesin family member 3A
219477_s_at	0.24230212	1.49e-01	1.507906	-5.57713	0.09746504	LOC101930578///MRPS31P5///THSD1	uncharacterized LOC101930578///mitochondrial ribosomal protein S31 pseudogene 5///thrombospondin type 1 domain containing 1
208249_s_at	0.24230212	1.49e-01	1.5078102	-5.57727	0.16213477	TGDS	TDP-glucose 4,6-dehydratase
200694_s_at	0.24257642	1.49e-01	1.5070377	-5.57834	0.11368336	DDX24	DEAD-box helicase 24
214608_s_at	0.24259189	1.49e-01	-1.5068913	-5.57854	-0.08105267	EYA1	EYA transcriptional coactivator and phosphatase 1
202573_at	0.24260316	1.49e-01	1.5067551	-5.57873	0.11660367	CSNK1G2	casein kinase 1 gamma 2
219296_at	0.24295436	1.50e-01	-1.5057975	-5.58006	-0.09986961	ZDHHC13	zinc finger DHHC-type containing 13
204673_at	0.24309292	1.50e-01	-1.505354	-5.58067	-0.05352862	MUC2	mucin 2, oligomeric mucus/gel-forming
200701_at	0.24310533	1.50e-01	-1.5052151	-5.58087	-0.21286682	NPC2	NPC intracellular cholesterol transporter 2
202465_at	0.24358684	1.50e-01	-1.5039447	-5.58263	-0.06202858	PCOLCE	procollagen C-endopeptidase enhancer
220076_at	0.24363238	1.50e-01	-1.503726	-5.58293	-0.06879655	ANKH	ANKH inorganic pyrophosphate transport regulator
202270_at	0.24374499	1.50e-01	-1.5033458	-5.58346	-0.15060264	GBP1	guanylate binding protein 1
219285_s_at	0.24387863	1.50e-01	-1.502915	-5.58405	-0.09399119	NIN	ninein
214506_at	0.24390447	1.50e-01	-1.5027438	-5.58429	-0.0605238	GPR182	G protein-coupled receptor 182
206612_at	0.24396758	1.50e-01	-1.5023206	-5.58488	-0.0675722	CACNG1	calcium voltage-gated channel auxiliary subunit gamma 1
208508_s_at	0.24396758	1.50e-01	1.5022728	-5.58494	0.07211475	OR2J2	olfactory receptor family 2 subfamily J member 2
205486_at	0.24396758	1.50e-01	1.5022652	-5.58495	0.07364936	TESK2	testis-specific kinase 2
207720_at	0.24415305	1.51e-01	-1.5017099	-5.58572	-0.05441675	LOR	loricrin
220683_at	0.24447968	1.51e-01	1.5008044	-5.58698	0.05871999	RDH8	retinol dehydrogenase 8 (all-trans)
221584_s_at	0.24447968	1.51e-01	-1.5007067	-5.58711	-0.07389662	KCNMA1	potassium calcium-activated channel subfamily M alpha 1
205445_at	0.24452079	1.51e-01	-1.500499	-5.5874	-0.05403086	PRL	prolactin
203329_at	0.24531011	1.51e-01	-1.4984958	-5.59017	-0.09384304	PTPRM	protein tyrosine phosphatase, receptor type M
203915_at	0.24548916	1.52e-01	-1.4979578	-5.59091	-0.05847879	CXCL9	C-X-C motif chemokine ligand 9
204162_at	0.24551168	1.52e-01	1.497795	-5.59114	0.21876273	NDC80	NDC80, kinetochore complex component
202840_at	0.245773	1.52e-01	-1.4970604	-5.59215	-0.14121967	TAF15	TATA-box binding protein associated factor 15
203055_s_at	0.24581878	1.52e-01	1.496842	-5.59245	0.08979817	LOC100505585///ARHGEF1	uncharacterized LOC100505585///Rho guanine nucleotide exchange factor 1
222008_at	0.24594369	1.52e-01	-1.4964193	-5.59304	-0.0506823	COL9A1	collagen type IX alpha 1 chain
207421_at	0.24594369	1.52e-01	-1.4963254	-5.59316	-0.05063542	CA5A	carbonic anhydrase 5A
210971_s_at	0.245969	1.52e-01	1.4961109	-5.59346	0.05876404	ARNTL	aryl hydrocarbon receptor nuclear translocator like
219700_at	0.245969	1.52e-01	-1.4958866	-5.59377	-0.07717323	PLXDC1	plexin domain containing 1
208972_s_at	0.245969	1.52e-01	1.4958619	-5.5938	0.13162314	ATP5G1	ATP synthase, H+ transporting, mitochondrial Fo complex subunit C1 (subunit 9)
204841_s_at	0.245969	1.52e-01	-1.4958295	-5.59385	-0.08072569	EEA1	early endosome antigen 1
206236_at	0.24601692	1.52e-01	-1.4956061	-5.59416	-0.06617193	GPR4	G protein-coupled receptor 4
208334_at	0.2460254	1.52e-01	-1.4954771	-5.59434	-0.075457	NDST4	N-deacetylase and N-sulfotransferase 4
208040_s_at	0.24676795	1.53e-01	-1.4935942	-5.59693	-0.0509122	MYBPC3	myosin binding protein C, cardiac
221465_at	0.24701103	1.53e-01	-1.4928836	-5.59791	-0.07786179	OR6A2	olfactory receptor family 6 subfamily A member 2
219584_at	0.24701103	1.53e-01	-1.4927968	-5.59803	-0.07838909	PLA1A	phospholipase A1 member A
214535_s_at	0.24711679	1.53e-01	-1.4924359	-5.59853	-0.0756479	ADAMTS2	ADAM metallopeptidase with thrombospondin type 1 motif 2
210823_s_at	0.24735046	1.53e-01	-1.4917704	-5.59944	-0.05606997	PTPRS	protein tyrosine phosphatase, receptor type S
218918_at	0.24735388	1.53e-01	-1.4916535	-5.59961	-0.09648604	MAN1C1	mannosidase alpha class 1C member 1
207128_s_at	0.247381	1.53e-01	1.4913788	-5.59998	0.07861226	ZNF223	zinc finger protein 223
209988_s_at	0.247381	1.53e-01	-1.4913714	-5.59999	-0.05781001	ASCL1	achaete-scute family bHLH transcription factor 1
212038_s_at	0.24787257	1.54e-01	1.4900927	-5.60175	0.21268352	VDAC1	voltage dependent anion channel 1
207769_s_at	0.24843443	1.54e-01	1.4886278	-5.60377	0.09732644	PQBP1	polyglutamine binding protein 1
205011_at	0.24843443	1.54e-01	-1.4885044	-5.60394	-0.07584234	VWA5A	von Willebrand factor A domain containing 5A
219737_s_at	0.24843443	1.54e-01	-1.4884316	-5.60404	-0.37046352	PCDH9	protocadherin 9
201953_at	0.24861769	1.54e-01	1.4878879	-5.60479	0.14525707	CIB1	calcium and integrin binding 1
200748_s_at	0.24924691	1.55e-01	1.4862879	-5.60698	0.27050794	FTH1	ferritin heavy chain 1
205899_at	0.24940023	1.55e-01	1.4858162	-5.60763	0.10770936	CCNA1	cyclin A1
202667_s_at	0.24972811	1.55e-01	-1.4849319	-5.60885	-0.08379398	SLC39A7	solute carrier family 39 member 7
205701_at	0.2497502	1.55e-01	1.484771	-5.60907	0.07250738	IPO8	importin 8
222018_at	0.24976721	1.55e-01	-1.484622	-5.60927	-0.14853146	NACA	nascent polypeptide-associated complex alpha subunit
202822_at	0.24979042	1.55e-01	-1.4844584	-5.60949	-0.08969727	LPP	LIM domain containing preferred translocation partner in lipoma
210577_at	0.24984153	1.55e-01	-1.4842289	-5.60981	-0.06499388	CASR	calcium sensing receptor
206325_at	0.25000523	1.55e-01	-1.4837334	-5.61049	-0.05271975	SERPINA6	serpin family A member 6
214600_at	0.2504115	1.56e-01	-1.4826656	-5.61195	-0.06167273	TEAD1	TEA domain transcription factor 1
204540_at	0.2507941	1.56e-01	1.4816548	-5.61334	0.07446574	EEF1A2	eukaryotic translation elongation factor 1 alpha 2
206830_at	0.25091408	1.56e-01	-1.4812634	-5.61387	-0.07208601	SLC4A10	solute carrier family 4 member 10
205339_at	0.25097047	1.56e-01	1.4810219	-5.61421	0.11512788	STIL	SCL/TAL1 interrupting locus
212737_at	0.25115273	1.56e-01	1.4804014	-5.61505	0.09623265	GM2A	GM2 ganglioside activator
221689_s_at	0.25115273	1.56e-01	1.4803753	-5.61509	0.16082716	PIGP	phosphatidylinositol glycan anchor biosynthesis class P
207808_s_at	0.25154167	1.56e-01	1.4793517	-5.61649	0.19286774	PROS1	protein S (alpha)
206070_s_at	0.25175054	1.57e-01	-1.4787396	-5.61733	-0.06944783	EPHA3	EPH receptor A3
38398_at	0.25175054	1.57e-01	1.4786434	-5.61746	0.07124243	MADD	MAP kinase activating death domain
202912_at	0.25206928	1.57e-01	-1.4777862	-5.61863	-0.09828459	ADM	adrenomedullin
218184_at	0.25220917	1.57e-01	-1.4773493	-5.61923	-0.0877067	TULP4	tubby like protein 4
209443_at	0.25226251	1.57e-01	-1.4770996	-5.61957	-0.06280441	SERPINA5	serpin family A member 5
210070_s_at	0.25226251	1.57e-01	1.476982	-5.61973	0.10497924	CHKB-CPT1B///CPT1B	CHKB-CPT1B readthrough (NMD candidate)///carnitine palmitoyltransferase 1B
212817_at	0.25226251	1.57e-01	-1.4768981	-5.61985	-0.06834059	DNAJB5	DnaJ heat shock protein family (Hsp40) member B5
203429_s_at	0.25227669	1.57e-01	1.4767562	-5.62004	0.1407659	SUCO	SUN domain containing ossification factor
216716_at	0.25252272	1.57e-01	1.4760706	-5.62098	0.06994026	ABO	ABO blood group (transferase A, alpha 1-3-N-acetylgalactosaminyltransferase; transferase B, alpha 1-3-galactosyltransferase)
219543_at	0.25291164	1.58e-01	-1.4750138	-5.62242	-0.05922897	PBLD	phenazine biosynthesis like protein domain containing
207318_s_at	0.25291164	1.58e-01	-1.4749423	-5.62252	-0.18662045	CDK13	cyclin dependent kinase 13
214386_at	0.25316014	1.58e-01	-1.474252	-5.62346	-0.06413614		
208445_s_at	0.25342771	1.58e-01	1.4735177	-5.62446	0.15061505	BAZ1B	bromodomain adjacent to zinc finger domain 1B
213249_at	0.25359288	1.58e-01	-1.4730231	-5.62514	-0.05777169	FBXL7	F-box and leucine rich repeat protein 7
206922_at	0.25394836	1.58e-01	-1.4720844	-5.62641	-0.0622365	VCY1B///VCY	variable charge, Y-linked 1B///variable charge, Y-linked
206609_at	0.25425788	1.59e-01	-1.4712538	-5.62755	-0.04409082	MAGEC1	MAGE family member C1
218373_at	0.25447496	1.59e-01	-1.4706392	-5.62838	-0.08488579	AKTIP	AKT interacting protein
206132_at	0.25458545	1.59e-01	-1.4702732	-5.62888	-0.06947792	MCC	mutated in colorectal cancers
220979_s_at	0.25468398	1.59e-01	-1.4699351	-5.62934	-0.08898618	ST6GALNAC5	ST6 N-acetylgalactosaminide alpha-2,6-sialyltransferase 5
204190_at	0.25513346	1.59e-01	1.4687806	-5.63091	0.12559702	USPL1	ubiquitin specific peptidase like 1
210138_at	0.25563216	1.60e-01	-1.467499	-5.63266	-0.06197614	RGS20	regulator of G-protein signaling 20
203540_at	0.25563216	1.60e-01	-1.4674046	-5.63279	-0.06971887	GFAP	glial fibrillary acidic protein
220334_at	0.25640847	1.60e-01	-1.4654959	-5.63538	-0.05694706	RGS17	regulator of G-protein signaling 17
201034_at	0.25648175	1.60e-01	-1.4652175	-5.63576	-0.19593068	ADD3	adducin 3
221051_s_at	0.2566779	1.60e-01	-1.4646548	-5.63652	-0.06888318	NMRK2	nicotinamide riboside kinase 2
210017_at	0.25705591	1.61e-01	-1.4635932	-5.63796	-0.09151272	MALT1	MALT1 paracaspase
221271_at	0.25705591	1.61e-01	-1.4635631	-5.638	-0.05423195	IL21	interleukin 21
215726_s_at	0.257271	1.61e-01	1.4629575	-5.63882	0.06908124	CYB5A	cytochrome b5 type A
221355_at	0.25771727	1.61e-01	-1.4618186	-5.64037	-0.05947232	CHRNG	cholinergic receptor nicotinic gamma subunit
202284_s_at	0.25843749	1.62e-01	-1.4600505	-5.64276	-0.13784831	CDKN1A	cyclin dependent kinase inhibitor 1A
212187_x_at	0.25876848	1.62e-01	-1.4591094	-5.64404	-0.05779868	PTGDS	prostaglandin D2 synthase
207048_at	0.25876848	1.62e-01	-1.4590716	-5.64409	-0.06688381	SLC6A11	solute carrier family 6 member 11
205741_s_at	0.25929218	1.62e-01	-1.4576169	-5.64606	-0.06855747	DTNA	dystrobrevin alpha
203917_at	0.25929218	1.62e-01	1.4575603	-5.64613	0.13871276	CXADR	coxsackie virus and adenovirus receptor
205157_s_at	0.25929218	1.62e-01	-1.4575422	-5.64616	-0.08022017	KRT17///JUP	keratin 17///junction plakoglobin
201859_at	0.25952117	1.62e-01	-1.456908	-5.64702	-0.16378	SRGN	serglycin
206273_at	0.25982247	1.63e-01	-1.4561084	-5.6481	-0.05396646	PRELID3A	PRELI domain containing 3A
217478_s_at	0.26018284	1.63e-01	-1.4551741	-5.64936	-0.2168799	HLA-DMA	major histocompatibility complex, class II, DM alpha
204561_x_at	0.26040026	1.63e-01	1.4545678	-5.65018	0.17702881	APOC4-APOC2///APOC4///APOC2	APOC4-APOC2 readthrough (NMD candidate)///apolipoprotein C4///apolipoprotein C2
220830_at	0.26082325	1.63e-01	-1.4534186	-5.65173	-0.05406823	IMPG2	interphotoreceptor matrix proteoglycan 2
37424_at	0.26082325	1.63e-01	1.4533831	-5.65178	0.04785974	CCHCR1	coiled-coil alpha-helical rod protein 1
220050_at	0.2609507	1.64e-01	-1.4529832	-5.65232	-0.10219643	SPACA9	sperm acrosome associated 9
204970_s_at	0.26110647	1.64e-01	1.4525187	-5.65294	0.08364236	MAFG	MAF bZIP transcription factor G
204064_at	0.2612357	1.64e-01	1.452115	-5.65349	0.06553367	THOC1	THO complex 1
209661_at	0.26131194	1.64e-01	1.4518322	-5.65387	0.08701966	KIFC3	kinesin family member C3
221654_s_at	0.26141062	1.64e-01	-1.4514213	-5.65442	-0.23181757	USP3	ubiquitin specific peptidase 3
218758_s_at	0.26141062	1.64e-01	1.4513897	-5.65447	0.065479	RRP1	ribosomal RNA processing 1
202630_at	0.26159711	1.64e-01	1.4508556	-5.65518	0.13185967	APPBP2	amyloid beta precursor protein binding protein 2
207276_at	0.26160893	1.64e-01	-1.45072	-5.65537	-0.06188451	CDR1	cerebellar degeneration related protein 1
205425_at	0.26173431	1.64e-01	1.4502703	-5.65597	0.07874016	HIP1	huntingtin interacting protein 1
207601_at	0.26173431	1.64e-01	-1.4502168	-5.65605	-0.06580398	SULT1B1	sulfotransferase family 1B member 1
206953_s_at	0.26182774	1.64e-01	1.4498952	-5.65648	0.05982916	ADGRL2	adhesion G protein-coupled receptor L2
220387_s_at	0.26187548	1.64e-01	1.4496778	-5.65677	0.07118032	HHLA3	HERV-H LTR-associating 3
200649_at	0.26223948	1.65e-01	1.4487313	-5.65805	0.22983638	NUCB1	nucleobindin 1
201935_s_at	0.26223948	1.65e-01	1.4486316	-5.65818	0.15037855	EIF4G3	eukaryotic translation initiation factor 4 gamma 3
204247_s_at	0.26237615	1.65e-01	1.4481562	-5.65882	0.08299571	CDK5	cyclin dependent kinase 5
206037_at	0.26237615	1.65e-01	1.4481033	-5.65889	0.05885772	KYAT1	kynurenine aminotransferase 1
204476_s_at	0.26277478	1.65e-01	1.4470883	-5.66026	0.07117685	PC	pyruvate carboxylase
214453_s_at	0.26286212	1.65e-01	1.4467812	-5.66067	0.15332624	IFI44	interferon induced protein 44
204603_at	0.26311913	1.65e-01	1.4460889	-5.6616	0.12618096	EXO1	exonuclease 1
205484_at	0.26334145	1.66e-01	-1.4453713	-5.66256	-0.06646156	SIT1	signaling threshold regulating transmembrane adaptor 1
206949_s_at	0.26334145	1.66e-01	1.4453672	-5.66257	0.09181384	RUSC1	RUN and SH3 domain containing 1
202688_at	0.26338987	1.66e-01	-1.4451487	-5.66286	-0.16746138	TNFSF10	tumor necrosis factor superfamily member 10
210565_at	0.26341293	1.66e-01	-1.4449878	-5.66308	-0.07986979	GCGR	glucagon receptor
209505_at	0.2634862	1.66e-01	-1.4446673	-5.66351	-0.09087615	NR2F1	nuclear receptor subfamily 2 group F member 1
204822_at	0.2634862	1.66e-01	1.4446045	-5.66359	0.22860365	TTK	TTK protein kinase
208497_x_at	0.26365554	1.66e-01	-1.4441119	-5.66426	-0.05806626	NEUROG1	neurogenin 1
204975_at	0.2637096	1.66e-01	-1.4438809	-5.66457	-0.07007767	EMP2	epithelial membrane protein 2
38703_at	0.26396569	1.66e-01	1.4431921	-5.66549	0.07968456	DNPEP	aspartyl aminopeptidase
37020_at	0.26400822	1.66e-01	-1.4429872	-5.66576	-0.04897764	CRP	C-reactive protein, pentraxin-related
207592_s_at	0.26410499	1.66e-01	-1.4426596	-5.6662	-0.08087165	HCN2	hyperpolarization activated cyclic nucleotide gated potassium channel 2
201268_at	0.26428118	1.67e-01	1.4421522	-5.66688	0.14679774	NME1-NME2///NME2	NME1-NME2 readthrough///NME/NM23 nucleoside diphosphate kinase 2
220452_x_at	0.2644268	1.67e-01	-1.4417143	-5.66747	-0.06882338		
221673_s_at	0.26452232	1.67e-01	1.4413897	-5.66791	0.09023647	CSNK1G1	casein kinase 1 gamma 1
213176_s_at	0.26505067	1.67e-01	1.4400874	-5.66965	0.08838977	LTBP4	latent transforming growth factor beta binding protein 4
220636_at	0.26533855	1.67e-01	-1.439298	-5.67071	-0.05788286	DNAI2	dynein axonemal intermediate chain 2
33767_at	0.26533855	1.67e-01	1.4392206	-5.67081	0.15324008	NEFH	neurofilament heavy polypeptide
214516_at	0.26558779	1.68e-01	-1.43855	-5.67171	-0.06943994	HIST2H4B///HIST4H4///HIST2H4A///HIST1H4L///HIST1H4E///HIST1H4B///HIST1H4H///HIST1H4C///HIST1H4J///HIST1H4K///HIST1H4F///HIST1H4D///HIST1H4A///HIST1H4I	histone cluster 2, H4b///histone cluster 4, H4///histone cluster 2, H4a///histone cluster 1, H4l///histone cluster 1, H4e///histone cluster 1, H4b///histone cluster 1, H4h///histone cluster 1, H4c///histone cluster 1, H4j///histone cluster 1, H4k///histone cluster 1, H4f///histone cluster 1, H4d///histone cluster 1, H4a///histone cluster 1, H4i
46167_at	0.26574103	1.68e-01	1.4380926	-5.67232	0.08687203	MROH7-TTC4///TTC4	MROH7-TTC4 readthrough (NMD candidate)///tetratricopeptide repeat domain 4
209312_x_at	0.26574103	1.68e-01	-1.4379876	-5.67246	-0.24937662	LOC101060835///LOC100996809///HLA-DRB5///HLA-DRB4///HLA-DRB1///HLA-DQB1	HLA class II histocompatibility antigen, DQ beta 1 chain-like///HLA class II histocompatibility antigen, DRB1-10 beta chain-like///major histocompatibility complex, class II, DR beta 5///major histocompatibility complex, class II, DR beta 4///major histocompatibility complex, class II, DR beta 1///major histocompatibility complex, class II, DQ beta 1
37226_at	0.26583061	1.68e-01	1.4376773	-5.67288	0.08754495	BNIP1	BCL2 interacting protein 1
207376_at	0.26639385	1.68e-01	-1.436301	-5.67472	-0.05503295	VENTX	VENT homeobox
208697_s_at	0.26641655	1.68e-01	1.4361414	-5.67493	0.11437017	EIF3E	eukaryotic translation initiation factor 3 subunit E
207143_at	0.26659868	1.68e-01	1.435589	-5.67567	0.1318585	CDK6	cyclin dependent kinase 6
205476_at	0.26659868	1.68e-01	-1.4355149	-5.67577	-0.06666818	CCL20	C-C motif chemokine ligand 20
221296_at	0.26666269	1.68e-01	-1.4352585	-5.67611	-0.07668626	TECTA	tectorin alpha
220100_at	0.26666269	1.68e-01	-1.4351187	-5.6763	-0.07740673	SLC22A11	solute carrier family 22 member 11
203445_s_at	0.26666269	1.69e-01	1.4350457	-5.6764	0.11519492	CTDSP2	CTD small phosphatase 2
206811_at	0.2667377	1.69e-01	-1.4347686	-5.67677	-0.05439439	ADCY8	adenylate cyclase 8
204026_s_at	0.26683897	1.69e-01	1.4344327	-5.67722	0.20547668	ZWINT	ZW10 interacting kinetochore protein
207575_at	0.26727361	1.69e-01	-1.4333484	-5.67866	-0.09088895	GOLGA6A	golgin A6 family member A
207621_s_at	0.26741939	1.69e-01	1.4329129	-5.67924	0.09455356	PEMT	phosphatidylethanolamine N-methyltransferase
207525_s_at	0.26767916	1.69e-01	1.4321337	-5.68028	0.07848454	GIPC1	GIPC PDZ domain containing family member 1
214705_at	0.26767916	1.69e-01	-1.4321054	-5.68032	-0.09929103	PATJ	PATJ, crumbs cell polarity complex component
206951_at	0.26767916	1.69e-01	-1.4319929	-5.68047	-0.07801756	HIST1H4E	histone cluster 1, H4e
207200_at	0.26767916	1.69e-01	-1.4318969	-5.6806	-0.0478265	OTC	ornithine carbamoyltransferase
214534_at	0.2679728	1.70e-01	-1.431048	-5.68173	-0.05492482	HIST1H1B	histone cluster 1, H1b
203315_at	0.2679728	1.70e-01	1.4310223	-5.68177	0.08682243	NCK2	NCK adaptor protein 2
220090_at	0.26839131	1.70e-01	-1.4299772	-5.68316	-0.05791884	CRNN	cornulin
204437_s_at	0.26848672	1.70e-01	-1.4296555	-5.68359	-0.04112705	FOLR1	folate receptor 1
204846_at	0.26876684	1.70e-01	1.4289209	-5.68457	0.09053537	CP	ceruloplasmin (ferroxidase)
204920_at	0.26899021	1.70e-01	-1.4283136	-5.68537	-0.0730409	CPS1	carbamoyl-phosphate synthase 1
207535_s_at	0.26957808	1.71e-01	1.4268938	-5.68726	0.07170859	NFKB2	nuclear factor kappa B subunit 2
219656_at	0.26966141	1.71e-01	-1.4265996	-5.68765	-0.06281793	PCDH12	protocadherin 12
214611_at	0.26987453	1.71e-01	-1.4259127	-5.68857	-0.07192956	GRIK1	glutamate ionotropic receptor kainate type subunit 1
208489_at	0.26987453	1.71e-01	-1.4258416	-5.68866	-0.06040533	GJA8	gap junction protein alpha 8
204932_at	0.26987453	1.71e-01	-1.4256644	-5.6889	-0.08715911	TNFRSF11B	TNF receptor superfamily member 11b
212909_at	0.26987453	1.71e-01	-1.4256507	-5.68892	-0.05594503	LYPD1	LY6/PLAUR domain containing 1
214373_at	0.26987453	1.71e-01	-1.4255829	-5.68901	-0.11326697		
220491_at	0.27030637	1.71e-01	-1.4245132	-5.69043	-0.06166301	HAMP	hepcidin antimicrobial peptide
206530_at	0.27036453	1.72e-01	-1.4242755	-5.69074	-0.05543329	RAB30	RAB30, member RAS oncogene family
204767_s_at	0.27037164	1.72e-01	1.4241513	-5.69091	0.20674508	FEN1	flap structure-specific endonuclease 1
208712_at	0.27039525	1.72e-01	1.4239905	-5.69112	0.09228964	CCND1	cyclin D1
206734_at	0.27058026	1.72e-01	1.4234708	-5.69181	0.11632663	JRKL	JRK-like
206387_at	0.27062035	1.72e-01	-1.4232733	-5.69207	-0.05417808	CDX2	caudal type homeobox 2
210073_at	0.27103075	1.72e-01	1.4222533	-5.69343	0.06284226	ST8SIA1	ST8 alpha-N-acetyl-neuraminide alpha-2,8-sialyltransferase 1
218412_s_at	0.27123898	1.72e-01	-1.4216372	-5.69424	-0.06662443	GTF2IRD1	GTF2I repeat domain containing 1
213963_s_at	0.27123898	1.72e-01	1.4215745	-5.69433	0.09810134	SAP30	Sin3A associated protein 30
221366_at	0.27129637	1.72e-01	-1.4213388	-5.69464	-0.07201785	NKX6-1	NK6 homeobox 1
205671_s_at	0.27137512	1.72e-01	-1.4210558	-5.69501	-0.10378066	HLA-DOB	major histocompatibility complex, class II, DO beta
218408_at	0.27139853	1.73e-01	1.4208956	-5.69523	0.16731635	TIMM10	translocase of inner mitochondrial membrane 10 homolog (yeast)
220887_at	0.27158663	1.73e-01	-1.4203183	-5.69599	-0.06798391	CCDC177	coiled-coil domain containing 177
203727_at	0.27158663	1.73e-01	1.420262	-5.69607	0.05829268	SKIV2L	Ski2 like RNA helicase
220087_at	0.27164093	1.73e-01	-1.4200333	-5.69637	-0.06962086	BCO1	beta-carotene oxygenase 1
200745_s_at	0.2717074	1.73e-01	1.4197777	-5.69671	0.17157992	GNB1	G protein subunit beta 1
204295_at	0.27188453	1.73e-01	-1.419277	-5.69737	-0.11351542	SURF1	surfeit 1
218708_at	0.27192402	1.73e-01	1.4190111	-5.69772	0.10239778	NXT1	nuclear transport factor 2 like export factor 1
205241_at	0.27192402	1.73e-01	-1.4189731	-5.69777	-0.08969882	SCO2	SCO2 cytochrome c oxidase assembly protein
207368_at	0.27229511	1.73e-01	-1.4180433	-5.699	-0.05763482	HTR1D	5-hydroxytryptamine receptor 1D
208033_s_at	0.2723911	1.73e-01	1.4177227	-5.69943	0.05969701	ZFHX3	zinc finger homeobox 3
207518_at	0.27336205	1.74e-01	-1.4154695	-5.70241	-0.06362269	DGKE	diacylglycerol kinase epsilon
204261_s_at	0.27336464	1.74e-01	1.4153556	-5.70256	0.07546622	PSEN2	presenilin 2
39249_at	0.27349814	1.74e-01	-1.4149528	-5.70309	-0.06503772	AQP3	aquaporin 3 (Gill blood group)
204470_at	0.27376487	1.74e-01	-1.4142566	-5.70401	-0.05484209	CXCL1	C-X-C motif chemokine ligand 1
206783_at	0.27386038	1.75e-01	-1.4138763	-5.70451	-0.0498104	FGF4	fibroblast growth factor 4
201541_s_at	0.27386038	1.75e-01	1.4138297	-5.70457	0.11731018	ZNHIT1	zinc finger HIT-type containing 1
206517_at	0.27411306	1.75e-01	-1.413165	-5.70545	-0.08840706	CDH16	cadherin 16
218237_s_at	0.27438222	1.75e-01	1.4123634	-5.70651	0.2660685	SLC38A1	solute carrier family 38 member 1
205428_s_at	0.27438222	1.75e-01	1.4123562	-5.70652	0.06405102	CALB2	calbindin 2
38918_at	0.27447918	1.75e-01	-1.4120313	-5.70695	-0.06254312	SOX13	SRY-box 13
202548_s_at	0.27447918	1.75e-01	1.4119265	-5.70709	0.13909066	ARHGEF7	Rho guanine nucleotide exchange factor 7
220116_at	0.27448297	1.75e-01	-1.41181	-5.70724	-0.06159346	KCNN2	potassium calcium-activated channel subfamily N member 2
217754_at	0.27477823	1.75e-01	1.4109531	-5.70837	0.08940549	DDX56	DEAD-box helicase 56
208804_s_at	0.27477823	1.75e-01	-1.4109445	-5.70838	-0.18486216	SRSF6	serine and arginine rich splicing factor 6
220752_at	0.2747974	1.75e-01	-1.4107942	-5.70858	-0.08964076	LOC51145	uncharacterized LOC51145
205779_at	0.27509974	1.76e-01	1.4099456	-5.7097	0.06414167	RAMP2	receptor activity modifying protein 2
214613_at	0.27509974	1.76e-01	-1.4098301	-5.70985	-0.0448255	GPR3	G protein-coupled receptor 3
205041_s_at	0.27509974	1.76e-01	-1.4098056	-5.70988	-0.07673379	ORM2///ORM1	orosomucoid 2///orosomucoid 1
204043_at	0.2751006	1.76e-01	-1.4096956	-5.71003	-0.06399982	TCN2	transcobalamin 2
201584_s_at	0.27515128	1.76e-01	1.4094723	-5.71032	0.15218429	DDX39A	DEAD-box helicase 39A
207960_at	0.27515128	1.76e-01	-1.4093681	-5.71046	-0.05664243		
222005_s_at	0.27532136	1.76e-01	-1.4088867	-5.71109	-0.06753165	GNG3	G protein subunit gamma 3
202298_at	0.27534142	1.76e-01	1.4087345	-5.71129	0.12061469	NDUFA1	NADH:ubiquinone oxidoreductase subunit A1
206977_at	0.27554164	1.76e-01	-1.4081872	-5.71201	-0.05880019	PTH	parathyroid hormone
210728_s_at	0.27573801	1.76e-01	-1.4076485	-5.71272	-0.05086533	CALCA	calcitonin related polypeptide alpha
206178_at	0.27574027	1.76e-01	-1.4075355	-5.71287	-0.06728385	PLA2G5	phospholipase A2 group V
204286_s_at	0.2758225	1.76e-01	-1.4072471	-5.71325	-0.20308317	PMAIP1	phorbol-12-myristate-13-acetate-induced protein 1
221464_at	0.27587532	1.77e-01	-1.4070233	-5.71354	-0.05011674	OR1D2	olfactory receptor family 1 subfamily D member 2
210262_at	0.27654636	1.77e-01	1.405446	-5.71562	0.06708803	CRISP2	cysteine rich secretory protein 2
201781_s_at	0.27668024	1.77e-01	1.4050451	-5.71614	0.08575968	AIP	aryl hydrocarbon receptor interacting protein
201791_s_at	0.27680608	1.77e-01	1.4046619	-5.71665	0.10904021	DHCR7	7-dehydrocholesterol reductase
57540_at	0.27743765	1.78e-01	-1.4031745	-5.7186	-0.07301971	RBKS	ribokinase
206635_at	0.27804429	1.78e-01	-1.4017279	-5.7205	-0.06168132	CHRNB2	cholinergic receptor nicotinic beta 2 subunit
207342_at	0.27804429	1.78e-01	-1.4016358	-5.72062	-0.0506912	CNGB1	cyclic nucleotide gated channel beta 1
213521_at	0.27806634	1.78e-01	1.4013848	-5.72095	0.11096439	PTPN18	protein tyrosine phosphatase, non-receptor type 18
217790_s_at	0.27806634	1.78e-01	1.4013716	-5.72096	0.12745569	SSR3	signal sequence receptor subunit 3
218061_at	0.27820433	1.78e-01	1.400963	-5.7215	0.14007561	MEA1	male-enhanced antigen 1
207381_at	0.27841886	1.78e-01	-1.4003879	-5.72225	-0.07971527	ALOX12B	arachidonate 12-lipoxygenase, 12R type
205658_s_at	0.27901452	1.79e-01	-1.3989846	-5.72409	-0.05571231	SNAPC4	small nuclear RNA activating complex polypeptide 4
207607_at	0.27916562	1.79e-01	1.3985483	-5.72466	0.10978602	ASCL2	achaete-scute family bHLH transcription factor 2
209035_at	0.27930852	1.79e-01	-1.3981299	-5.72521	-0.12250667	MDK	midkine (neurite growth-promoting factor 2)
222242_s_at	0.27995866	1.80e-01	-1.3965379	-5.72729	-0.06617042	KLK5	kallikrein related peptidase 5
200827_at	0.27995866	1.80e-01	1.3965036	-5.72734	0.08120438	PLOD1	procollagen-lysine,2-oxoglutarate 5-dioxygenase 1
203081_at	0.28004826	1.80e-01	1.3962014	-5.72773	0.09544651	CTNNBIP1	catenin beta interacting protein 1
209103_s_at	0.28013788	1.80e-01	1.3958992	-5.72813	0.06803874	UFD1L	ubiquitin fusion degradation 1 like (yeast)
212508_at	0.2802363	1.80e-01	1.3955779	-5.72855	0.13377032	MOAP1	modulator of apoptosis 1
200696_s_at	0.28070258	1.80e-01	-1.3944608	-5.73001	-0.19547219	GSN	gelsolin
211011_at	0.28080799	1.80e-01	-1.3941248	-5.73044	-0.04896798	COL19A1	collagen type XIX alpha 1 chain
204688_at	0.28092151	1.80e-01	-1.3937713	-5.73091	-0.06005987	SGCE	sarcoglycan epsilon
205208_at	0.28115455	1.81e-01	-1.3931597	-5.7317	-0.05984639	ALDH1L1	aldehyde dehydrogenase 1 family member L1
206883_x_at	0.28119289	1.81e-01	-1.3928834	-5.73206	-0.07228077	GP9	glycoprotein IX platelet
206910_x_at	0.28119289	1.81e-01	1.3928608	-5.73209	0.05210312	CFHR2	complement factor H related 2
207523_at	0.28125243	1.81e-01	-1.3926241	-5.7324	-0.06895731	C6orf10	chromosome 6 open reading frame 10
209420_s_at	0.28140217	1.81e-01	1.3921927	-5.73297	0.05807091	SMPD1	sphingomyelin phosphodiesterase 1
218086_at	0.28167599	1.81e-01	-1.3914938	-5.73388	-0.19375	NPDC1	neural proliferation, differentiation and control 1
222199_s_at	0.28185945	1.81e-01	1.3909901	-5.73453	0.08518049	BIN3	bridging integrator 3
214536_at	0.28212442	1.81e-01	-1.3903109	-5.73542	-0.05644239	SLURP1	secreted LY6/PLAUR domain containing 1
208493_at	0.28234079	1.82e-01	-1.3896352	-5.7363	-0.05354645	HOXA11	homeobox A11
211875_x_at	0.28234079	1.82e-01	-1.3896288	-5.73631	-0.06175166	PCDHGA10	protocadherin gamma subfamily A, 10
220230_s_at	0.28276622	1.82e-01	-1.3886052	-5.73764	-0.05801056	CYB5R2	cytochrome b5 reductase 2
206105_at	0.28291204	1.82e-01	-1.3881836	-5.73819	-0.05707927	AFF2	AF4/FMR2 family member 2
201576_s_at	0.28301911	1.82e-01	1.3878453	-5.73863	0.08714401	TMPPE///GLB1	transmembrane protein with metallophosphoesterase domain///galactosidase beta 1
207895_at	0.28333697	1.82e-01	-1.3870295	-5.73969	-0.14855228	NAALADL1	N-acetylated alpha-linked acidic dipeptidase-like 1
206083_at	0.28333697	1.82e-01	-1.3869463	-5.7398	-0.05844992	ADGRB1	adhesion G protein-coupled receptor B1
213427_at	0.28342676	1.83e-01	1.3866455	-5.74019	0.09421754	RPP40	ribonuclease P/MRP subunit p40
204906_at	0.28383155	1.83e-01	-1.3856688	-5.74146	-0.07836776	RPS6KA2	ribosomal protein S6 kinase A2
214067_at	0.28464566	1.83e-01	-1.3838166	-5.74386	-0.05805188	TSR3	TSR3, acp transferase ribosome maturation factor
207111_at	0.28535863	1.84e-01	-1.3821843	-5.74598	-0.12005434	ADGRE1	adhesion G protein-coupled receptor E1
201862_s_at	0.28546444	1.84e-01	1.3818166	-5.74646	0.18021574	LRRFIP1	LRR binding FLII interacting protein 1
221301_at	0.28546444	1.84e-01	-1.3817421	-5.74655	-0.0612109	VWA7	von Willebrand factor A domain containing 7
203997_at	0.28598056	1.84e-01	-1.3805327	-5.74812	-0.0648955	PTPN3	protein tyrosine phosphatase, non-receptor type 3
206982_at	0.2860636	1.85e-01	-1.3802476	-5.74849	-0.07122997	CRYBA1	crystallin beta A1
203916_at	0.286137	1.85e-01	-1.379983	-5.74883	-0.07356537	NDST2	N-deacetylase and N-sulfotransferase 2
204035_at	0.2861577	1.85e-01	-1.3798308	-5.74903	-0.05937276	SCG2	secretogranin II
201786_s_at	0.28625543	1.85e-01	1.3795144	-5.74944	0.08971881	ADAR	adenosine deaminase, RNA specific
221497_x_at	0.28659701	1.85e-01	-1.3786788	-5.75052	-0.0862298	EGLN1	egl-9 family hypoxia inducible factor 1
203901_at	0.28680102	1.85e-01	1.3781366	-5.75122	0.06018023	TAB1	TGF-beta activated kinase 1 (MAP3K7) binding protein 1
204635_at	0.28681781	1.85e-01	1.3779928	-5.75141	0.08872452	RPS6KA5	ribosomal protein S6 kinase A5
214485_at	0.28694612	1.85e-01	-1.3776117	-5.7519	-0.05747753	ODF1	outer dense fiber of sperm tails 1
218994_s_at	0.28706652	1.85e-01	-1.3772476	-5.75237	-0.06685491	STAG3L4	stromal antigen 3-like 4 (pseudogene)
214520_at	0.28758348	1.86e-01	-1.3759349	-5.75407	-0.07653607	FOXC2	forkhead box C2
218931_at	0.28758348	1.86e-01	-1.375933	-5.75407	-0.06137182	RAB17	RAB17, member RAS oncogene family
220331_at	0.28762034	1.86e-01	-1.3757466	-5.75431	-0.04868589	CYP46A1	cytochrome P450 family 46 subfamily A member 1
208311_at	0.28802286	1.86e-01	-1.3747843	-5.75555	-0.0576003	GPR50	G protein-coupled receptor 50
203953_s_at	0.28825409	1.86e-01	-1.374186	-5.75633	-0.0526177	CLDN3	claudin 3
219930_at	0.28863611	1.87e-01	-1.3732685	-5.75751	-0.05005908	KLF8	Kruppel like factor 8
204424_s_at	0.28891838	1.87e-01	-1.372466	-5.75854	-0.04846905	LMO3	LIM domain only 3
206320_s_at	0.28891838	1.87e-01	-1.3724279	-5.75859	-0.05179931	SMAD9	SMAD family member 9
36019_at	0.28891838	1.87e-01	1.3723468	-5.7587	0.05540359	STK19	serine/threonine kinase 19
204703_at	0.28929212	1.87e-01	1.3714482	-5.75986	0.0769292	IFT88	intraflagellar transport 88
201289_at	0.2895591	1.87e-01	1.3707759	-5.76072	0.078801	CYR61	cysteine rich angiogenic inducer 61
216026_s_at	0.28960709	1.87e-01	1.3705593	-5.761	0.08750507	POLE	DNA polymerase epsilon, catalytic subunit
203221_at	0.28960709	1.88e-01	-1.3703807	-5.76123	-0.13070757	TLE1	transducin like enhancer of split 1
201111_at	0.28960709	1.88e-01	1.3703504	-5.76127	0.19179895	CSE1L	chromosome segregation 1 like
207752_x_at	0.2896495	1.88e-01	-1.3700812	-5.76162	-0.0914917	PRB1	proline rich protein BstNI subfamily 1
209125_at	0.2896495	1.88e-01	-1.3700448	-5.76166	-0.06712356	KRT6A	keratin 6A
208377_s_at	0.29024012	1.88e-01	-1.3686901	-5.76341	-0.05191172	CACNA1F	calcium voltage-gated channel subunit alpha1 F
200704_at	0.29050202	1.88e-01	-1.3680299	-5.76426	-0.22085329	LITAF	lipopolysaccharide induced TNF factor
212401_s_at	0.29068149	1.88e-01	1.3674824	-5.76496	0.09822003	CDK11A///CDK11B	cyclin dependent kinase 11A///cyclin dependent kinase 11B
57588_at	0.29068149	1.88e-01	1.3674011	-5.76506	0.10308686	SLC24A3	solute carrier family 24 member 3
218715_at	0.29068149	1.88e-01	1.3673277	-5.76516	0.08170651	UTP6	UTP6, small subunit processome component
206201_s_at	0.2907503	1.89e-01	-1.3670747	-5.76548	-0.0818876	MEOX2	mesenchyme homeobox 2
208604_s_at	0.29109999	1.89e-01	-1.3662305	-5.76657	-0.04684791	HOXA3	homeobox A3
221207_s_at	0.29122831	1.89e-01	-1.3658525	-5.76705	-0.0795539	NBEA	neurobeachin
220231_at	0.29148452	1.89e-01	-1.3652057	-5.76788	-0.04353544	PPP1R17	protein phosphatase 1 regulatory subunit 17
206368_at	0.29169421	1.89e-01	-1.3646569	-5.76859	-0.05286678	CPLX2	complexin 2
221325_at	0.29224214	1.90e-01	-1.3633984	-5.7702	-0.07423757	KCNK13	potassium two pore domain channel subfamily K member 13
209179_s_at	0.29238014	1.90e-01	1.3630009	-5.77071	0.17634485	MBOAT7	membrane bound O-acyltransferase domain containing 7
205713_s_at	0.2924249	1.90e-01	-1.3627588	-5.77102	-0.06293761	COMP	cartilage oligomeric matrix protein
211249_at	0.2924249	1.90e-01	-1.3626162	-5.77121	-0.05653175	GPR68	G protein-coupled receptor 68
219735_s_at	0.2924249	1.90e-01	-1.362583	-5.77125	-0.0489111	TFCP2L1	transcription factor CP2-like 1
203202_at	0.29266587	1.90e-01	1.3619698	-5.77203	0.11353755	KRR1	KRR1, small subunit processome component homolog
206636_at	0.29290361	1.90e-01	1.3613142	-5.77287	0.07201129	RASA2	RAS p21 protein activator 2
200645_at	0.29290361	1.90e-01	-1.3612556	-5.77295	-0.15023658	GABARAP	GABA type A receptor-associated protein
208307_at	0.29296592	1.90e-01	-1.3610171	-5.77325	-0.05572313	RBMY1J///RBMY1E///RBMY1D///RBMY1B///RBMY1F///RBMY1A1	RNA binding motif protein, Y-linked, family 1, member J///RNA binding motif protein, Y-linked, family 1, member E///RNA binding motif protein, Y-linked, family 1, member D///RNA binding motif protein, Y-linked, family 1, member B///RNA binding motif protein, Y-linked, family 1, member F///RNA binding motif protein, Y-linked, family 1, member A1
203057_s_at	0.29314283	1.91e-01	1.3605387	-5.77387	0.10711613	PRDM2	PR/SET domain 2
207568_at	0.2933773	1.91e-01	-1.3599399	-5.77463	-0.05059926	CHRNA6	cholinergic receptor nicotinic alpha 6 subunit
220110_s_at	0.29351754	1.91e-01	1.3595386	-5.77515	0.08835673	NXF3	nuclear RNA export factor 3
208143_s_at	0.29373453	1.91e-01	-1.3589769	-5.77587	-0.05103431	EDDM3A	epididymal protein 3A
214105_at	0.29426107	1.91e-01	-1.3577689	-5.77741	-0.05913263	SOCS3	suppressor of cytokine signaling 3
215295_at	0.29444777	1.92e-01	-1.3572511	-5.77807	-0.05700561	DTNB	dystrobrevin beta
218045_x_at	0.29444777	1.92e-01	1.3571154	-5.77824	0.07649257	PTMS	parathymosin
219835_at	0.29444777	1.92e-01	-1.3570553	-5.77832	-0.06196703	PRDM8	PR/SET domain 8
204205_at	0.2944997	1.92e-01	1.3567599	-5.7787	0.09094569	APOBEC3G	apolipoprotein B mRNA editing enzyme catalytic subunit 3G
207559_s_at	0.2944997	1.92e-01	1.3566787	-5.7788	0.0823775	ZMYM3	zinc finger MYM-type containing 3
1255_g_at	0.2944997	1.92e-01	-1.3566232	-5.77887	-0.0577384	GUCA1A	guanylate cyclase activator 1A
201031_s_at	0.29452888	1.92e-01	-1.3564544	-5.77909	-0.13800865	HNRNPH1	heterogeneous nuclear ribonucleoprotein H1 (H)
221864_at	0.29496386	1.92e-01	1.3554394	-5.78038	0.13578152	ORAI3	ORAI calcium release-activated calcium modulator 3
208313_s_at	0.29508767	1.92e-01	1.3550735	-5.78085	0.22334041	SF1	splicing factor 1
204814_at	0.29547431	1.93e-01	1.3540169	-5.7822	0.06906796	CADPS	calcium dependent secretion activator
208254_at	0.29547431	1.93e-01	-1.3539784	-5.78225	-0.06392662		
212625_at	0.29547431	1.93e-01	1.3539445	-5.78229	0.0690068	STX10	syntaxin 10
200025_s_at	0.29586627	1.93e-01	-1.3530163	-5.78347	-0.10561385	RPL27	ribosomal protein L27
218384_at	0.29586627	1.93e-01	1.3529132	-5.78361	0.0964351	CARHSP1	calcium regulated heat stable protein 1
200785_s_at	0.29621918	1.93e-01	-1.3520717	-5.78468	-0.06893181	LRP1	LDL receptor related protein 1
208455_at	0.29631121	1.93e-01	-1.3517727	-5.78506	-0.07451405	NECTIN1	nectin cell adhesion molecule 1
207879_at	0.29649018	1.93e-01	-1.3512931	-5.78567	-0.09475801		
214430_at	0.29672216	1.94e-01	-1.3507037	-5.78642	-0.1144467	GLA	galactosidase alpha
221395_at	0.29677381	1.94e-01	-1.3504886	-5.78669	-0.06788249	TAS2R13	taste 2 receptor member 13
221454_at	0.29681681	1.94e-01	-1.3502915	-5.78694	-0.05148655	BOK	BOK, BCL2 family apoptosis regulator
205292_s_at	0.29711283	1.94e-01	1.3495697	-5.78786	0.15787472	HNRNPA2B1	heterogeneous nuclear ribonucleoprotein A2/B1
212628_at	0.29717261	1.94e-01	1.349255	-5.78826	0.13246611	PKN2	protein kinase N2
202531_at	0.29717261	1.94e-01	-1.3492082	-5.78832	-0.15732657	IRF1	interferon regulatory factor 1
219892_at	0.29717261	1.94e-01	1.3491222	-5.78843	0.06625134	TM6SF1	transmembrane 6 superfamily member 1
205931_s_at	0.29724593	1.94e-01	-1.3487681	-5.78888	-0.06908194	LOC401317///CREB5	uncharacterized LOC401317///cAMP responsive element binding protein 5
219571_s_at	0.29724593	1.94e-01	1.3487546	-5.7889	0.12711016	ZNF12	zinc finger protein 12
65521_at	0.29729506	1.94e-01	-1.3485449	-5.78917	-0.05060392	UBE2D4	ubiquitin conjugating enzyme E2 D4 (putative)
205775_at	0.29733605	1.94e-01	1.3482537	-5.78954	0.09314009	FAM50B	family with sequence similarity 50 member B
203985_at	0.29733605	1.94e-01	1.3481462	-5.78967	0.05487258	ZNF212	zinc finger protein 212
204718_at	0.29733605	1.94e-01	-1.3481111	-5.78972	-0.09349517	EPHB6	EPH receptor B6
201739_at	0.29733605	1.94e-01	-1.347927	-5.78995	-0.18664125	SGK1	serum/glucocorticoid regulated kinase 1
200602_at	0.29733605	1.94e-01	-1.3479212	-5.78996	-0.18330716	APP	amyloid beta precursor protein
206704_at	0.2974487	1.95e-01	-1.347557	-5.79042	-0.0504294	CLCN5	chloride voltage-gated channel 5
207326_at	0.2974487	1.95e-01	1.3474723	-5.79053	0.07358195	BTC	betacellulin
203797_at	0.29767227	1.95e-01	-1.3469014	-5.79125	-0.0585434	VSNL1	visinin like 1
221141_x_at	0.29783137	1.95e-01	1.3464642	-5.79181	0.0634509	EPN1	epsin 1
220522_at	0.29789052	1.95e-01	-1.3462341	-5.7921	-0.05134005	CRB1	crumbs 1, cell polarity complex component
203090_at	0.2983803	1.95e-01	1.3451132	-5.79352	0.06493182	SDF2	stromal cell derived factor 2
205669_at	0.29848296	1.95e-01	-1.3447932	-5.79393	-0.06238539	NCAM2	neural cell adhesion molecule 2
220599_s_at	0.29864331	1.96e-01	-1.3443542	-5.79449	-0.05773243	CARD14	caspase recruitment domain family member 14
203409_at	0.29907532	1.96e-01	1.3433544	-5.79575	0.12308941	DDB2	damage specific DNA binding protein 2
214619_at	0.29923576	1.96e-01	1.3429156	-5.79631	0.058169	CRHR1	corticotropin releasing hormone receptor 1
205278_at	0.30011364	1.97e-01	1.3409989	-5.79873	0.10762333	GAD1	glutamate decarboxylase 1
205074_at	0.30020809	1.97e-01	-1.3405689	-5.79928	-0.10755515	SLC22A5	solute carrier family 22 member 5
207958_at	0.30020809	1.97e-01	-1.3404987	-5.79937	-0.06589162	UGT2A2///UGT2A1	UDP glucuronosyltransferase family 2 member A2///UDP glucuronosyltransferase family 2 member A1 complex locus
202440_s_at	0.30020809	1.97e-01	-1.3404812	-5.79939	-0.06032885	ST5	suppression of tumorigenicity 5
206878_at	0.30025013	1.97e-01	-1.340287	-5.79964	-0.05398393	DAO	D-amino acid oxidase
211939_x_at	0.30033448	1.97e-01	-1.3399761	-5.80003	-0.08809878	BTF3	basic transcription factor 3
203239_s_at	0.30033448	1.97e-01	1.339898	-5.80013	0.17744521	CNOT3	CCR4-NOT transcription complex subunit 3
221380_at	0.30067304	1.97e-01	-1.339094	-5.80114	-0.04374913		
202554_s_at	0.30067588	1.97e-01	1.3389805	-5.80129	0.32890054	GSTM3	glutathione S-transferase mu 3
201215_at	0.30075212	1.97e-01	-1.3387161	-5.80162	-0.28053056	PLS3	plastin 3
208041_at	0.30080279	1.97e-01	1.3385043	-5.80189	0.04579398	GRK1	G protein-coupled receptor kinase 1
209272_at	0.30080447	1.98e-01	1.3383932	-5.80203	0.11401318	NAB1	NGFI-A binding protein 1
209869_at	0.3008136	1.98e-01	1.3382667	-5.80219	0.11831516	ADRA2A	adrenoceptor alpha 2A
217904_s_at	0.30084064	1.98e-01	-1.3381035	-5.80239	-0.08418012	BACE1	beta-secretase 1
202172_at	0.30109619	1.98e-01	1.3374708	-5.80319	0.11918364	VEZF1	vascular endothelial zinc finger 1
207309_at	0.30124229	1.98e-01	-1.3370632	-5.80371	-0.05530931	NOS1	nitric oxide synthase 1
209956_s_at	0.3018413	1.98e-01	-1.3357266	-5.80539	-0.07214619	CAMK2B	calcium/calmodulin dependent protein kinase II beta
204916_at	0.30241177	1.99e-01	1.3344502	-5.807	0.15321832	RAMP1	receptor activity modifying protein 1
202710_at	0.3025216	1.99e-01	1.3341178	-5.80742	0.12304247	BET1	Bet1 golgi vesicular membrane trafficking protein
220124_at	0.30260172	1.99e-01	1.3338461	-5.80776	0.08033987	GAN	gigaxonin
208025_s_at	0.30271646	1.99e-01	1.3335037	-5.8082	0.09804537	HMGA2	high mobility group AT-hook 2
201989_s_at	0.30276176	1.99e-01	1.3333034	-5.80845	0.10407917	CREBL2	cAMP responsive element binding protein like 2
206505_at	0.30278052	1.99e-01	-1.3331574	-5.80863	-0.07720956	UGT2B4	UDP glucuronosyltransferase family 2 member B4
214569_at	0.30287155	1.99e-01	-1.3328636	-5.809	-0.06870392	IFNA5	interferon alpha 5
44673_at	0.3028944	1.99e-01	-1.3327092	-5.8092	-0.08108462	SIGLEC1	sialic acid binding Ig like lectin 1
218469_at	0.30290344	1.99e-01	-1.3325401	-5.80941	-0.06796172	GREM1	gremlin 1, DAN family BMP antagonist
205161_s_at	0.30290344	1.99e-01	1.3324306	-5.80955	0.06632538	PEX11A	peroxisomal biogenesis factor 11 alpha
220738_s_at	0.30290344	1.99e-01	-1.3323679	-5.80963	-0.05720487	RPS6KA6	ribosomal protein S6 kinase A6
206309_at	0.30313019	2.00e-01	-1.3317967	-5.81034	-0.05787686	LECT1	leukocyte cell derived chemotaxin 1
212672_at	0.30314015	2.00e-01	1.3316688	-5.81051	0.06203399	ATM	ATM serine/threonine kinase
206044_s_at	0.30330079	2.00e-01	-1.331233	-5.81105	-0.06860646	KIAA1549///BRAF	KIAA1549///B-Raf proto-oncogene, serine/threonine kinase
56197_at	0.30361064	2.00e-01	1.3304926	-5.81198	0.07459687	TMEM256-PLSCR3///PLSCR3	TMEM256-PLSCR3 readthrough (NMD candidate)///phospholipid scramblase 3
220049_s_at	0.30366638	2.00e-01	-1.3302712	-5.81226	-0.06842281	PDCD1LG2	programmed cell death 1 ligand 2
213110_s_at	0.30398664	2.00e-01	-1.3295101	-5.81322	-0.18631739	COL4A5	collagen type IV alpha 5 chain
206844_at	0.30424782	2.01e-01	-1.3288699	-5.81402	-0.07448822	FBP2	fructose-bisphosphatase 2
213539_at	0.30432588	2.01e-01	-1.3286033	-5.81436	-0.063395	CD3D	CD3d molecule
214132_at	0.30435632	2.01e-01	-1.3284337	-5.81457	-0.07157024	ATP5C1	ATP synthase, H+ transporting, mitochondrial F1 complex, gamma polypeptide 1
206955_at	0.30454246	2.01e-01	-1.3279468	-5.81518	-0.06247169	LOC101930168///LOC100509620///AQP7	putative aquaporin-7-like protein 3///putative aquaporin-7-like protein 3///aquaporin 7
205043_at	0.30470789	2.01e-01	-1.3273787	-5.8159	-0.05742427	CFTR	cystic fibrosis transmembrane conductance regulator
214419_s_at	0.30470789	2.01e-01	-1.3273656	-5.81591	-0.05482663	CYP2C9	cytochrome P450 family 2 subfamily C member 9
214519_s_at	0.30470789	2.01e-01	1.3272873	-5.81601	0.07185603	RLN2	relaxin 2
210126_at	0.30476113	2.01e-01	-1.3270713	-5.81628	-0.05889974	PSG9	pregnancy specific beta-1-glycoprotein 9
208131_s_at	0.30479438	2.01e-01	-1.3268962	-5.8165	-0.063279	PTGIS	prostaglandin I2 (prostacyclin) synthase
214557_at	0.30518423	2.02e-01	-1.3259952	-5.81763	-0.08581627	PTTG2	pituitary tumor-transforming 2
206249_at	0.30521328	2.02e-01	-1.3258286	-5.81784	-0.04883142	MAP3K13	mitogen-activated protein kinase kinase kinase 13
211222_s_at	0.30532878	2.02e-01	-1.325423	-5.81835	-0.05377145	HAP1	huntingtin associated protein 1
206898_at	0.30532878	2.02e-01	1.3253787	-5.8184	0.06908503	CDH19	cadherin 19
209815_at	0.30544828	2.02e-01	-1.3250283	-5.81884	-0.0715868	PTCH1	patched 1
210549_s_at	0.30593806	2.02e-01	1.3239256	-5.82022	0.07742495	CCL23	C-C motif chemokine ligand 23
220443_s_at	0.30603021	2.02e-01	-1.323631	-5.82059	-0.05229859	VAX2	ventral anterior homeobox 2
204994_at	0.30611006	2.02e-01	-1.3233615	-5.82093	-0.16731978	MX2	MX dynamin like GTPase 2
208472_at	0.30631486	2.03e-01	-1.3228384	-5.82158	-0.0529127	IKZF4	IKAROS family zinc finger 4
203920_at	0.30636228	2.03e-01	-1.3225917	-5.82189	-0.09134467	NR1H3	nuclear receptor subfamily 1 group H member 3
203218_at	0.30636228	2.03e-01	1.3225273	-5.82197	0.07912364	MAPK9	mitogen-activated protein kinase 9
204771_s_at	0.30646438	2.03e-01	-1.3221115	-5.82249	-0.08316993	TTF1	transcription termination factor 1
205070_at	0.30646438	2.03e-01	1.3221053	-5.8225	0.12234113	ING3	inhibitor of growth family member 3
201398_s_at	0.30655795	2.03e-01	1.321733	-5.82297	0.1125075	TRAM1	translocation associated membrane protein 1
205350_at	0.30655795	2.03e-01	1.32169	-5.82302	0.2555174	CRABP1	cellular retinoic acid binding protein 1
209837_at	0.30655795	2.03e-01	1.3214984	-5.82326	0.06296354	AP4M1	adaptor related protein complex 4 mu 1 subunit
204076_at	0.30655795	2.03e-01	-1.3214859	-5.82328	-0.14334712	ENTPD4	ectonucleoside triphosphate diphosphohydrolase 4
218849_s_at	0.30664957	2.03e-01	-1.3211927	-5.82364	-0.04880091	PPP1R13L	protein phosphatase 1 regulatory subunit 13 like
204173_at	0.3072046	2.03e-01	1.3199607	-5.82518	0.08950582	MYL6B	myosin light chain 6B
206176_at	0.30743518	2.04e-01	-1.3193865	-5.8259	-0.06451165	BMP6	bone morphogenetic protein 6
206203_at	0.30751663	2.04e-01	-1.3191143	-5.82624	-0.04720142	RCVRN	recoverin
210273_at	0.30756974	2.04e-01	-1.3188994	-5.82651	-0.04661222	PCDH7	protocadherin 7
206568_at	0.30791508	2.04e-01	-1.3180768	-5.82753	-0.06901094	TNP1	transition protein 1
206186_at	0.30791508	2.04e-01	-1.3179863	-5.82765	-0.0476621	MPP3	membrane palmitoylated protein 3
215157_x_at	0.30847504	2.05e-01	-1.3167476	-5.82919	-0.10768397	PABPC1	poly(A) binding protein cytoplasmic 1
207803_s_at	0.30875035	2.05e-01	-1.316027	-5.83009	-0.07377823	CSN3	casein kappa
202712_s_at	0.30875035	2.05e-01	-1.3159772	-5.83015	-0.04540947	CKMT1A///CKMT1B	creatine kinase, mitochondrial 1A///creatine kinase, mitochondrial 1B
220005_at	0.30912476	2.05e-01	-1.3151148	-5.83122	-0.07944646	P2RY13	purinergic receptor P2Y13
201336_at	0.30914061	2.05e-01	1.3149755	-5.8314	0.10219234	VAMP3	vesicle associated membrane protein 3
211106_at	0.30957254	2.05e-01	-1.3139979	-5.83261	-0.0750032	SUPT3H	SPT3 homolog, SAGA and STAGA complex component
214614_at	0.3096996	2.06e-01	-1.3136347	-5.83307	-0.04924792	MNX1	motor neuron and pancreas homeobox 1
204159_at	0.30977273	2.06e-01	1.3133801	-5.83338	0.22994144	CDKN2C	cyclin dependent kinase inhibitor 2C
220437_at	0.31038915	2.06e-01	-1.312033	-5.83506	-0.07246295	ANGPTL8	angiopoietin like 8
207567_at	0.31063406	2.06e-01	-1.3114336	-5.8358	-0.05537736	SLC13A2	solute carrier family 13 member 2
207982_at	0.31088237	2.06e-01	-1.3108276	-5.83656	-0.0392612	HIST1H1T	histone cluster 1, H1t
206481_s_at	0.31120561	2.07e-01	-1.3100716	-5.83749	-0.07484706	LDB2	LIM domain binding 2
201719_s_at	0.31120816	2.07e-01	1.309959	-5.83763	0.13592367	EPB41L2	erythrocyte membrane protein band 4.1 like 2
210051_at	0.3112326	2.07e-01	-1.3098026	-5.83783	-0.05425831	RAPGEF3	Rap guanine nucleotide exchange factor 3
203114_at	0.31123504	2.07e-01	1.3096903	-5.83797	0.07038983	SSSCA1	Sjogren syndrome/scleroderma autoantigen 1
205719_s_at	0.31147994	2.07e-01	-1.3090919	-5.83871	-0.05994436	LOC101929036///PAH	uncharacterized LOC101929036///phenylalanine hydroxylase
201957_at	0.31229143	2.08e-01	1.3073594	-5.84086	0.05849573	PPP1R12B	protein phosphatase 1 regulatory subunit 12B
207154_at	0.31258293	2.08e-01	-1.306669	-5.84171	-0.05333174	DIO3	deiodinase, iodothyronine, type III
219226_at	0.312871	2.08e-01	-1.3059859	-5.84256	-0.07648793	CDK12	cyclin dependent kinase 12
205659_at	0.3135967	2.09e-01	-1.3041401	-5.84484	-0.09045763	HDAC9	histone deacetylase 9
206580_s_at	0.3135967	2.09e-01	1.3041242	-5.84486	0.07755254	EFEMP2	EGF containing fibulin like extracellular matrix protein 2
205692_s_at	0.3135967	2.09e-01	1.3041089	-5.84488	0.19050116	CD38	CD38 molecule
208048_at	0.3135967	2.09e-01	-1.3041075	-5.84488	-0.06450927	TACR1	tachykinin receptor 1
208437_at	0.31378785	2.09e-01	1.303619	-5.84549	0.06413133	CLCN1	chloride voltage-gated channel 1
208662_s_at	0.31412772	2.09e-01	-1.3028342	-5.84646	-0.1815757	TTC3P1///TTC3	tetratricopeptide repeat domain 3 pseudogene 1///tetratricopeptide repeat domain 3
220638_s_at	0.31430466	2.09e-01	-1.3023744	-5.84703	-0.06200742	CBLC	Cbl proto-oncogene C
218484_at	0.31440652	2.09e-01	-1.3019482	-5.84755	-0.04627645	NDUFA4L2	NDUFA4, mitochondrial complex associated like 2
205854_at	0.31440652	2.09e-01	1.3019133	-5.8476	0.07271185	TULP3	tubby like protein 3
214558_at	0.31440652	2.09e-01	-1.3018493	-5.84767	-0.04549014	GPR12	G protein-coupled receptor 12
209854_s_at	0.31500626	2.10e-01	-1.3005488	-5.84928	-0.05644778	KLK2	kallikrein related peptidase 2
201110_s_at	0.31548466	2.10e-01	1.2994241	-5.85067	0.19560162	THBS1	thrombospondin 1
207849_at	0.31548466	2.10e-01	1.2993834	-5.85072	0.04629128	IL2	interleukin 2
208100_x_at	0.31557394	2.10e-01	-1.2990987	-5.85107	-0.05197835	SEMA6C	semaphorin 6C
210840_s_at	0.31616453	2.11e-01	1.2978196	-5.85264	0.15191391	IQGAP1	IQ motif containing GTPase activating protein 1
206492_at	0.31668887	2.11e-01	-1.2966732	-5.85406	-0.13151542	FHIT	fragile histidine triad
204860_s_at	0.31714155	2.12e-01	-1.2956699	-5.85529	-0.11777718	NAIP	NLR family apoptosis inhibitory protein
201839_s_at	0.31727212	2.12e-01	1.2953042	-5.85574	0.46227752	EPCAM	epithelial cell adhesion molecule
206757_at	0.31746025	2.12e-01	1.2948248	-5.85633	0.05990688	PDE5A	phosphodiesterase 5A
204102_s_at	0.3176396	2.12e-01	1.2943629	-5.8569	0.09245758	EEF2	eukaryotic translation elongation factor 2
214524_at	0.31770497	2.12e-01	-1.2941262	-5.85719	-0.04717075	GHRH	growth hormone releasing hormone
220170_at	0.31787516	2.12e-01	-1.2936826	-5.85773	-0.05862593	FHL5	four and a half LIM domains 5
203710_at	0.31792936	2.12e-01	1.2933952	-5.85809	0.14024998	ITPR1	inositol 1,4,5-trisphosphate receptor type 1
221326_s_at	0.31792936	2.12e-01	1.29336	-5.85813	0.11108322	TUBD1	tubulin delta 1
206465_at	0.31792936	2.12e-01	-1.2931752	-5.85836	-0.03603469	ACSBG1	acyl-CoA synthetase bubblegum family member 1
204940_at	0.31792936	2.12e-01	1.2931457	-5.85839	0.05318217	PLN	phospholamban
208209_s_at	0.31845422	2.13e-01	-1.2920025	-5.8598	-0.0621209	C4BPB	complement component 4 binding protein beta
210324_at	0.31871292	2.13e-01	-1.291385	-5.86055	-0.0465846	C8G	complement component 8, gamma polypeptide
32541_at	0.31951742	2.14e-01	-1.2896934	-5.86263	-0.09150812	PPP3CC	protein phosphatase 3 catalytic subunit gamma
208138_at	0.31968735	2.14e-01	-1.2891018	-5.86335	-0.06466369	GAST	gastrin
209778_at	0.31968735	2.14e-01	1.2890471	-5.86342	0.07303381	TRIP11	thyroid hormone receptor interactor 11
200073_s_at	0.31968735	2.14e-01	1.2890366	-5.86343	0.12902513	HNRNPD	heterogeneous nuclear ribonucleoprotein D
200036_s_at	0.31968905	2.14e-01	-1.2889258	-5.86357	-0.10128837	RPL10A	ribosomal protein L10a
200660_at	0.31983034	2.14e-01	-1.2885405	-5.86404	-0.10041451	S100A11	S100 calcium binding protein A11
207363_at	0.31988742	2.14e-01	1.2883208	-5.86431	0.05680196	RS1	retinoschisin 1
209110_s_at	0.32011905	2.14e-01	1.2877582	-5.865	0.07091756	RGL2	ral guanine nucleotide dissociation stimulator like 2
202294_at	0.3202549	2.14e-01	1.2873838	-5.86546	0.11137492	STAG1	stromal antigen 1
201494_at	0.32029502	2.14e-01	1.2871976	-5.86568	0.09196957	PRCP	prolylcarboxypeptidase
205844_at	0.32046176	2.15e-01	1.2867627	-5.86621	0.07420708	VNN1	vanin 1
207800_at	0.32056886	2.15e-01	-1.286445	-5.8666	-0.06670754	AKAP5	A-kinase anchoring protein 5
201264_at	0.32109126	2.15e-01	1.2853128	-5.86799	0.1609966	COPE	coatomer protein complex subunit epsilon
211020_at	0.32134999	2.15e-01	-1.284664	-5.86878	-0.05702254	GCNT2	glucosaminyl (N-acetyl) transferase 2, I-branching enzyme (I blood group)
206147_x_at	0.32134999	2.15e-01	-1.2845011	-5.86898	-0.08800287	SCML2	sex comb on midleg-like 2 (Drosophila)
206508_at	0.32134999	2.15e-01	1.2844833	-5.869	0.05290153	CD70	CD70 molecule
206313_at	0.32161711	2.16e-01	-1.2838526	-5.86977	-0.06938745	HLA-DOA	major histocompatibility complex, class II, DO alpha
208513_at	0.3220187	2.16e-01	-1.2829548	-5.87087	-0.04732502	FOXB1	forkhead box B1
204634_at	0.3220187	2.16e-01	1.2828517	-5.87099	0.1248567	NEK4	NIMA related kinase 4
204199_at	0.32211777	2.16e-01	-1.2824777	-5.87145	-0.04379282	RALGPS1	Ral GEF with PH domain and SH3 binding motif 1
210128_s_at	0.32211777	2.16e-01	-1.282443	-5.87149	-0.07599887	LTB4R	leukotriene B4 receptor
201271_s_at	0.32239622	2.16e-01	1.2817911	-5.87229	0.10516724	RALY	RALY heterogeneous nuclear ribonucleoprotein
220161_s_at	0.32243664	2.16e-01	-1.2815673	-5.87256	-0.06627866	EPB41L4B	erythrocyte membrane protein band 4.1 like 4B
202237_at	0.32243664	2.16e-01	-1.2814463	-5.87271	-0.09328745	LOC101928916///NNMT	uncharacterized LOC101928916///nicotinamide N-methyltransferase
202936_s_at	0.32243664	2.16e-01	-1.2813898	-5.87277	-0.06036369	SOX9	SRY-box 9
217041_at	0.32294057	2.17e-01	-1.2802289	-5.87419	-0.0547431	NPTXR	neuronal pentraxin receptor
208515_at	0.32294057	2.17e-01	-1.2801905	-5.87424	-0.05334092	HIST1H2BM	histone cluster 1, H2bm
204054_at	0.32328757	2.17e-01	1.2794057	-5.87519	0.10352031	PTEN	phosphatase and tensin homolog
210862_s_at	0.32413042	2.18e-01	-1.2776554	-5.87732	-0.05249627	SARDH	sarcosine dehydrogenase
207168_s_at	0.32418885	2.18e-01	1.2774342	-5.87759	0.08636086	H2AFY	H2A histone family member Y
221397_at	0.32419106	2.18e-01	-1.2773224	-5.87773	-0.07330943	TAS2R10	taste 2 receptor member 10
221248_s_at	0.32421475	2.18e-01	-1.2771689	-5.87791	-0.04993564	WHSC1L1	Wolf-Hirschhorn syndrome candidate 1-like 1
218143_s_at	0.32443409	2.18e-01	1.2766345	-5.87856	0.07788645	SCAMP2	secretory carrier membrane protein 2
219513_s_at	0.3245585	2.18e-01	1.2762122	-5.87907	0.05309149	SH2D3A	SH2 domain containing 3A
205555_s_at	0.3245585	2.18e-01	-1.2761776	-5.87912	-0.06969491	MSX2	msh homeobox 2
219281_at	0.32518769	2.19e-01	1.2748469	-5.88073	0.06261417	MSRA	methionine sulfoxide reductase A
210240_s_at	0.32521488	2.19e-01	1.2746866	-5.88093	0.11413391	CDKN2D	cyclin dependent kinase inhibitor 2D
208373_s_at	0.32543744	2.19e-01	-1.2741469	-5.88158	-0.06134344	P2RY6	pyrimidinergic receptor P2Y6
214261_s_at	0.32554776	2.19e-01	-1.2738174	-5.88198	-0.06351379	ADH6	alcohol dehydrogenase 6 (class V)
204931_at	0.32554776	2.19e-01	-1.2737179	-5.8821	-0.04332135	TCF21	transcription factor 21
38157_at	0.32594069	2.19e-01	1.272848	-5.88316	0.07011668	DXO	decapping exoribonuclease
219488_at	0.32605425	2.19e-01	1.2725203	-5.88355	0.0689702	A4GALT	alpha 1,4-galactosyltransferase
204192_at	0.32606653	2.20e-01	1.2723891	-5.88371	0.14273497	CD37	CD37 molecule
221468_at	0.32617278	2.20e-01	-1.2720022	-5.88418	-0.0452043	XCR1	X-C motif chemokine receptor 1
218939_at	0.32617278	2.20e-01	1.2719683	-5.88422	0.05356421	LETM1	leucine zipper and EF-hand containing transmembrane protein 1
219914_at	0.32619544	2.20e-01	-1.271817	-5.88441	-0.07497295	ECEL1	endothelin converting enzyme like 1
32042_at	0.32623715	2.20e-01	1.2716288	-5.88463	0.06059249	ENOX2	ecto-NOX disulfide-thiol exchanger 2
206412_at	0.32639482	2.20e-01	1.2711072	-5.88527	0.07126637	FER	FER tyrosine kinase
209118_s_at	0.32639482	2.20e-01	-1.2710731	-5.88531	-0.20253924	TUBA1A	tubulin alpha 1a
218015_s_at	0.32639482	2.20e-01	-1.2710012	-5.88539	-0.05267674	WRNIP1	Werner helicase interacting protein 1
204631_at	0.32645468	2.20e-01	-1.2707778	-5.88566	-0.04871376	MYH2	myosin heavy chain 2
221157_s_at	0.32654191	2.20e-01	-1.2705015	-5.886	-0.04941174	FBXO24	F-box protein 24
210195_s_at	0.32683464	2.20e-01	-1.2697651	-5.88689	-0.0565275	PSG1	pregnancy specific beta-1-glycoprotein 1
207183_at	0.32683464	2.20e-01	-1.2697198	-5.88694	-0.05340333	GPR19	G protein-coupled receptor 19
201400_at	0.32722844	2.21e-01	-1.2688503	-5.888	-0.13583855	PSMB3	proteasome subunit beta 3
207907_at	0.32763241	2.21e-01	-1.2679617	-5.88907	-0.05514771	TNFSF14	tumor necrosis factor superfamily member 14
209155_s_at	0.32770664	2.21e-01	-1.2676983	-5.88939	-0.10983903	NT5C2	5'-nucleotidase, cytosolic II
210731_s_at	0.32770664	2.21e-01	1.2676036	-5.8895	0.07269713	LGALS8	galectin 8
205016_at	0.32785897	2.21e-01	-1.2671407	-5.89006	-0.06146935	TGFA	transforming growth factor alpha
207233_s_at	0.32785897	2.21e-01	1.2670947	-5.89012	0.07844792	MITF	melanogenesis associated transcription factor
204343_at	0.32814802	2.22e-01	-1.266429	-5.89092	-0.06767391	ABCA3	ATP binding cassette subfamily A member 3
221743_at	0.32820528	2.22e-01	1.2662112	-5.89118	0.1399475	CELF1	CUGBP, Elav-like family member 1
200919_at	0.32857358	2.22e-01	1.2653931	-5.89217	0.05869938	PHC2	polyhomeotic homolog 2
208892_s_at	0.32862141	2.22e-01	-1.2651935	-5.89241	-0.23974147	DUSP6	dual specificity phosphatase 6
202872_at	0.32886741	2.22e-01	1.2645853	-5.89314	0.08836901	ATP6V1C1	ATPase H+ transporting V1 subunit C1
206900_x_at	0.32886741	2.22e-01	1.2645046	-5.89324	0.07395314	ZNF253	zinc finger protein 253
208465_at	0.32897874	2.22e-01	-1.2641827	-5.89363	-0.04487226	GRM2	glutamate metabotropic receptor 2
219445_at	0.32963575	2.23e-01	-1.2628099	-5.89528	-0.04573703	GLTSCR1	glioma tumor suppressor candidate region gene 1
204606_at	0.32969686	2.23e-01	-1.262585	-5.89555	-0.05547151	CCL21	C-C motif chemokine ligand 21
218002_s_at	0.33016142	2.23e-01	-1.2615841	-5.89676	-0.0582138	CXCL14	C-X-C motif chemokine ligand 14
201748_s_at	0.33022799	2.23e-01	1.2613488	-5.89704	0.11175581	SAFB	scaffold attachment factor B
210889_s_at	0.33025634	2.23e-01	1.261187	-5.89724	0.07827507	FCGR2B	Fc fragment of IgG receptor IIb
213972_at	0.33028275	2.23e-01	1.261029	-5.89743	0.040975		
205373_at	0.33036393	2.24e-01	1.2606829	-5.89784	0.05248455	CTNNA2	catenin alpha 2
207754_at	0.33036393	2.24e-01	1.2606371	-5.8979	0.05379616	RASSF8	Ras association domain family member 8
203213_at	0.33036393	2.24e-01	1.2605512	-5.898	0.19863222	CDK1	cyclin dependent kinase 1
220451_s_at	0.33039081	2.24e-01	-1.2603923	-5.89819	-0.05880751	BIRC7	baculoviral IAP repeat containing 7
202508_s_at	0.33060892	2.24e-01	-1.2598591	-5.89883	-0.08669529	SNAP25	synaptosome associated protein 25
207188_at	0.33060892	2.24e-01	1.2597587	-5.89895	0.03980037	TEN1-CDK3///CDK3	TEN1-CDK3 readthrough (NMD candidate)///cyclin dependent kinase 3
208105_at	0.3306877	2.24e-01	-1.2595002	-5.89926	-0.05059891	GIPR	gastric inhibitory polypeptide receptor
200824_at	0.33097665	2.24e-01	-1.2588381	-5.90006	-0.09562584	GSTP1	glutathione S-transferase pi 1
37005_at	0.33123568	2.24e-01	-1.2582338	-5.90078	-0.13060587	MINOS1-NBL1///NBL1	MINOS1-NBL1 readthrough///neuroblastoma 1, DAN family BMP antagonist
221338_at	0.33154358	2.25e-01	-1.2575361	-5.90162	-0.04946239	LY6G6E	lymphocyte antigen 6 complex, locus G6E
206106_at	0.3321608	2.25e-01	1.2562463	-5.90317	0.0732724	MAPK12	mitogen-activated protein kinase 12
213849_s_at	0.33312154	2.26e-01	-1.254198	-5.90562	-0.06374338	PPP2R2B	protein phosphatase 2 regulatory subunit Bbeta
218070_s_at	0.33312154	2.26e-01	1.2541944	-5.90563	0.05539545	GMPPA	GDP-mannose pyrophosphorylase A
209354_at	0.33428044	2.27e-01	-1.251876	-5.9084	-0.08684415	TNFRSF14	TNF receptor superfamily member 14
208251_at	0.33470592	2.27e-01	1.2509584	-5.9095	0.0406813	KCNC4	potassium voltage-gated channel subfamily C member 4
202704_at	0.33610288	2.28e-01	-1.248196	-5.91279	-0.15166345	TOB1	transducer of ERBB2, 1
204392_at	0.33660672	2.28e-01	1.2471331	-5.91406	0.07743931	CAMK1	calcium/calmodulin dependent protein kinase I
204503_at	0.33685502	2.29e-01	-1.246498	-5.91482	-0.06450317	EVPL	envoplakin
210174_at	0.33685502	2.29e-01	-1.2464476	-5.91488	-0.04040187	NR5A2	nuclear receptor subfamily 5 group A member 2
208609_s_at	0.33686887	2.29e-01	-1.2463139	-5.91504	-0.06790656	TNXB///TNXA	tenascin XB///tenascin XA (pseudogene)
209621_s_at	0.33690236	2.29e-01	-1.2460045	-5.91541	-0.05243225	PDLIM3	PDZ and LIM domain 3
209224_s_at	0.33690236	2.29e-01	1.2459488	-5.91547	0.09552976	NDUFA2	NADH:ubiquinone oxidoreductase subunit A2
206735_at	0.33690236	2.29e-01	-1.2459281	-5.9155	-0.04968297	CHRNA4	cholinergic receptor nicotinic alpha 4 subunit
202729_s_at	0.33708394	2.29e-01	1.2454767	-5.91603	0.19674357	LTBP1	latent transforming growth factor beta binding protein 1
202133_at	0.33733672	2.29e-01	-1.2448907	-5.91673	-0.07736801	WWTR1	WW domain containing transcription regulator 1
221382_at	0.33794275	2.30e-01	-1.2436369	-5.91822	-0.06081256		
207257_at	0.33799091	2.30e-01	-1.2434384	-5.91846	-0.05063985	EPO	erythropoietin
206539_s_at	0.33806207	2.30e-01	-1.2431965	-5.91875	-0.05091852	CYP4F12	cytochrome P450 family 4 subfamily F member 12
206827_s_at	0.33820469	2.30e-01	-1.2428196	-5.91919	-0.04754707	TRPV6	transient receptor potential cation channel subfamily V member 6
205911_at	0.3383665	2.30e-01	-1.2424065	-5.91968	-0.06164589	PTH1R	parathyroid hormone 1 receptor
217729_s_at	0.33853377	2.30e-01	1.2419832	-5.92019	0.15054509	AES	amino-terminal enhancer of split
205824_at	0.33864382	2.30e-01	-1.241668	-5.92056	-0.06680527	HSPB2	heat shock protein family B (small) member 2
205595_at	0.33875349	2.31e-01	-1.2413041	-5.92099	-0.051413	DSG3	desmoglein 3
207157_s_at	0.33875349	2.31e-01	1.2412461	-5.92106	0.10437562	GNG5	G protein subunit gamma 5
203755_at	0.3388106	2.31e-01	1.2410309	-5.92132	0.1889256	BUB1B	BUB1 mitotic checkpoint serine/threonine kinase B
206909_at	0.33884211	2.31e-01	-1.2408238	-5.92156	-0.05984104		
206545_at	0.33884211	2.31e-01	-1.2407567	-5.92164	-0.0698404	CD28	CD28 molecule
220153_at	0.33891161	2.31e-01	1.2405182	-5.92193	0.0591568	ENTPD7	ectonucleoside triphosphate diphosphohydrolase 7
221729_at	0.33920615	2.31e-01	-1.2398552	-5.92271	-0.04590475	COL5A2	collagen type V alpha 2 chain
206835_at	0.33940169	2.31e-01	-1.2393792	-5.92328	-0.05997403	STATH	statherin
218189_s_at	0.33967983	2.31e-01	-1.2387476	-5.92402	-0.08842556	NANS	N-acetylneuraminate synthase
209928_s_at	0.33979814	2.32e-01	-1.2382942	-5.92456	-0.04772236	MSC	musculin
205878_at	0.33979814	2.32e-01	-1.238233	-5.92463	-0.05871687	POU6F1	POU class 6 homeobox 1
206216_at	0.33979814	2.32e-01	1.2382027	-5.92467	0.0362028	SRPK3	SRSF protein kinase 3
218404_at	0.33983886	2.32e-01	1.2380187	-5.92489	0.09330702	SNX10	sorting nexin 10
211357_s_at	0.33993855	2.32e-01	-1.2377236	-5.92524	-0.05247837	ALDOB	aldolase, fructose-bisphosphate B
205722_s_at	0.3399418	2.32e-01	-1.2376101	-5.92537	-0.05421072	GFRA2	GDNF family receptor alpha 2
221830_at	0.33995489	2.32e-01	-1.2374782	-5.92553	-0.16132414	RAP2A	RAP2A, member of RAS oncogene family
204434_at	0.34008001	2.32e-01	-1.2371353	-5.92593	-0.05693589	SPATA2	spermatogenesis associated 2
221453_at	0.34023542	2.32e-01	-1.2366536	-5.9265	-0.05367388	G6PC2	glucose-6-phosphatase catalytic subunit 2
204579_at	0.34023542	2.32e-01	-1.2365881	-5.92658	-0.06719946	FGFR4	fibroblast growth factor receptor 4
209660_at	0.34023542	2.32e-01	-1.2365209	-5.92666	-0.05105261	TTR	transthyretin
205205_at	0.34107976	2.33e-01	1.2348258	-5.92867	0.04924032	RELB	RELB proto-oncogene, NF-kB subunit
205167_s_at	0.34109714	2.33e-01	1.2346858	-5.92883	0.06556837	CDC25C	cell division cycle 25C
205321_at	0.34138835	2.33e-01	1.2340235	-5.92961	0.23710203	EIF2S3	eukaryotic translation initiation factor 2 subunit gamma
207524_at	0.34138835	2.33e-01	1.2339243	-5.92973	0.0547153	MIR6132///ST7-OT3///ST7	microRNA 6132///ST7 overlapping transcript 3///suppression of tumorigenicity 7
213041_s_at	0.3418365	2.34e-01	1.2329759	-5.93085	0.15040327	ATP5D	ATP synthase, H+ transporting, mitochondrial F1 complex, delta subunit
221414_s_at	0.34257975	2.34e-01	-1.2314755	-5.93262	-0.0389375	DEFB126	defensin beta 126
205623_at	0.34337829	2.35e-01	-1.2298739	-5.93451	-0.06827237	ALDH3A1	aldehyde dehydrogenase 3 family member A1
219514_at	0.34345865	2.35e-01	-1.2294778	-5.93497	-0.0580057	ANGPTL2	angiopoietin like 2
201463_s_at	0.34345865	2.35e-01	1.2292719	-5.93522	0.09635867	TALDO1	transaldolase 1
205767_at	0.34345865	2.35e-01	1.2292436	-5.93525	0.35766857	EREG	epiregulin
209808_x_at	0.34345865	2.35e-01	1.229218	-5.93528	0.07455068	ING1	inhibitor of growth family member 1
206410_at	0.34345865	2.35e-01	-1.2291129	-5.9354	-0.04829265	NR0B2	nuclear receptor subfamily 0 group B member 2
205485_at	0.34345865	2.35e-01	-1.2290795	-5.93544	-0.08274931	RYR1	ryanodine receptor 1
220955_x_at	0.34352629	2.35e-01	1.2288457	-5.93572	0.05606814	RAB23	RAB23, member RAS oncogene family
207010_at	0.34354841	2.35e-01	-1.2285704	-5.93604	-0.04377611	GABRB1	gamma-aminobutyric acid type A receptor beta1 subunit
215193_x_at	0.34354841	2.35e-01	-1.2284907	-5.93614	-0.17606883	LOC101060835///LOC100996809///HLA-DRB4///HLA-DRB3///HLA-DRB1///HLA-DQB1	HLA class II histocompatibility antigen, DQ beta 1 chain-like///HLA class II histocompatibility antigen, DRB1-10 beta chain-like///major histocompatibility complex, class II, DR beta 4///major histocompatibility complex, class II, DR beta 3///major histocompatibility complex, class II, DR beta 1///major histocompatibility complex, class II, DQ beta 1
206598_at	0.34354841	2.35e-01	-1.2284647	-5.93617	-0.04970312	INS	insulin
202991_at	0.34354841	2.35e-01	1.2283752	-5.93627	0.05474549	STARD3	StAR related lipid transfer domain containing 3
213112_s_at	0.3436315	2.35e-01	-1.2281126	-5.93658	-0.05177534	SQSTM1	sequestosome 1
210771_at	0.34365272	2.35e-01	-1.2279191	-5.93681	-0.05447584	PPARA	peroxisome proliferator activated receptor alpha
203938_s_at	0.34365272	2.35e-01	1.2278585	-5.93688	0.08847992	TAF1C	TATA-box binding protein associated factor, RNA polymerase I subunit C
218391_at	0.34394022	2.36e-01	1.227214	-5.93764	0.0947775	SNF8	SNF8, ESCRT-II complex subunit
213880_at	0.34416411	2.36e-01	1.2266886	-5.93825	0.03455102	LGR5	leucine rich repeat containing G protein-coupled receptor 5
202302_s_at	0.34448841	2.36e-01	1.2259759	-5.93909	0.16530162	RSRC2	arginine and serine rich coiled-coil 2
218012_at	0.34481321	2.36e-01	-1.2252628	-5.93993	-0.08542445	TSPYL2	TSPY like 2
204269_at	0.34543298	2.37e-01	1.2240005	-5.94141	0.08378843	PIM2	Pim-2 proto-oncogene, serine/threonine kinase
219894_at	0.34561159	2.37e-01	-1.2235607	-5.94193	-0.05431666	MAGEL2	MAGE family member L2
220287_at	0.34566805	2.37e-01	-1.2233483	-5.94218	-0.04942691	ADAMTS9	ADAM metallopeptidase with thrombospondin type 1 motif 9
201210_at	0.34581974	2.37e-01	1.2229587	-5.94263	0.16057168	DDX3X	DEAD-box helicase 3, X-linked
220038_at	0.34588204	2.37e-01	1.222706	-5.94293	0.14832636	C8orf44-SGK3///SGK3	C8orf44-SGK3 readthrough///serum/glucocorticoid regulated kinase family member 3
207739_s_at	0.34588204	2.37e-01	-1.2226282	-5.94302	-0.04927236	GAGE12D///GAGE8///GAGE12F///GAGE2A///GAGE12H///GAGE12E///GAGE12B///GAGE12C///GAGE2D///GAGE12J///GAGE12G///GAGE13///GAGE2B///GAGE2E///GAGE12I///GAGE7///GAGE6///GAGE5///GAGE4///GAGE3///GAGE2C///GAGE1	G antigen 12D///G antigen 8///G antigen 12F///G antigen 2A///G antigen 12H///G antigen 12E///G antigen 12B///G antigen 12C///G antigen 2D///G antigen 12J///G antigen 12G///G antigen 13///G antigen 2B///G antigen 2E///G antigen 12I///G antigen 7///G antigen 6///G antigen 5///G antigen 4///G antigen 3///G antigen 2C///G antigen 1
205113_at	0.34621911	2.38e-01	-1.221894	-5.94388	-0.06170812	NEFM	neurofilament, medium polypeptide
209642_at	0.34687112	2.38e-01	1.2205751	-5.94542	0.15695887	BUB1	BUB1 mitotic checkpoint serine/threonine kinase
220510_at	0.34737347	2.38e-01	-1.2195355	-5.94664	-0.07259481	RHBG	Rh family B glycoprotein (gene/pseudogene)
207636_at	0.34744453	2.39e-01	-1.2192964	-5.94692	-0.06020958	SERPINI2	serpin family I member 2
206884_s_at	0.34791937	2.39e-01	-1.2183088	-5.94807	-0.04286169	SCEL	sciellin
205443_at	0.34829909	2.39e-01	1.2174982	-5.94902	0.1131908	SNAPC1	small nuclear RNA activating complex polypeptide 1
221508_at	0.34853245	2.39e-01	1.2168847	-5.94974	0.08788279	TAOK3	TAO kinase 3
202561_at	0.34853245	2.39e-01	1.2168516	-5.94978	0.10454139	TNKS	tankyrase
205913_at	0.3485921	2.40e-01	-1.2166338	-5.95003	-0.04512666	PLIN1	perilipin 1
206630_at	0.3487536	2.40e-01	-1.2162277	-5.9505	-0.04633066	TYR	tyrosinase
201417_at	0.34893761	2.40e-01	1.2157354	-5.95108	0.15759737	SOX4	SRY-box 4
210785_s_at	0.34893761	2.40e-01	1.2156728	-5.95115	0.13687907	THEMIS2	thymocyte selection associated family member 2
216960_s_at	0.34905453	2.40e-01	1.2153493	-5.95153	0.05792523	ZNF133	zinc finger protein 133
218088_s_at	0.34925421	2.40e-01	-1.2148729	-5.95208	-0.11296452	RRAGC	Ras related GTP binding C
207019_s_at	0.3495737	2.40e-01	-1.2141753	-5.9529	-0.05674098	AKAP4	A-kinase anchoring protein 4
200631_s_at	0.34996158	2.41e-01	1.213352	-5.95386	0.12932331	SETSIP///SET	SET-like protein///SET nuclear proto-oncogene
220937_s_at	0.35083226	2.41e-01	1.2116394	-5.95585	0.08874607	ST6GALNAC4	ST6 N-acetylgalactosaminide alpha-2,6-sialyltransferase 4
205639_at	0.35095174	2.42e-01	-1.211312	-5.95623	-0.08019034	AOAH	acyloxyacyl hydrolase
217974_at	0.35122204	2.42e-01	1.210707	-5.95693	0.18514123	TM7SF3	transmembrane 7 superfamily member 3
208079_s_at	0.35143224	2.42e-01	1.2102128	-5.95751	0.18526252	AURKA	aurora kinase A
204146_at	0.3517905	2.42e-01	1.2094466	-5.9584	0.15858536	RAD51AP1	RAD51 associated protein 1
31637_s_at	0.35196257	2.42e-01	1.2090229	-5.95889	0.07325945	NR1D1///THRA	nuclear receptor subfamily 1 group D member 1///thyroid hormone receptor, alpha
214604_at	0.35198503	2.42e-01	1.2088742	-5.95906	0.04724218	HOXD11	homeobox D11
215793_at	0.35206547	2.43e-01	-1.208619	-5.95936	-0.06297337	MTMR7	myotubularin related protein 7
208076_at	0.35240001	2.43e-01	-1.2078142	-5.96029	-0.0542509	HIST1H4D	histone cluster 1, H4d
201477_s_at	0.35240001	2.43e-01	1.2077898	-5.96032	0.16934377	RRM1	ribonucleotide reductase catalytic subunit M1
205266_at	0.35246044	2.43e-01	1.2075714	-5.96057	0.12350177	LIF	leukemia inhibitory factor
205922_at	0.35256885	2.43e-01	-1.2072651	-5.96093	-0.07911031	VNN2	vanin 2
206699_x_at	0.35271651	2.43e-01	-1.2068867	-5.96137	-0.03565043	NPAS1	neuronal PAS domain protein 1
206632_s_at	0.35296686	2.43e-01	1.20632	-5.96202	0.20918144	APOBEC3B	apolipoprotein B mRNA editing enzyme catalytic subunit 3B
209973_at	0.35316409	2.44e-01	1.2058509	-5.96257	0.06716781	NFKBIL1	NFKB inhibitor like 1
206647_at	0.35356747	2.44e-01	-1.2050042	-5.96355	-0.05815106	HBZ	hemoglobin subunit zeta
203421_at	0.35400906	2.44e-01	-1.2040881	-5.96461	-0.05096269	TP53I11	tumor protein p53 inducible protein 11
203771_s_at	0.35406529	2.44e-01	1.2038778	-5.96485	0.10732403	BLVRA	biliverdin reductase A
204352_at	0.35410646	2.44e-01	-1.2036951	-5.96506	-0.17598117	TRAF5	TNF receptor associated factor 5
219850_s_at	0.35419775	2.45e-01	-1.2033879	-5.96542	-0.06370788	EHF	ETS homologous factor
221331_x_at	0.35419775	2.45e-01	-1.2031764	-5.96566	-0.06335428	CTLA4	cytotoxic T-lymphocyte associated protein 4
211508_s_at	0.35419775	2.45e-01	-1.2030994	-5.96575	-0.04871327	GH2	growth hormone 2
221238_at	0.35419775	2.45e-01	1.2030587	-5.9658	0.05661003	HMGN5	high mobility group nucleosome binding domain 5
209535_s_at	0.35419775	2.45e-01	1.2029913	-5.96587	0.11016551		
207732_s_at	0.35441115	2.45e-01	-1.2024935	-5.96645	-0.04664652	DLG3	discs large MAGUK scaffold protein 3
206253_at	0.35442776	2.45e-01	-1.2023558	-5.96661	-0.05727245	DLG2	discs large MAGUK scaffold protein 2
208399_s_at	0.3546097	2.45e-01	-1.2018044	-5.96725	-0.04488872	EDN3	endothelin 3
204296_at	0.3546097	2.45e-01	-1.2017318	-5.96733	-0.05309977	SLC4A5	solute carrier family 4 member 5
207370_at	0.3546097	2.45e-01	-1.2017012	-5.96737	-0.05799733	IBSP	integrin binding sialoprotein
208572_at	0.35482841	2.45e-01	-1.201194	-5.96795	-0.08072684	HIST3H3	histone cluster 3, H3
35666_at	0.35488004	2.45e-01	1.2009923	-5.96818	0.03743747	SEMA3F	semaphorin 3F
200880_at	0.35496401	2.46e-01	1.2007316	-5.96848	0.10786349	DNAJA1	DnaJ heat shock protein family (Hsp40) member A1
208412_s_at	0.35539821	2.46e-01	1.1998311	-5.96952	0.05668225	RARB	retinoic acid receptor beta
209617_s_at	0.3554404	2.46e-01	-1.1996468	-5.96974	-0.05689348	CTNND2	catenin delta 2
205553_s_at	0.35567314	2.46e-01	-1.1991146	-5.97035	-0.05615852	CSRP3	cysteine and glycine rich protein 3
219971_at	0.35627595	2.47e-01	1.1979077	-5.97174	0.04047323	IL21R	interleukin 21 receptor
220623_s_at	0.35633847	2.47e-01	-1.1976865	-5.972	-0.06299769	TSGA10	testis specific 10
218720_x_at	0.35650673	2.47e-01	-1.1972726	-5.97247	-0.06315011	SEZ6L2	seizure related 6 homolog like 2
203443_at	0.35654478	2.47e-01	1.197059	-5.97272	0.05546993	EML3	echinoderm microtubule associated protein like 3
221539_at	0.35654478	2.47e-01	1.1969887	-5.9728	0.10350448	EIF4EBP1	eukaryotic translation initiation factor 4E binding protein 1
220816_at	0.35717176	2.47e-01	-1.1957397	-5.97424	-0.05232833	LPAR3	lysophosphatidic acid receptor 3
220492_s_at	0.35723527	2.47e-01	-1.1955168	-5.97449	-0.0462746	OTOF	otoferlin
217753_s_at	0.35762744	2.48e-01	-1.1946962	-5.97544	-0.31836187	LOC101929876///LOC100996747///RPS26P11///RPS26	40S ribosomal protein S26///40S ribosomal protein S26///ribosomal protein S26 pseudogene 11///ribosomal protein S26
208977_x_at	0.35773218	2.48e-01	1.1943881	-5.97579	0.18666886	TUBB4B	tubulin beta 4B class IVb
205944_s_at	0.35773218	2.48e-01	-1.1942912	-5.9759	-0.05069184	CLTCL1	clathrin heavy chain like 1
220976_s_at	0.35773456	2.48e-01	-1.1941796	-5.97603	-0.05656906	KRTAP1-1	keratin associated protein 1-1
200601_at	0.35799702	2.48e-01	1.1935953	-5.9767	0.11560742	ACTN4	actinin alpha 4
200810_s_at	0.35818791	2.48e-01	1.1931412	-5.97722	0.16842325	CIRBP	cold inducible RNA binding protein
204992_s_at	0.3584975	2.49e-01	-1.1924717	-5.97799	-0.14587582	PFN2	profilin 2
207123_s_at	0.3594363	2.49e-01	-1.1906619	-5.98006	-0.08533603	MATN4	matrilin 4
209492_x_at	0.35944869	2.49e-01	1.1905321	-5.98021	0.10491414	ATP5I	ATP synthase, H+ transporting, mitochondrial Fo complex subunit E
206554_x_at	0.35952548	2.49e-01	1.1902857	-5.9805	0.09812073	SETMAR	SET domain and mariner transposase fusion gene
32029_at	0.35952924	2.50e-01	-1.1901716	-5.98063	-0.04656157	LOC101060747///PDPK1	3-phosphoinositide-dependent protein kinase 1-like///3-phosphoinositide dependent protein kinase 1
211926_s_at	0.35976315	2.50e-01	1.1896406	-5.98123	0.10694943	MYH9	myosin, heavy chain 9, non-muscle
210467_x_at	0.35987782	2.50e-01	-1.1893257	-5.9816	-0.06034184	MAGEA12	MAGE family member A12
202428_x_at	0.35994006	2.50e-01	1.1891057	-5.98185	0.1476878	DBI	diazepam binding inhibitor, acyl-CoA binding protein
221237_s_at	0.36101719	2.51e-01	-1.1870507	-5.9842	-0.04623893	OSBP2	oxysterol binding protein 2
215807_s_at	0.36141311	2.51e-01	-1.1862285	-5.98514	-0.06939673	PLXNB1	plexin B1
217846_at	0.36250671	2.52e-01	1.1841495	-5.98751	0.08986276	MIR6890///QARS	microRNA 6890///glutaminyl-tRNA synthetase
221360_s_at	0.36251335	2.52e-01	-1.1839868	-5.9877	-0.05449946	GHSR	growth hormone secretagogue receptor
215123_at	0.36251335	2.52e-01	-1.1838661	-5.98783	-0.079521	NPIPA5///NPIPB5///LOC613037///NPIPB4///NPIPB3	nuclear pore complex interacting protein family member A5///nuclear pore complex interacting protein family member B5///nuclear pore complex interacting protein member///nuclear pore complex interacting protein family member B4///nuclear pore complex interacting protein family member B3
220356_at	0.36251335	2.52e-01	-1.1838153	-5.98789	-0.05967293	CORIN	corin, serine peptidase
219950_s_at	0.36252938	2.52e-01	-1.1836791	-5.98805	-0.05621866	TIAM2	T-cell lymphoma invasion and metastasis 2
207298_at	0.36275754	2.52e-01	-1.1831609	-5.98864	-0.0390794	SLC17A3	solute carrier family 17 member 3
210081_at	0.36286433	2.52e-01	-1.1828613	-5.98898	-0.04411659	AGER	advanced glycosylation end-product specific receptor
205759_s_at	0.36308227	2.53e-01	-1.1823617	-5.98955	-0.07520266	SULT2B1	sulfotransferase family 2B member 1
205431_s_at	0.36327285	2.53e-01	-1.1819115	-5.99006	-0.04081968	BMP5	bone morphogenetic protein 5
218476_at	0.36336522	2.53e-01	-1.181638	-5.99037	-0.06838718	POMT1	protein O-mannosyltransferase 1
208682_s_at	0.36390585	2.53e-01	1.180559	-5.9916	0.08673028	MAGED2	MAGE family member D2
205780_at	0.36397897	2.53e-01	-1.1803202	-5.99187	-0.09717621	BIK	BCL2 interacting killer
205199_at	0.36401206	2.53e-01	-1.1801534	-5.99206	-0.05586101	CA9	carbonic anhydrase 9
210004_at	0.36410141	2.53e-01	-1.1798856	-5.99237	-0.08023947	OLR1	oxidized low density lipoprotein receptor 1
206723_s_at	0.36419348	2.54e-01	-1.1796129	-5.99268	-0.05313045	LPAR2	lysophosphatidic acid receptor 2
202616_s_at	0.36428912	2.54e-01	-1.1793338	-5.99299	-0.09282366	MECP2	methyl-CpG binding protein 2
204709_s_at	0.36483403	2.54e-01	1.1782488	-5.99423	0.13048118	KIF23	kinesin family member 23
220313_at	0.36492036	2.54e-01	-1.1779866	-5.99452	-0.05257123	GPR88	G protein-coupled receptor 88
207882_at	0.36531452	2.55e-01	1.1770963	-5.99553	0.04627922		
207673_at	0.36531452	2.55e-01	-1.1770654	-5.99557	-0.05303514	NPHS1	NPHS1, nephrin
200000_s_at	0.36583961	2.55e-01	1.1760177	-5.99676	0.1598528	PRPF8	pre-mRNA processing factor 8
208495_at	0.36635083	2.55e-01	-1.1749957	-5.99792	-0.04710454	TLX3	T-cell leukemia homeobox 3
208944_at	0.36685594	2.56e-01	-1.1739856	-5.99906	-0.1044416	TGFBR2	transforming growth factor beta receptor 2
202644_s_at	0.36694199	2.56e-01	-1.1737245	-5.99935	-0.39785065	TNFAIP3	TNF alpha induced protein 3
205168_at	0.36699568	2.56e-01	-1.1735212	-5.99959	-0.05162366	DDR2	discoidin domain receptor tyrosine kinase 2
206913_at	0.36701742	2.56e-01	-1.1733749	-5.99975	-0.04155482	BAAT	bile acid-CoA:amino acid N-acyltransferase
205752_s_at	0.36745792	2.56e-01	-1.1724812	-6.00076	-0.12356558	GSTM5	glutathione S-transferase mu 5
211338_at	0.36747427	2.56e-01	-1.1723445	-6.00092	-0.04971791	IFNA2	interferon alpha 2
202061_s_at	0.36795791	2.57e-01	1.1713746	-6.00201	0.08129244	SEL1L	SEL1L ERAD E3 ligase adaptor subunit
215800_at	0.36860577	2.57e-01	-1.170113	-6.00344	-0.05327477	DUOX1	dual oxidase 1
205007_s_at	0.36863274	2.57e-01	-1.1698836	-6.0037	-0.06381864	CIB2	calcium and integrin binding family member 2
208128_x_at	0.36863274	2.57e-01	-1.1697559	-6.00384	-0.04065534	KIF25	kinesin family member 25
202980_s_at	0.36863274	2.57e-01	1.1697425	-6.00386	0.06636271	SIAH1	siah E3 ubiquitin protein ligase 1
200997_at	0.36925429	2.58e-01	1.1685291	-6.00522	0.08902306	RBM14-RBM4///RBM4	RBM14-RBM4 readthrough///RNA binding motif protein 4
218574_s_at	0.36960152	2.58e-01	-1.1678044	-6.00604	-0.05412461	LMCD1	LIM and cysteine rich domains 1
206791_s_at	0.3699169	2.58e-01	-1.1670596	-6.00688	-0.04670188	LOC729966///PDE4C	uncharacterized LOC729966///phosphodiesterase 4C
219087_at	0.3699169	2.59e-01	-1.1670291	-6.00692	-0.0557503	ASPN	asporin
220225_at	0.37062903	2.59e-01	-1.1656175	-6.0085	-0.04244885	IRX4	iroquois homeobox 4
204164_at	0.37062903	2.59e-01	1.1655502	-6.00858	0.10278536	SIPA1	signal-induced proliferation-associated 1
207206_s_at	0.37144942	2.60e-01	-1.1639888	-6.01034	-0.15170841	ALOX12	arachidonate 12-lipoxygenase, 12S type
219011_at	0.3720681	2.60e-01	-1.1627863	-6.01169	-0.05791539	PLEKHA4	pleckstrin homology domain containing A4
204559_s_at	0.37246256	2.61e-01	1.1619814	-6.01259	0.12176142	LSM7	LSM7 homolog, U6 small nuclear RNA and mRNA degradation associated
201579_at	0.37319885	2.61e-01	-1.1605735	-6.01417	-0.08759876	FAT1	FAT atypical cadherin 1
207181_s_at	0.37320178	2.61e-01	1.1604606	-6.0143	0.05014234	CASP7	caspase 7
210044_s_at	0.3733299	2.61e-01	1.1601269	-6.01467	0.08902579	LYL1	LYL1, basic helix-loop-helix family member
211503_s_at	0.37334569	2.61e-01	1.1599914	-6.01482	0.14743852	RAB14	RAB14, member RAS oncogene family
220131_at	0.37337956	2.61e-01	-1.1598241	-6.01501	-0.05894578	FXYD7	FXYD domain containing ion transport regulator 7
219308_s_at	0.37357685	2.62e-01	-1.1593684	-6.01552	-0.04160795	AK5	adenylate kinase 5
207047_s_at	0.37360553	2.62e-01	1.1592102	-6.0157	0.05385011	CLCNKB///CLCNKA	chloride voltage-gated channel Kb///chloride voltage-gated channel Ka
219963_at	0.37380092	2.62e-01	-1.1587581	-6.0162	-0.0495013	DUSP13	dual specificity phosphatase 13
208028_s_at	0.37397176	2.62e-01	-1.1582618	-6.01676	-0.04529535	GPX5	glutathione peroxidase 5
221345_at	0.37397176	2.62e-01	-1.1582417	-6.01678	-0.05304914	FFAR2	free fatty acid receptor 2
208770_s_at	0.37440921	2.62e-01	1.1571372	-6.01802	0.07326887	EIF4EBP2	eukaryotic translation initiation factor 4E binding protein 2
220208_at	0.37440921	2.62e-01	1.1570816	-6.01808	0.04142129	ADAMTS13	ADAM metallopeptidase with thrombospondin type 1 motif 13
209632_at	0.37440921	2.62e-01	1.1570499	-6.01811	0.04103209	PPP2R3A	protein phosphatase 2 regulatory subunit B''alpha
40524_at	0.37440921	2.62e-01	-1.1570406	-6.01813	-0.04358804	PTPN21	protein tyrosine phosphatase, non-receptor type 21
217835_x_at	0.37451487	2.63e-01	1.1567252	-6.01848	0.11079166	TGIF2-C20orf24///C20orf24	TGIF2-C20orf24 readthrough///chromosome 20 open reading frame 24
206045_s_at	0.37451487	2.63e-01	-1.1566394	-6.01857	-0.05756023	NOL4	nucleolar protein 4
208332_at	0.37455778	2.63e-01	-1.1564563	-6.01878	-0.04121347	LOC100509646///PRY2///PRY	PTPN13-like protein, Y-linked-like///PTPN13-like, Y-linked 2///PTPN13-like, Y-linked
206329_at	0.37501745	2.63e-01	-1.1555396	-6.0198	-0.05281348	EXTL1	exostosin like glycosyltransferase 1
213551_x_at	0.37553634	2.63e-01	-1.1545195	-6.02094	-0.04983775	PCGF2	polycomb group ring finger 2
207036_x_at	0.37566878	2.64e-01	-1.1541792	-6.02132	-0.03573357	GRIN2D	glutamate ionotropic receptor NMDA type subunit 2D
202876_s_at	0.37582159	2.64e-01	1.1538031	-6.02174	0.0890772	PBX2	PBX homeobox 2
221149_at	0.37597259	2.64e-01	-1.1534302	-6.02216	-0.06232511	C5AR2	complement component 5a receptor 2
207911_s_at	0.3760076	2.64e-01	-1.1532612	-6.02235	-0.04586823	TGM5	transglutaminase 5
33307_at	0.37640094	2.64e-01	1.152463	-6.02323	0.11179736	RRP7A	ribosomal RNA processing 7 homolog A
217897_at	0.37655796	2.64e-01	-1.1520799	-6.02366	-0.1135312	FXYD6	FXYD domain containing ion transport regulator 6
205642_at	0.37698868	2.65e-01	1.1512168	-6.02462	0.11207469	CNTRL	centriolin
220111_s_at	0.3775802	2.65e-01	-1.1499993	-6.02598	-0.04854766	ANO2	anoctamin 2
203190_at	0.3775802	2.65e-01	1.1499652	-6.02602	0.08667022	MIR7113///MIR4691///NDUFS8	microRNA 7113///microRNA 4691///NADH:ubiquinone oxidoreductase core subunit S8
203996_s_at	0.37763389	2.65e-01	-1.1497551	-6.02625	-0.06871904	C21orf2	chromosome 21 open reading frame 2
210472_at	0.37763389	2.65e-01	1.1496559	-6.02636	0.04552277	MT1G	metallothionein 1G
203655_at	0.37817757	2.66e-01	1.1485967	-6.02754	0.05340748	XRCC1	X-ray repair cross complementing 1
204798_at	0.37845842	2.66e-01	1.1479979	-6.0282	0.11371813	MYB	MYB proto-oncogene, transcription factor
214450_at	0.37906179	2.67e-01	1.1467469	-6.02959	0.22240362	CTSW	cathepsin W
212624_s_at	0.37906179	2.67e-01	-1.1467282	-6.02961	-0.04396819	CHN1	chimerin 1
205929_at	0.37916387	2.67e-01	-1.1464423	-6.02993	-0.07637873	GPA33	glycoprotein A33
214510_at	0.37962749	2.67e-01	-1.1455254	-6.03095	-0.04188247	GPR20	G protein-coupled receptor 20
221133_s_at	0.38008429	2.67e-01	-1.144621	-6.03195	-0.05927856	CLDN18	claudin 18
203160_s_at	0.3800944	2.67e-01	1.1444957	-6.03209	0.06134586	RNF8	ring finger protein 8
210117_at	0.38057872	2.68e-01	-1.1435441	-6.03314	-0.08141557	SPAG1	sperm associated antigen 1
219997_s_at	0.38072434	2.68e-01	1.1431828	-6.03354	0.07222723	COPS7B	COP9 signalosome subunit 7B
218226_s_at	0.38086588	2.68e-01	1.1428287	-6.03393	0.1105069	NDUFB4	NADH:ubiquinone oxidoreductase subunit B4
201765_s_at	0.38089329	2.68e-01	1.1426733	-6.0341	0.0856631	HEXA	hexosaminidase subunit alpha
208961_s_at	0.38091294	2.68e-01	-1.1425314	-6.03426	-0.30930705	KLF6	Kruppel like factor 6
219306_at	0.38093495	2.68e-01	1.1423855	-6.03442	0.15028866	KIF15	kinesin family member 15
210572_at	0.38095779	2.68e-01	-1.1421526	-6.03468	-0.04801112	PCDHA2///PCDHA3	protocadherin alpha 2///protocadherin alpha 3
220801_s_at	0.38095779	2.68e-01	-1.1421305	-6.0347	-0.04612729	HAO2	hydroxyacid oxidase 2
221008_s_at	0.38122545	2.69e-01	-1.141557	-6.03534	-0.04404952	ETNPPL	ethanolamine-phosphate phospho-lyase
219323_s_at	0.38186608	2.69e-01	-1.1403352	-6.03669	-0.04614911	IL18BP	interleukin 18 binding protein
205104_at	0.38271757	2.70e-01	1.1386837	-6.03851	0.03629395	SNPH	syntaphilin
219403_s_at	0.38271757	2.70e-01	-1.1386411	-6.03856	-0.09323475	HPSE	heparanase
206415_at	0.38346206	2.70e-01	-1.1372424	-6.0401	-0.05203883	TLL1	tolloid like 1
207008_at	0.3838451	2.71e-01	-1.1364711	-6.04095	-0.03751593	CXCR2	C-X-C motif chemokine receptor 2
210107_at	0.3844203	2.71e-01	-1.1353679	-6.04216	-0.04772741	CLCA1	chloride channel accessory 1
206797_at	0.38506145	2.72e-01	-1.1341517	-6.0435	-0.03716569	NAT2	N-acetyltransferase 2
200650_s_at	0.38515638	2.72e-01	1.1338799	-6.0438	0.09869987	LDHA	lactate dehydrogenase A
201578_at	0.38519005	2.72e-01	-1.1337139	-6.04398	-0.10636895	PODXL	podocalyxin like
204960_at	0.38537721	2.72e-01	-1.1332829	-6.04445	-0.14138894	PTPRCAP	protein tyrosine phosphatase, receptor type C associated protein
208175_s_at	0.38555832	2.72e-01	-1.1328624	-6.04492	-0.08746669	DMP1	dentin matrix acidic phosphoprotein 1
208836_at	0.38622944	2.73e-01	1.1315967	-6.04631	0.13729303	ATP1B3	ATPase Na+/K+ transporting subunit beta 3
205396_at	0.38634596	2.73e-01	1.1312512	-6.04668	0.04388682	SMAD3	SMAD family member 3
202222_s_at	0.38634596	2.73e-01	-1.1311802	-6.04676	-0.04691626	DES	desmin
207311_at	0.38639922	2.73e-01	-1.1309805	-6.04698	-0.05303056	DOC2B	double C2 domain beta
207557_s_at	0.38677588	2.73e-01	-1.1300302	-6.04802	-0.05713615	RYR2	ryanodine receptor 2
212136_at	0.38677588	2.73e-01	1.1298902	-6.04818	0.06399684	ATP2B4	ATPase plasma membrane Ca2+ transporting 4
216620_s_at	0.38677588	2.73e-01	1.1298374	-6.04823	0.10203835	ARHGEF10	Rho guanine nucleotide exchange factor 10
204819_at	0.38677588	2.73e-01	-1.1297479	-6.04833	-0.06139116	FGD1	FYVE, RhoGEF and PH domain containing 1
204724_s_at	0.38677588	2.74e-01	-1.1297121	-6.04837	-0.06421791	COL9A3	collagen type IX alpha 3 chain
220163_s_at	0.38677588	2.74e-01	1.1296847	-6.0484	0.04248089	HR	hair growth associated
210239_at	0.38694662	2.74e-01	-1.1292828	-6.04884	-0.05271444	IRX5	iroquois homeobox 5
204885_s_at	0.38714005	2.74e-01	-1.1288082	-6.04936	-0.06595851	MSLN	mesothelin
214469_at	0.38714005	2.74e-01	-1.1287342	-6.04944	-0.0833921	HIST1H2AE	histone cluster 1, H2ae
204378_at	0.38722538	2.74e-01	1.1284795	-6.04972	0.04478358	BCAS1	breast carcinoma amplified sequence 1
40569_at	0.38748428	2.74e-01	-1.1279261	-6.05033	-0.09961486	MZF1	myeloid zinc finger 1
203418_at	0.38756095	2.74e-01	1.1276864	-6.05059	0.20962249	CCNA2	cyclin A2
217861_s_at	0.38758893	2.74e-01	1.1275306	-6.05076	0.08437635	PREB	prolactin regulatory element binding
203029_s_at	0.38762967	2.74e-01	-1.1273528	-6.05095	-0.07216884	PTPRN2	protein tyrosine phosphatase, receptor type N2
205313_at	0.38764774	2.75e-01	1.1271137	-6.05121	0.04967883	HNF1B	HNF1 homeobox B
207226_at	0.38764774	2.75e-01	-1.1271063	-6.05122	-0.06513797	HIST1H2BN	histone cluster 1, H2bn
220748_s_at	0.3876508	2.75e-01	1.1269933	-6.05135	0.11268082	ZNF580	zinc finger protein 580
208046_at	0.38845764	2.75e-01	-1.1254982	-6.05298	-0.04783121	HIST1H4A	histone cluster 1, H4a
35846_at	0.38889494	2.76e-01	1.1246153	-6.05394	0.04216993	THRA	thyroid hormone receptor, alpha
201667_at	0.38889494	2.76e-01	-1.1245316	-6.05403	-0.29198808	GJA1	gap junction protein alpha 1
209574_s_at	0.3889818	2.76e-01	-1.1242747	-6.05431	-0.08402711	LDLRAD4	low density lipoprotein receptor class A domain containing 4
206212_at	0.38916005	2.76e-01	-1.123861	-6.05477	-0.05807571	CPA2	carboxypeptidase A2
210019_at	0.38975999	2.76e-01	-1.1227241	-6.05601	-0.03557139	CALML3	calmodulin like 3
207848_at	0.39020741	2.77e-01	1.1218496	-6.05696	0.12321848	AVP	arginine vasopressin
204265_s_at	0.39095309	2.77e-01	1.1204653	-6.05846	0.09588314	GPSM3	G-protein signaling modulator 3
204455_at	0.39096228	2.77e-01	-1.1203418	-6.0586	-0.07464101	DST	dystonin
204766_s_at	0.39111695	2.78e-01	-1.1197252	-6.05927	-0.09141905	NUDT1	nudix hydrolase 1
213213_at	0.39111695	2.78e-01	1.1196738	-6.05932	0.09183229	DIDO1	death inducer-obliterator 1
202329_at	0.39111695	2.78e-01	1.1195164	-6.0595	0.06602167	CSK	c-src tyrosine kinase
219041_s_at	0.39111695	2.78e-01	1.1194919	-6.05952	0.09672974	REPIN1	replication initiator 1
205579_at	0.39111695	2.78e-01	-1.1194037	-6.05962	-0.0376768	HRH1	histamine receptor H1
37254_at	0.39111695	2.78e-01	1.1193999	-6.05962	0.05141691	ZNF133	zinc finger protein 133
210515_at	0.39111695	2.78e-01	-1.1193229	-6.05971	-0.04781191	HNF1A	HNF1 homeobox A
205670_at	0.391388	2.78e-01	1.1187516	-6.06033	0.0530417	GAL3ST1	galactose-3-O-sulfotransferase 1
212470_at	0.39142548	2.78e-01	1.1185798	-6.06051	0.08195854	SPAG9	sperm associated antigen 9
220806_x_at	0.39154731	2.78e-01	-1.1182638	-6.06086	-0.05958817	GNG13	G protein subunit gamma 13
221363_x_at	0.39162405	2.78e-01	-1.1180249	-6.06112	-0.03633292	GPR25	G protein-coupled receptor 25
207011_s_at	0.39165686	2.78e-01	1.1178611	-6.06129	0.07289862	PTK7	protein tyrosine kinase 7 (inactive)
221737_at	0.3923389	2.79e-01	1.1165882	-6.06267	0.07147629	GNA12	G protein subunit alpha 12
204038_s_at	0.39240882	2.79e-01	-1.1163611	-6.06292	-0.05519021	LPAR1	lysophosphatidic acid receptor 1
220770_s_at	0.39264359	2.79e-01	1.1157143	-6.06362	0.09045772	ZBED8	zinc finger BED-type containing 8
204762_s_at	0.39264359	2.79e-01	-1.1155218	-6.06383	-0.05898426	GNAO1	G protein subunit alpha o1
207890_s_at	0.39264359	2.79e-01	-1.1154963	-6.06386	-0.05573959	MMP25	matrix metallopeptidase 25
208463_at	0.39264359	2.79e-01	-1.1154543	-6.0639	-0.04360792	GABRA4	gamma-aminobutyric acid type A receptor alpha4 subunit
218188_s_at	0.39264359	2.79e-01	1.1154219	-6.06394	0.10759401	TIMM13	translocase of inner mitochondrial membrane 13
209172_s_at	0.39279306	2.80e-01	1.1150592	-6.06433	0.11652192	CENPF	centromere protein F
219480_at	0.39439655	2.81e-01	-1.1122194	-6.0674	-0.04998699	SNAI1	snail family transcriptional repressor 1
203791_at	0.39442236	2.81e-01	1.1120678	-6.06757	0.06475072	DMXL1	Dmx like 1
206981_at	0.3951757	2.81e-01	1.1106792	-6.06907	0.04003859	SCN4A	sodium voltage-gated channel alpha subunit 4
204105_s_at	0.39530066	2.82e-01	-1.1103592	-6.06941	-0.03601253	NRCAM	neuronal cell adhesion molecule
207455_at	0.3955468	2.82e-01	1.1098333	-6.06998	0.04278653	P2RY1	purinergic receptor P2Y1
214571_at	0.39581139	2.82e-01	-1.1091741	-6.07069	-0.04362779	FGF3	fibroblast growth factor 3
206304_at	0.39581139	2.82e-01	-1.1091686	-6.0707	-0.04342431	MYBPH	myosin binding protein H
219152_at	0.39606806	2.82e-01	1.1086252	-6.07128	0.04092583	PODXL2	podocalyxin like 2
205178_s_at	0.3972555	2.83e-01	-1.1065051	-6.07356	-0.09922059	RBBP6	RB binding protein 6, ubiquitin ligase
213735_s_at	0.39776496	2.84e-01	-1.1055352	-6.07461	-0.08210259	COX5B	cytochrome c oxidase subunit 5B
220025_at	0.39895108	2.84e-01	-1.1034233	-6.07688	-0.06326937	TBR1	T-box, brain 1
206907_at	0.39897854	2.85e-01	1.103269	-6.07704	0.04151845	TNFSF9	tumor necrosis factor superfamily member 9
206825_at	0.39906526	2.85e-01	-1.1030147	-6.07731	-0.05039173	OXTR	oxytocin receptor
205274_at	0.39918112	2.85e-01	-1.1027112	-6.07764	-0.05575544	GTPBP1	GTP binding protein 1
219907_at	0.39933468	2.85e-01	1.1023442	-6.07803	0.05296585	FRS3	fibroblast growth factor receptor substrate 3
206115_at	0.39985616	2.85e-01	1.1012779	-6.07918	0.08899747	EGR3	early growth response 3
213226_at	0.39985616	2.85e-01	1.1012491	-6.07921	0.17923931	CCNA2	cyclin A2
202376_at	0.40017079	2.86e-01	-1.1005664	-6.07994	-0.04280414	SERPINA3	serpin family A member 3
42361_g_at	0.40017079	2.86e-01	1.1005031	-6.08001	0.05496803	CCHCR1	coiled-coil alpha-helical rod protein 1
207424_at	0.40036961	2.86e-01	-1.1000603	-6.08048	-0.05197113	MYF5	myogenic factor 5
206179_s_at	0.40038292	2.86e-01	1.0998919	-6.08066	0.07482202	TPPP	tubulin polymerization promoting protein
206794_at	0.40038292	2.86e-01	1.099765	-6.0808	0.04509475	ERBB4	erb-b2 receptor tyrosine kinase 4
220229_s_at	0.40038292	2.86e-01	1.099714	-6.08085	0.05620199	AP4E1	adaptor related protein complex 4 epsilon 1 subunit
219484_at	0.40139134	2.87e-01	-1.0979093	-6.08278	-0.05366126	HCFC2	host cell factor C2
207269_at	0.40191364	2.87e-01	-1.0969237	-6.08383	-0.06538811	DEFA4	defensin alpha 4
202790_at	0.40192722	2.87e-01	-1.0967929	-6.08397	-0.04639173	CLDN7	claudin 7
210185_at	0.40207113	2.87e-01	-1.0964432	-6.08435	-0.05621242	CACNB1	calcium voltage-gated channel auxiliary subunit beta 1
218066_at	0.4025077	2.88e-01	1.0956024	-6.08524	0.09052439	SLC12A7	solute carrier family 12 member 7
207080_s_at	0.4027786	2.88e-01	1.0950399	-6.08584	0.04697368	PYY	peptide YY
210323_at	0.40288272	2.88e-01	-1.0946808	-6.08623	-0.06134207	TEKT2	tektin 2
220983_s_at	0.40288272	2.88e-01	-1.0946493	-6.08626	-0.05317291	MIR612///NEAT1	microRNA 612///nuclear paraspeckle assembly transcript 1 (non-protein coding)
206397_x_at	0.40319924	2.88e-01	1.0940106	-6.08694	0.03946358	CERS1///GDF1	ceramide synthase 1///growth differentiation factor 1
218353_at	0.40321181	2.89e-01	-1.0937917	-6.08717	-0.0451993	RGS5	regulator of G-protein signaling 5
208483_x_at	0.40321181	2.89e-01	-1.0935731	-6.08741	-0.04178227	KRT33A	keratin 33A
207105_s_at	0.40321181	2.89e-01	1.0935616	-6.08742	0.04485389	PIK3R2	phosphoinositide-3-kinase regulatory subunit 2
209135_at	0.40321181	2.89e-01	-1.0935576	-6.08742	-0.07357105	ASPH	aspartate beta-hydroxylase
201137_s_at	0.40324516	2.89e-01	-1.0933937	-6.0876	-0.17509639	HLA-DPB1	major histocompatibility complex, class II, DP beta 1
217192_s_at	0.40327146	2.89e-01	-1.0932417	-6.08776	-0.03764637	PRDM1	PR/SET domain 1
201095_at	0.40340874	2.89e-01	1.0929037	-6.08812	0.07192536	DAP	death associated protein
214630_at	0.40353348	2.89e-01	1.0925867	-6.08846	0.04461804	CYP11B2	cytochrome P450 family 11 subfamily B member 2
210503_at	0.40359616	2.89e-01	1.0922971	-6.08876	0.03605166	MAGEA11	MAGE family member A11
201730_s_at	0.40359616	2.89e-01	1.0922658	-6.0888	0.16653242	TPR	translocated promoter region, nuclear basket protein
35974_at	0.40368015	2.89e-01	1.0920172	-6.08906	0.07589789	LRMP	lymphoid restricted membrane protein
210106_at	0.40420374	2.90e-01	1.0910324	-6.09011	0.04091133	BLOC1S1-RDH5///RDH5	BLOC1S1-RDH5 readthrough///retinol dehydrogenase 5
205726_at	0.40442397	2.90e-01	-1.0905559	-6.09062	-0.08186165	DIAPH2	diaphanous related formin 2
205248_at	0.40454574	2.90e-01	-1.0902442	-6.09095	-0.05963575	DOPEY2	dopey family member 2
221200_at	0.40492286	2.90e-01	-1.089464	-6.09177	-0.05192451	ERVK3-2	endogenous retrovirus group K3 member 2
214182_at	0.40492286	2.90e-01	1.0893976	-6.09185	0.18245352	ARF6	ADP ribosylation factor 6
205380_at	0.40493138	2.90e-01	-1.0892754	-6.09197	-0.0454854	PDZK1	PDZ domain containing 1
213409_s_at	0.40493409	2.91e-01	1.089163	-6.09209	0.05060006	RHEB	Ras homolog enriched in brain
200023_s_at	0.40509203	2.91e-01	1.0887719	-6.09251	0.07298607	EIF3F	eukaryotic translation initiation factor 3 subunit F
206066_s_at	0.40509203	2.91e-01	1.0885923	-6.0927	0.09072427	RAD51C	RAD51 paralog C
220210_at	0.40509203	2.91e-01	1.0885752	-6.09272	0.04770446	CHRNA10	cholinergic receptor nicotinic alpha 10 subunit
214743_at	0.40523391	2.91e-01	1.0882103	-6.0931	0.136091	CUX1	cut like homeobox 1
219196_at	0.40523391	2.91e-01	-1.0881223	-6.0932	-0.04864753	SCG3	secretogranin III
214634_at	0.40562521	2.91e-01	-1.0873605	-6.09401	-0.04981908	HIST1H4I	histone cluster 1, H4i
207875_at	0.40600762	2.92e-01	-1.086614	-6.0948	-0.04223279	DKK3	dickkopf WNT signaling pathway inhibitor 3
221322_at	0.40610338	2.92e-01	-1.0863462	-6.09508	-0.04788483	NPVF	neuropeptide VF precursor
209412_at	0.4061266	2.92e-01	1.0861996	-6.09523	0.04856093	LOC102724200///TRAPPC10	trafficking protein particle complex subunit 10-like///trafficking protein particle complex 10
205585_at	0.40614697	2.92e-01	-1.0860503	-6.09539	-0.09992299	ETV6	ETS variant 6
213408_s_at	0.40614697	2.92e-01	-1.0859499	-6.0955	-0.08497964	PI4KAP1///PI4KAP2///PI4KA	phosphatidylinositol 4-kinase alpha pseudogene 1///phosphatidylinositol 4-kinase alpha pseudogene 2///phosphatidylinositol 4-kinase alpha
207178_s_at	0.40622068	2.92e-01	-1.0856684	-6.0958	-0.05649278	FRK	fyn related Src family tyrosine kinase
208821_at	0.40622068	2.92e-01	1.0855051	-6.09597	0.10960732	SNRPB	small nuclear ribonucleoprotein polypeptides B and B1
203385_at	0.40622068	2.92e-01	1.0855033	-6.09597	0.05356534	DGKA	diacylglycerol kinase alpha
201847_at	0.40635253	2.92e-01	1.0851754	-6.09632	0.1413229	LIPA	lipase A, lysosomal acid type
210614_at	0.40642273	2.92e-01	-1.0848589	-6.09665	-0.05501393	TTPA	alpha tocopherol transfer protein
207348_s_at	0.40642273	2.92e-01	1.0848426	-6.09667	0.05297145	LIG3	DNA ligase 3
205939_at	0.40685387	2.93e-01	-1.0838699	-6.0977	-0.05454051	CYP3A7-CYP3A51P///CYP3A7	CYP3A7-CYP3A51P readthrough///cytochrome P450 family 3 subfamily A member 7
200657_at	0.40685387	2.93e-01	-1.0837878	-6.09779	-0.10439677	SLC25A5	solute carrier family 25 member 5
219028_at	0.40685387	2.93e-01	-1.083759	-6.09782	-0.04801531	HIPK2	homeodomain interacting protein kinase 2
204580_at	0.40685387	2.93e-01	-1.0836921	-6.09789	-0.05096537	MMP12	matrix metallopeptidase 12
210155_at	0.40789936	2.94e-01	-1.0818421	-6.09984	-0.05314925	MYOC	myocilin
202831_at	0.40862596	2.94e-01	-1.0805253	-6.10123	-0.05980017	GPX2	glutathione peroxidase 2
207884_at	0.40878531	2.94e-01	-1.0801525	-6.10162	-0.03636356	GUCY2D	guanylate cyclase 2D, retinal
207633_s_at	0.40916079	2.95e-01	-1.0794206	-6.10239	-0.04182405	MUSK	muscle associated receptor tyrosine kinase
204087_s_at	0.40973315	2.95e-01	1.0783623	-6.10351	0.06753622	SLC5A6	solute carrier family 5 member 6
207795_s_at	0.41050028	2.96e-01	-1.0769819	-6.10496	-0.0410398	KLRD1	killer cell lectin like receptor D1
203805_s_at	0.41110071	2.96e-01	1.0758792	-6.10611	0.07594042	FANCA	Fanconi anemia complementation group A
207967_at	0.41128666	2.96e-01	-1.0754633	-6.10655	-0.04371626	VPS45	vacuolar protein sorting 45 homolog
213568_at	0.41177832	2.97e-01	1.0745389	-6.10752	0.06331482	OSR2	odd-skipped related transciption factor 2
206570_s_at	0.41177832	2.97e-01	-1.0744337	-6.10763	-0.05947042	PSG11	pregnancy specific beta-1-glycoprotein 11
204765_at	0.41210658	2.97e-01	-1.0737829	-6.10831	-0.03824629	ARHGEF5	Rho guanine nucleotide exchange factor 5
210055_at	0.41213068	2.97e-01	-1.073635	-6.10847	-0.06148923	TSHR	thyroid stimulating hormone receptor
203530_s_at	0.41228669	2.97e-01	1.0732691	-6.10885	0.07078672	STX4	syntaxin 4
204967_at	0.41258382	2.98e-01	-1.0726701	-6.10948	-0.03633928	SHROOM2	shroom family member 2
201851_at	0.41333886	2.98e-01	1.0713118	-6.1109	0.04573921	SH3GL1	SH3 domain containing GRB2 like 1, endophilin A2
209955_s_at	0.41333886	2.98e-01	-1.0712075	-6.11101	-0.05091449	FAP	fibroblast activation protein alpha
213819_s_at	0.41336917	2.98e-01	-1.0710494	-6.11117	-0.04440129	FLOT1	flotillin 1
205166_at	0.41352085	2.99e-01	-1.0706911	-6.11155	-0.05185749	CAPN5	calpain 5
205520_at	0.4136717	2.99e-01	1.0703343	-6.11192	0.03596725	STRN	striatin
204963_at	0.41377139	2.99e-01	1.0700618	-6.11221	0.05366099	SSPN	sarcospan
210661_at	0.41400733	2.99e-01	-1.0695648	-6.11273	-0.0486569	GLRA3	glycine receptor alpha 3
209202_s_at	0.41404683	2.99e-01	1.0693917	-6.11291	0.04031334	EXTL3	exostosin like glycosyltransferase 3
220423_at	0.41410647	2.99e-01	-1.0691853	-6.11312	-0.04038691	PLA2G2D	phospholipase A2 group IID
213281_at	0.41411696	2.99e-01	-1.06906	-6.11325	-0.13910177	JUN	Jun proto-oncogene, AP-1 transcription factor subunit
205522_at	0.41450761	3.00e-01	-1.0683083	-6.11404	-0.05135397	HOXD4	homeobox D4
209643_s_at	0.41499845	3.00e-01	-1.067392	-6.11499	-0.03924725	PLD2	phospholipase D2
220988_s_at	0.41510105	3.00e-01	1.0670693	-6.11533	0.04871569	C1QTNF3	C1q and tumor necrosis factor related protein 3
221083_at	0.41510105	3.00e-01	-1.0670071	-6.11539	-0.04834462	KCNQ4	potassium voltage-gated channel subfamily Q member 4
205917_at	0.41533594	3.00e-01	-1.0664164	-6.11601	-0.0861304	ZNF264	zinc finger protein 264
203787_at	0.41533594	3.01e-01	-1.0662035	-6.11623	-0.14590837	SSBP2	single stranded DNA binding protein 2
206458_s_at	0.41533594	3.01e-01	-1.0661766	-6.11626	-0.05009651	WNT2B	Wnt family member 2B
207412_x_at	0.41533594	3.01e-01	-1.0661134	-6.11633	-0.0442393	CELP	carboxyl ester lipase pseudogene
204239_s_at	0.41533594	3.01e-01	-1.0660805	-6.11636	-0.06256808	NNAT	neuronatin
220051_at	0.41555119	3.01e-01	-1.0655108	-6.11695	-0.4207089	PRSS21	protease, serine 21
202942_at	0.41555119	3.01e-01	1.0655104	-6.11695	0.08468765	ETFB	electron transfer flavoprotein beta subunit
221365_at	0.41572143	3.01e-01	1.0651224	-6.11736	0.04480119	MLNR	motilin receptor
203807_x_at	0.41580847	3.01e-01	-1.0647933	-6.1177	-0.04210537	GH1///CSHL1///CSH2///CSH1	growth hormone 1///chorionic somatomammotropin hormone like 1///chorionic somatomammotropin hormone 2///chorionic somatomammotropin hormone 1
219483_s_at	0.41580847	3.01e-01	1.0647584	-6.11774	0.05049541	PORCN	porcupine homolog (Drosophila)
36829_at	0.41580847	3.01e-01	-1.0646001	-6.1179	-0.13516115	MIR6883///PER1	microRNA 6883///period circadian clock 1
207097_s_at	0.41580847	3.01e-01	-1.0645475	-6.11795	-0.03731964	SLC17A2	solute carrier family 17 member 2
37892_at	0.41592321	3.01e-01	-1.0642509	-6.11826	-0.04283527	COL11A1	collagen type XI alpha 1 chain
221682_s_at	0.41637975	3.02e-01	1.0633925	-6.11916	0.0466075	PCDHGB6	protocadherin gamma subfamily B, 6
203291_at	0.41646021	3.02e-01	1.0631305	-6.11943	0.09063533	CNOT4	CCR4-NOT transcription complex subunit 4
221558_s_at	0.41646021	3.02e-01	-1.0630444	-6.11952	-0.38943732	LEF1	lymphoid enhancer binding factor 1
204979_s_at	0.41656843	3.02e-01	-1.0627587	-6.11981	-0.04181847	SH3BGR	SH3 domain binding glutamate rich protein
40225_at	0.41674293	3.02e-01	1.0622635	-6.12033	0.07122782	GAK	cyclin G associated kinase
205027_s_at	0.41674293	3.02e-01	-1.0622562	-6.12034	-0.09380312	MAP3K8	mitogen-activated protein kinase kinase kinase 8
218228_s_at	0.41680636	3.02e-01	1.0620441	-6.12056	0.09480429	TNKS2	tankyrase 2
219878_s_at	0.41682813	3.02e-01	-1.0619005	-6.1207	-0.0571586	KLF13	Kruppel like factor 13
203371_s_at	0.41696682	3.03e-01	1.0615648	-6.12105	0.06922004	NDUFB3	NADH:ubiquinone oxidoreductase subunit B3
209390_at	0.41794714	3.03e-01	1.0598485	-6.12283	0.05699328	TSC1	tuberous sclerosis 1
207503_at	0.41835897	3.04e-01	-1.0590657	-6.12364	-0.04101608	TCP10	t-complex 10
202095_s_at	0.41904922	3.04e-01	1.0578275	-6.12492	0.14989864	BIRC5	baculoviral IAP repeat containing 5
219115_s_at	0.41916305	3.04e-01	-1.0573814	-6.12539	-0.04701483	IL20RA	interleukin 20 receptor subunit alpha
202085_at	0.41916305	3.04e-01	1.057331	-6.12544	0.14205292	TJP2	tight junction protein 2
219384_s_at	0.41916305	3.04e-01	1.0573173	-6.12545	0.09014675	ADAT1	adenosine deaminase, tRNA specific 1
219759_at	0.41916395	3.04e-01	-1.0572079	-6.12557	-0.30608376	ERAP2	endoplasmic reticulum aminopeptidase 2
215795_at	0.4192375	3.05e-01	-1.0569796	-6.1258	-0.0431393	MYH7B	myosin heavy chain 7B
217749_at	0.41926031	3.05e-01	1.0568343	-6.12595	0.09706269	COPG1	coatomer protein complex subunit gamma 1
201828_x_at	0.41973123	3.05e-01	1.0559561	-6.12686	0.08559731	FAM127A	family with sequence similarity 127 member A
206831_s_at	0.41993166	3.05e-01	1.0555205	-6.12731	0.05970631	ARSD	arylsulfatase D
211267_at	0.42017184	3.05e-01	1.05502	-6.12782	0.06510138	HESX1	HESX homeobox 1
205450_at	0.42026717	3.06e-01	-1.0546803	-6.12818	-0.03777584	PHKA1	phosphorylase kinase regulatory subunit alpha 1
214474_at	0.42026717	3.06e-01	-1.0546483	-6.12821	-0.05337693	PRKAB2	protein kinase AMP-activated non-catalytic subunit beta 2
212592_at	0.42029949	3.06e-01	-1.0544876	-6.12837	-0.37631945	JCHAIN	joining chain of multimeric IgA and IgM
204670_x_at	0.42033319	3.06e-01	-1.0543246	-6.12854	-0.21355918	LOC100996809///HLA-DRB4///HLA-DRB1	HLA class II histocompatibility antigen, DRB1-10 beta chain-like///major histocompatibility complex, class II, DR beta 4///major histocompatibility complex, class II, DR beta 1
205646_s_at	0.4209521	3.06e-01	-1.053206	-6.1297	-0.04967069	PAX6	paired box 6
210027_s_at	0.42242193	3.07e-01	1.0507022	-6.13227	0.06792663	APEX1	apurinic/apyrimidinic endodeoxyribonuclease 1
217716_s_at	0.42277389	3.08e-01	1.0500212	-6.13297	0.06317744	SEC61A1	Sec61 translocon alpha 1 subunit
205261_at	0.42333076	3.08e-01	-1.0490075	-6.13401	-0.03776331	PGC	progastricsin
220317_at	0.42363034	3.08e-01	1.0483301	-6.13471	0.05548881	LRAT	lecithin retinol acyltransferase (phosphatidylcholine--retinol O-acyltransferase)
220294_at	0.42363034	3.08e-01	1.0483043	-6.13473	0.04491619	KCNV1	potassium voltage-gated channel modifier subfamily V member 1
202587_s_at	0.42397473	3.09e-01	1.0475381	-6.13552	0.11663427	AK1	adenylate kinase 1
219561_at	0.42397473	3.09e-01	-1.0475101	-6.13555	-0.04847686	COPZ2	coatomer protein complex subunit zeta 2
206219_s_at	0.42397473	3.09e-01	-1.0474206	-6.13564	-0.06591498	VAV1	vav guanine nucleotide exchange factor 1
221353_at	0.42415425	3.09e-01	-1.0470209	-6.13605	-0.0604553	OR3A1	olfactory receptor family 3 subfamily A member 1
211223_at	0.42433517	3.09e-01	-1.0466191	-6.13646	-0.04452784	PROP1	PROP paired-like homeobox 1
214284_s_at	0.42446734	3.09e-01	-1.0462964	-6.13679	-0.04947239	FGF18	fibroblast growth factor 18
205543_at	0.42455695	3.09e-01	1.0460429	-6.13705	0.067617	HSPA4L	heat shock protein family A (Hsp70) member 4 like
213467_at	0.42496765	3.10e-01	1.0452685	-6.13785	0.03803313	RND2	Rho family GTPase 2
201389_at	0.42542098	3.10e-01	1.0443641	-6.13877	0.09568358	ITGA5	integrin subunit alpha 5
206377_at	0.42542098	3.10e-01	-1.0443173	-6.13882	-0.03564935	FOXF2	forkhead box F2
205544_s_at	0.42556535	3.10e-01	1.0439454	-6.1392	0.26906382	CR2	complement component 3d receptor 2
200670_at	0.42556535	3.10e-01	1.0438671	-6.13928	0.12324005	XBP1	X-box binding protein 1
214631_at	0.42563529	3.11e-01	1.0436457	-6.13951	0.07106191	ZBTB33	zinc finger and BTB domain containing 33
203929_s_at	0.42641873	3.11e-01	-1.0422689	-6.14091	-0.05088115	MAPT	microtubule associated protein tau
212642_s_at	0.42669521	3.11e-01	1.0417134	-6.14148	0.1061218	HIVEP2	human immunodeficiency virus type I enhancer binding protein 2
202090_s_at	0.42670714	3.11e-01	1.041586	-6.14161	0.07291824	UQCR11	ubiquinol-cytochrome c reductase, complex III subunit XI
205776_at	0.42718442	3.12e-01	1.040706	-6.14251	0.0563011	FMO5	flavin containing monooxygenase 5
221287_at	0.42779267	3.12e-01	-1.0395214	-6.14371	-0.04700117	RNASEL	ribonuclease L
217996_at	0.42779267	3.12e-01	-1.0395069	-6.14373	-0.07614679	PHLDA1	pleckstrin homology like domain family A member 1
209600_s_at	0.42789185	3.13e-01	-1.0392386	-6.144	-0.06111507	ACOX1	acyl-CoA oxidase 1
202157_s_at	0.42806449	3.13e-01	-1.0388517	-6.1444	-0.11455684	CELF2	CUGBP, Elav-like family member 2
221299_at	0.42807663	3.13e-01	-1.0387239	-6.14453	-0.04314947	GPR173	G protein-coupled receptor 173
207565_s_at	0.42816652	3.13e-01	1.0384706	-6.14478	0.0549573	MR1	major histocompatibility complex, class I-related
205638_at	0.42821857	3.13e-01	-1.0382785	-6.14498	-0.04885605	ADGRB3	adhesion G protein-coupled receptor B3
219428_s_at	0.42886732	3.14e-01	1.0370306	-6.14625	0.04298521	PXMP4	peroxisomal membrane protein 4
201441_at	0.42886732	3.14e-01	-1.0370155	-6.14626	-0.07533269	COX6B1	cytochrome c oxidase subunit 6B1
210402_at	0.42936617	3.14e-01	-1.0361032	-6.14719	-0.04074235	KCNJ1	potassium voltage-gated channel subfamily J member 1
204702_s_at	0.42945802	3.14e-01	1.035847	-6.14745	0.06702343	NFE2L3	nuclear factor, erythroid 2 like 3
210523_at	0.42958024	3.14e-01	-1.0355419	-6.14776	-0.06343198	BMPR1B	bone morphogenetic protein receptor type 1B
211343_s_at	0.42983776	3.14e-01	-1.0349166	-6.14839	-0.03899829	COL13A1	collagen type XIII alpha 1 chain
206461_x_at	0.42983776	3.14e-01	1.0349108	-6.1484	0.11330443	MT1H	metallothionein 1H
32032_at	0.42990892	3.15e-01	1.034688	-6.14863	0.0402888	TSSK2///DGCR14	testis specific serine kinase 2///DiGeorge syndrome critical region gene 14
221466_at	0.43012732	3.15e-01	1.0342282	-6.14909	0.03225202	P2RY4	pyrimidinergic receptor P2Y4
40687_at	0.43014048	3.15e-01	1.0340989	-6.14922	0.07814314	GJA4	gap junction protein alpha 4
207402_at	0.43015264	3.15e-01	1.0339712	-6.14935	0.04992607	ZNF132	zinc finger protein 132
208742_s_at	0.430235	3.15e-01	1.0337304	-6.1496	0.0833548	SAP18	Sin3A associated protein 18
219594_at	0.43032865	3.15e-01	-1.0334716	-6.14986	-0.09254364	NINJ2	ninjurin 2
220403_s_at	0.43053247	3.15e-01	-1.0330354	-6.1503	-0.04557982	TP53AIP1	tumor protein p53 regulated apoptosis inducing protein 1
204115_at	0.430816	3.16e-01	-1.0324267	-6.15092	-0.14735965	GNG11	G protein subunit gamma 11
208592_s_at	0.430816	3.16e-01	-1.032363	-6.15098	-0.0465445	CD1E	CD1e molecule
61874_at	0.43100727	3.16e-01	1.0319473	-6.1514	0.02795565	CACFD1	calcium channel flower domain containing 1
208764_s_at	0.43173956	3.16e-01	-1.0306623	-6.1527	-0.09895625	ATP5G2	ATP synthase, H+ transporting, mitochondrial Fo complex subunit C2 (subunit 9)
202433_at	0.43182778	3.17e-01	1.0304125	-6.15295	0.08740884	SLC35B1	solute carrier family 35 member B1
206927_s_at	0.43187639	3.17e-01	-1.0302263	-6.15314	-0.05119917	GUCY1A2	guanylate cyclase 1 soluble subunit alpha 2
202598_at	0.43213177	3.17e-01	-1.0297081	-6.15367	-0.04761224	S100A13	S100 calcium binding protein A13
221279_at	0.43245077	3.17e-01	1.0290879	-6.15429	0.04152828	GDAP1	ganglioside induced differentiation associated protein 1
207868_at	0.43263278	3.17e-01	-1.0286676	-6.15472	-0.03979162	CHRNA2	cholinergic receptor nicotinic alpha 2 subunit
204114_at	0.43263278	3.17e-01	-1.0285796	-6.15481	-0.12971986	NID2	nidogen 2
214589_at	0.43268236	3.17e-01	-1.0283632	-6.15502	-0.05033416	FGF12	fibroblast growth factor 12
207166_at	0.43268236	3.18e-01	-1.0282281	-6.15516	-0.05702835	GNGT1	G protein subunit gamma transducin 1
203852_s_at	0.43268236	3.18e-01	1.0281756	-6.15521	0.10451386	SMN2///SMN1	survival of motor neuron 2, centromeric///survival of motor neuron 1, telomeric
201641_at	0.43307984	3.18e-01	-1.02743	-6.15596	-0.16490458	BST2	bone marrow stromal cell antigen 2
206653_at	0.43353102	3.18e-01	1.0265987	-6.1568	0.0695838	POLR3G	RNA polymerase III subunit G
208703_s_at	0.43385982	3.19e-01	-1.0259638	-6.15744	-0.22570538	APLP2	amyloid beta precursor like protein 2
213847_at	0.43411341	3.19e-01	-1.0254496	-6.15796	-0.06368426	PRPH	peripherin
201011_at	0.43437176	3.19e-01	1.024928	-6.15848	0.15867303	RPN1	ribophorin I
201631_s_at	0.43440489	3.19e-01	-1.0247556	-6.15866	-0.08850322	IER3	immediate early response 3
209012_at	0.43440489	3.19e-01	-1.0246586	-6.15875	-0.05817798	TRIO	trio Rho guanine nucleotide exchange factor
209571_at	0.43466056	3.19e-01	1.0241413	-6.15927	0.07380846	CIR1	corepressor interacting with RBPJ, 1
205184_at	0.43479649	3.20e-01	-1.0237139	-6.1597	-0.04357365	GNG4	G protein subunit gamma 4
209029_at	0.43479649	3.20e-01	1.0237076	-6.15971	0.09075288	COPS7A	COP9 signalosome subunit 7A
205439_at	0.43485536	3.20e-01	-1.0235052	-6.15991	-0.06466907	GSTT2	glutathione S-transferase theta 2 (gene/pseudogene)
206777_s_at	0.43486151	3.20e-01	1.0233115	-6.16011	0.11352805	CRYBB2P1///CRYBB2	crystallin beta B2 pseudogene 1///crystallin beta B2
205558_at	0.43486151	3.20e-01	1.0232791	-6.16014	0.04274029	TRAF6	TNF receptor associated factor 6
206843_at	0.43603673	3.21e-01	-1.0212929	-6.16213	-0.0399964	CRYBA4	crystallin beta A4
221226_s_at	0.43603969	3.21e-01	-1.02118	-6.16225	-0.06333101	ASIC4	acid sensing ion channel subunit family member 4
206938_at	0.43619063	3.21e-01	-1.0208308	-6.1626	-0.04413381	SRD5A2	steroid 5 alpha-reductase 2
214035_x_at	0.43625608	3.21e-01	1.0205184	-6.16291	0.05874645		
220448_at	0.43625608	3.21e-01	-1.02051	-6.16292	-0.06037019	KCNK12	potassium two pore domain channel subfamily K member 12
202967_at	0.43667577	3.21e-01	-1.0197321	-6.1637	-0.07824115	GSTA4	glutathione S-transferase alpha 4
203719_at	0.43671301	3.22e-01	-1.0195645	-6.16387	-0.07049331	ERCC1	ERCC excision repair 1, endonuclease non-catalytic subunit
220959_s_at	0.43675885	3.22e-01	-1.0193832	-6.16405	-0.04183229	OBP2A///OBP2B	odorant binding protein 2A///odorant binding protein 2B
214432_at	0.4367712	3.22e-01	-1.0192553	-6.16418	-0.04787983	LOC101927137///ATP1A3	uncharacterized LOC101927137///ATPase Na+/K+ transporting subunit alpha 3
212894_at	0.43683982	3.22e-01	1.0190377	-6.16439	0.06427594	SUPV3L1	Suv3 like RNA helicase
200766_at	0.43771052	3.22e-01	-1.0175417	-6.16589	-0.12899025	CTSD	cathepsin D
201745_at	0.43777245	3.23e-01	1.0173348	-6.1661	0.07182759	TWF1	twinfilin actin binding protein 1
208177_at	0.43831045	3.23e-01	-1.01637	-6.16706	-0.04618102	SLC34A1	solute carrier family 34 member 1
220813_at	0.43858289	3.23e-01	1.0156913	-6.16774	0.05195862	CYSLTR2	cysteinyl leukotriene receptor 2
205288_at	0.43858289	3.23e-01	1.0156496	-6.16778	0.07173702	CDC14A	cell division cycle 14A
220502_s_at	0.43858289	3.23e-01	-1.015569	-6.16786	-0.04934579	SLC13A1	solute carrier family 13 member 1
210205_at	0.43858289	3.23e-01	1.0155036	-6.16792	0.03732316	B3GALT4	beta-1,3-galactosyltransferase 4
207536_s_at	0.43860331	3.23e-01	-1.0153629	-6.16806	-0.04875614	TNFRSF9	TNF receptor superfamily member 9
221308_at	0.43900483	3.24e-01	1.0146161	-6.16881	0.04231007	FRS2	fibroblast growth factor receptor substrate 2
203417_at	0.43919912	3.24e-01	-1.0141758	-6.16925	-0.06412045	MFAP2	microfibrillar associated protein 2
204311_at	0.43919912	3.24e-01	-1.0140907	-6.16933	-0.03436181	ATP1B2	ATPase Na+/K+ transporting subunit beta 2
208244_at	0.43964206	3.24e-01	-1.0132786	-6.17014	-0.03274234	BMP3	bone morphogenetic protein 3
207434_s_at	0.44017534	3.25e-01	-1.0123235	-6.17109	-0.03683503	FXYD6-FXYD2///FXYD2	FXYD6-FXYD2 readthrough///FXYD domain containing ion transport regulator 2
208880_s_at	0.44091153	3.25e-01	1.0110472	-6.17236	0.07613851	PRPF6	pre-mRNA processing factor 6
203078_at	0.4415171	3.26e-01	1.0099791	-6.17342	0.09212781	CUL2	cullin 2
203543_s_at	0.44174693	3.26e-01	1.0095068	-6.17389	0.10335278	KLF9	Kruppel like factor 9
221829_s_at	0.44185953	3.26e-01	-1.0091878	-6.17421	-0.1355177	TNPO1	transportin 1
206243_at	0.44185953	3.26e-01	-1.0091119	-6.17428	-0.05574621	TIMP4	TIMP metallopeptidase inhibitor 4
206103_at	0.44190475	3.26e-01	1.0089319	-6.17446	0.05562612	RAC3	ras-related C3 botulinum toxin substrate 3 (rho family, small GTP binding protein Rac3)
205030_at	0.44204056	3.27e-01	-1.0086086	-6.17478	-0.04000265	FABP7	fatty acid binding protein 7
205795_at	0.44214353	3.27e-01	-1.0082587	-6.17513	-0.0440914	NRXN3	neurexin 3
207404_s_at	0.44214353	3.27e-01	-1.0081673	-6.17522	-0.03547238	HTR1E	5-hydroxytryptamine receptor 1E
204017_at	0.44214353	3.27e-01	1.0081207	-6.17527	0.07635243	KDELR3	KDEL endoplasmic reticulum protein retention receptor 3
207279_s_at	0.44235728	3.27e-01	-1.0076741	-6.17571	-0.05481366	NEBL	nebulette
208507_at	0.4435659	3.28e-01	-1.0056503	-6.17771	-0.04036054	OR7C2	olfactory receptor family 7 subfamily C member 2
207475_at	0.4435659	3.28e-01	1.0055464	-6.17781	0.06116244	FABP2	fatty acid binding protein 2
201069_at	0.44378536	3.28e-01	-1.0050914	-6.17826	-0.14160302	MMP2	matrix metallopeptidase 2
200940_s_at	0.44384648	3.28e-01	-1.0048865	-6.17847	-0.09524276	RERE	arginine-glutamic acid dipeptide repeats
206091_at	0.44405817	3.29e-01	1.0044439	-6.1789	0.0540475	MATN3	matrilin 3
205315_s_at	0.44445077	3.29e-01	-1.0037159	-6.17962	-0.04264632	SNTB2	syntrophin beta 2
206715_at	0.44519259	3.29e-01	-1.0024377	-6.18088	-0.19055424	TFEC	transcription factor EC
207516_at	0.44537388	3.30e-01	-1.0020053	-6.18131	-0.05809901	CHRNB4	cholinergic receptor nicotinic beta 4 subunit
203074_at	0.44537388	3.30e-01	-1.0019352	-6.18138	-0.04281853	ANXA8L1///ANXA8	annexin A8-like 1///annexin A8
221374_at	0.44538827	3.30e-01	-1.0018042	-6.18151	-0.03037439	FGF16	fibroblast growth factor 16
205488_at	0.44577015	3.30e-01	-1.0010942	-6.18221	-0.04705743	GZMA	granzyme A
202122_s_at	0.44583446	3.30e-01	1.0008845	-6.18241	0.09081621	PLIN3	perilipin 3
210290_at	0.44611233	3.30e-01	1.0003386	-6.18295	0.04865332	ZNF174	zinc finger protein 174
206159_at	0.44636719	3.31e-01	0.9998291	-6.18345	0.08641365	GDF10	growth differentiation factor 10
202813_at	0.44652651	3.31e-01	-0.99947	-6.18381	-0.08942701	TARBP1	TAR (HIV-1) RNA binding protein 1
205538_at	0.44652799	3.31e-01	0.9993543	-6.18392	0.05318294	CORO2A	coronin 2A
219098_at	0.44652799	3.31e-01	0.9992508	-6.18402	0.05554949	MYBBP1A	MYB binding protein 1a
206372_at	0.44666337	3.31e-01	-0.9989295	-6.18434	-0.04018929	MYF6	myogenic factor 6
204096_s_at	0.44694635	3.31e-01	0.9981815	-6.18507	0.05143871	ELL	elongation factor for RNA polymerase II
213384_x_at	0.44694635	3.31e-01	-0.9981756	-6.18508	-0.06616374	PLCB3	phospholipase C beta 3
204034_at	0.44694635	3.32e-01	0.9981592	-6.18509	0.07366019	ETHE1	ETHE1, persulfide dioxygenase
218206_x_at	0.44726573	3.32e-01	-0.9975487	-6.18569	-0.11497642	SCAND1	SCAN domain containing 1
221352_at	0.44739939	3.32e-01	-0.9972302	-6.18601	-0.04289731		
205384_at	0.44837864	3.33e-01	-0.9955838	-6.18762	-0.03796125	FXYD1	FXYD domain containing ion transport regulator 1
205243_at	0.44843088	3.33e-01	-0.9953934	-6.18781	-0.04012698	SLC13A3	solute carrier family 13 member 3
207250_at	0.44857269	3.33e-01	-0.9950624	-6.18813	-0.04616467	SIX6	SIX homeobox 6
206672_at	0.44892311	3.33e-01	0.9944043	-6.18878	0.03990025	AQP2	aquaporin 2
210082_at	0.44900876	3.33e-01	-0.9941615	-6.18901	-0.05304859	ABCA4	ATP binding cassette subfamily A member 4
221197_s_at	0.44901225	3.33e-01	-0.9940476	-6.18913	-0.04467294	CHAT	choline O-acetyltransferase
206738_at	0.44911716	3.34e-01	-0.9937747	-6.18939	-0.04153086	APOC4-APOC2///APOC4///APOC2	APOC4-APOC2 readthrough (NMD candidate)///apolipoprotein C4///apolipoprotein C2
206059_at	0.44979841	3.34e-01	0.9925986	-6.19054	0.14444853	ZNF91	zinc finger protein 91
207706_at	0.45035908	3.35e-01	-0.9916122	-6.19151	-0.06485837	USH2A	usherin
208111_at	0.45089651	3.35e-01	-0.990601	-6.19249	-0.04802605	AVPR2	arginine vasopressin receptor 2
200853_at	0.45089651	3.35e-01	-0.9904637	-6.19263	-0.11552203	H2AFZ	H2A histone family member Z
212063_at	0.45089651	3.35e-01	-0.9904459	-6.19265	-0.12516638	CD44	CD44 molecule (Indian blood group)
206395_at	0.45092021	3.35e-01	-0.9903003	-6.19279	-0.04375211	DGKG	diacylglycerol kinase gamma
213270_at	0.4509403	3.35e-01	-0.9901604	-6.19292	-0.04225868	MPP2	membrane palmitoylated protein 2
207417_s_at	0.45106545	3.35e-01	0.9898562	-6.19322	0.06310889	ZNF559-ZNF177///ZNF177	ZNF559-ZNF177 readthrough///zinc finger protein 177
202331_at	0.45155034	3.36e-01	0.9889897	-6.19407	0.04966595	BCKDHA	branched chain keto acid dehydrogenase E1, alpha polypeptide
209522_s_at	0.45163557	3.36e-01	-0.988748	-6.1943	-0.06509774	CRAT	carnitine O-acetyltransferase
206673_at	0.45181462	3.36e-01	-0.988264	-6.19477	-0.05597245	GPR176	G protein-coupled receptor 176
220650_s_at	0.45181462	3.36e-01	-0.9882513	-6.19478	-0.03682674	SLC9A5	solute carrier family 9 member A5
205970_at	0.45208607	3.36e-01	-0.9877188	-6.1953	-0.03559583	MT3	metallothionein 3
202357_s_at	0.45248161	3.37e-01	-0.9869927	-6.19601	-0.04673774	CFB	complement factor B
206838_at	0.45259291	3.37e-01	-0.9867105	-6.19628	-0.04726263	TBX19	T-box 19
203894_at	0.45314008	3.37e-01	-0.9857484	-6.19722	-0.04088544	TUBG2	tubulin gamma 2
203828_s_at	0.45423453	3.38e-01	-0.9839345	-6.19898	-0.07207374	IL32	interleukin 32
206879_s_at	0.45439999	3.38e-01	-0.9835683	-6.19933	-0.04519899	NRG2	neuregulin 2
214471_x_at	0.45456457	3.39e-01	0.9832036	-6.19969	0.04276573	CGB1///LHB	chorionic gonadotropin beta subunit 1///luteinizing hormone beta polypeptide
206081_at	0.45460682	3.39e-01	0.9830292	-6.19986	0.06842772	SLC24A1	solute carrier family 24 member 1
205182_s_at	0.45595053	3.40e-01	0.9808315	-6.20198	0.06045974	ZNF324	zinc finger protein 324
202025_x_at	0.45605129	3.40e-01	0.9805664	-6.20224	0.05203404	ACAA1	acetyl-CoA acyltransferase 1
209065_at	0.45618416	3.40e-01	0.9802514	-6.20255	0.06921598	UQCRB	ubiquinol-cytochrome c reductase binding protein
210276_s_at	0.45643042	3.40e-01	-0.9797604	-6.20302	-0.0844041	NOL12///TRIOBP	nucleolar protein 12///TRIO and F-actin binding protein
210123_s_at	0.45667989	3.40e-01	0.9792646	-6.2035	0.07712187	LOC101930361///LOC101929970///CHRFAM7A///CHRNA7	uncharacterized LOC101930361///CHRNA7-FAM7A fusion protein///CHRNA7 (exons 5-10) and FAM7A (exons A-E) fusion///cholinergic receptor nicotinic alpha 7 subunit
219199_at	0.45782645	3.41e-01	-0.9773783	-6.20532	-0.06326849	AFF4	AF4/FMR2 family member 4
205870_at	0.45848518	3.42e-01	0.9762496	-6.20641	0.03907473	BDKRB2	bradykinin receptor B2
215506_s_at	0.45874029	3.42e-01	-0.9757461	-6.20689	-0.06618011	DIRAS3	DIRAS family GTPase 3
207964_x_at	0.45916473	3.43e-01	-0.9749808	-6.20763	-0.04033101	IFNA4	interferon alpha 4
205125_at	0.45956566	3.43e-01	-0.9742523	-6.20833	-0.04477975	PLCD1	phospholipase C delta 1
218374_s_at	0.46003311	3.43e-01	0.9734214	-6.20913	0.05047529	C12orf4	chromosome 12 open reading frame 4
220246_at	0.46007991	3.43e-01	0.9732402	-6.2093	0.04596878	CAMK1D	calcium/calmodulin dependent protein kinase ID
206979_at	0.46023742	3.44e-01	-0.9728882	-6.20964	-0.03581259	C8B	complement component 8, beta polypeptide
209686_at	0.46026842	3.44e-01	-0.9727315	-6.20979	-0.05304755	S100B	S100 calcium binding protein B
203179_at	0.46044136	3.44e-01	0.9723557	-6.21015	0.03730598	GALT	galactose-1-phosphate uridylyltransferase
204604_at	0.46046182	3.44e-01	-0.9722153	-6.21028	-0.07788392	CDK14	cyclin dependent kinase 14
210689_at	0.46074713	3.44e-01	-0.9716662	-6.21081	-0.05531918	CLDN14	claudin 14
202910_s_at	0.46087314	3.44e-01	0.9713629	-6.2111	0.11895322	ADGRE5	adhesion G protein-coupled receptor E5
209185_s_at	0.46089793	3.44e-01	-0.9712158	-6.21124	-0.17846167	IRS2	insulin receptor substrate 2
205620_at	0.46109976	3.45e-01	-0.9707957	-6.21165	-0.04235909	F10	coagulation factor X
201292_at	0.46122742	3.45e-01	0.9703965	-6.21203	0.2091298	TOP2A	topoisomerase (DNA) II alpha
201746_at	0.46122742	3.45e-01	0.9703812	-6.21204	0.13779943	TP53	tumor protein p53
210048_at	0.46149303	3.45e-01	0.9698628	-6.21254	0.05898341	NAPG	NSF attachment protein gamma
220429_at	0.46210636	3.46e-01	-0.9688088	-6.21355	-0.02894702	NDST3	N-deacetylase and N-sulfotransferase 3
208898_at	0.4621298	3.46e-01	0.9686638	-6.21369	0.08768819	ATP6V1D	ATPase H+ transporting V1 subunit D
208374_s_at	0.46218799	3.46e-01	0.9684653	-6.21388	0.07831831	CAPZA1	capping actin protein of muscle Z-line alpha subunit 1
220793_at	0.46247711	3.46e-01	-0.9679112	-6.21441	-0.04227383	SAGE1	sarcoma antigen 1
204614_at	0.46294408	3.46e-01	0.9670582	-6.21522	0.14952676	SERPINB2	serpin family B member 2
204086_at	0.46294408	3.46e-01	0.9669747	-6.2153	0.03604214	PRAME	preferentially expressed antigen in melanoma
201901_s_at	0.4630313	3.47e-01	0.9667317	-6.21553	0.10055002	YY1	YY1 transcription factor
207531_at	0.46322625	3.47e-01	-0.9663229	-6.21592	-0.03603221	CRYGC	crystallin gamma C
218263_s_at	0.46329582	3.47e-01	0.9661071	-6.21613	0.10455986	ZBED5	zinc finger BED-type containing 5
217428_s_at	0.46336954	3.47e-01	-0.9658848	-6.21634	-0.05668484	COL10A1	collagen type X alpha 1 chain
59625_at	0.46342715	3.47e-01	-0.9656874	-6.21653	-0.03034972	NOL3	nucleolar protein 3
212670_at	0.46347658	3.47e-01	-0.9655025	-6.21671	-0.05430825	ELN	elastin
200652_at	0.46348768	3.47e-01	0.9653766	-6.21683	0.11409306	SSR2	signal sequence receptor subunit 2
220413_at	0.46408502	3.48e-01	-0.9643392	-6.21781	-0.02897287	SLC39A2	solute carrier family 39 member 2
202779_s_at	0.46408502	3.48e-01	0.9641365	-6.21801	0.1441466	UBE2S	ubiquitin conjugating enzyme E2 S
207197_at	0.46408502	3.48e-01	-0.9641318	-6.21801	-0.03445751	ZIC3	Zic family member 3
214587_at	0.46410986	3.48e-01	-0.9639848	-6.21815	-0.04060827	COL8A1	collagen type VIII alpha 1 chain
205927_s_at	0.46417163	3.48e-01	0.9637581	-6.21837	0.05012279	CTSE	cathepsin E
205626_s_at	0.46417163	3.48e-01	-0.9636723	-6.21845	-0.04570162	CALB1	calbindin 1
211149_at	0.46439895	3.48e-01	0.9632142	-6.21888	0.09478162	UTY	ubiquitously transcribed tetratricopeptide repeat containing, Y-linked
203002_at	0.46466208	3.49e-01	-0.9627011	-6.21937	-0.03477301	AMOTL2	angiomotin like 2
206028_s_at	0.46515926	3.49e-01	-0.9618289	-6.2202	-0.04805137	MERTK	MER proto-oncogene, tyrosine kinase
206390_x_at	0.46677007	3.50e-01	-0.9591548	-6.22274	-0.45967655	PF4	platelet factor 4
208737_at	0.46677007	3.50e-01	0.9590738	-6.22282	0.1016063	ATP6V1G1	ATPase H+ transporting V1 subunit G1
211548_s_at	0.46677007	3.50e-01	0.9590326	-6.22286	0.20955089	HPGD	hydroxyprostaglandin dehydrogenase 15-(NAD)
221269_s_at	0.46804662	3.51e-01	0.9569704	-6.22481	0.11171596	SH3BGRL3	SH3 domain binding glutamate rich protein like 3
220316_at	0.46807389	3.51e-01	0.9568197	-6.22495	0.05815435	NPAS3	neuronal PAS domain protein 3
214104_at	0.46833523	3.52e-01	0.9563113	-6.22543	0.06872356	GPR161	G protein-coupled receptor 161
48580_at	0.46835076	3.52e-01	0.9561742	-6.22556	0.04208417	CXXC1	CXXC finger protein 1
209438_at	0.46835076	3.52e-01	0.9560696	-6.22566	0.04250038	PHKA2	phosphorylase kinase regulatory subunit alpha 2
207251_at	0.46843171	3.52e-01	0.9558369	-6.22588	0.03897799	MEP1B	meprin A subunit beta
221458_at	0.46847552	3.52e-01	0.955661	-6.22605	0.09298487	HTR1F	5-hydroxytryptamine receptor 1F
203839_s_at	0.46983196	3.53e-01	0.9534811	-6.2281	0.074593	TNK2	tyrosine kinase non receptor 2
210343_s_at	0.46988099	3.53e-01	-0.9532973	-6.22828	-0.0492098	SLC22A6	solute carrier family 22 member 6
220554_at	0.47052538	3.54e-01	-0.9522059	-6.22931	-0.05716408	SLC22A7	solute carrier family 22 member 7
206373_at	0.47065853	3.54e-01	-0.951894	-6.2296	-0.03935882	ZIC1	Zic family member 1
208240_s_at	0.47090973	3.54e-01	0.9514022	-6.23006	0.04186189	FGF1	fibroblast growth factor 1
208258_s_at	0.4709752	3.54e-01	0.9511934	-6.23026	0.07271053	GAS2L1	growth arrest specific 2 like 1
207351_s_at	0.47148196	3.55e-01	0.9502874	-6.23111	0.04671952	SH2D2A	SH2 domain containing 2A
211811_s_at	0.47148196	3.55e-01	-0.9502037	-6.23119	-0.03878553	PCDHA5///PCDHA6	protocadherin alpha 5///protocadherin alpha 6
206817_x_at	0.47188063	3.55e-01	0.949488	-6.23186	0.03200793	CELF3	CUGBP, Elav-like family member 3
209269_s_at	0.47216531	3.55e-01	-0.9489459	-6.23237	-0.05911074	SYK	spleen associated tyrosine kinase
219701_at	0.47272532	3.56e-01	-0.9479855	-6.23327	-0.02972697	TMOD2	tropomodulin 2
206423_at	0.47319214	3.56e-01	-0.9471672	-6.23404	-0.04174775	ANGPTL7	angiopoietin like 7
205725_at	0.47323047	3.56e-01	-0.9469101	-6.23428	-0.04805459	SCGB1A1	secretoglobin family 1A member 1
210302_s_at	0.47323047	3.56e-01	-0.9468907	-6.2343	-0.04254457	MAB21L2	mab-21 like 2
204759_at	0.47382676	3.57e-01	0.9458764	-6.23525	0.09136201	RCBTB2	RCC1 and BTB domain containing protein 2
205733_at	0.4744259	3.57e-01	0.9448584	-6.2362	0.08063917	BLM	Bloom syndrome RecQ like helicase
215116_s_at	0.47516366	3.58e-01	0.9436312	-6.23735	0.10356317	DNM1	dynamin 1
207886_s_at	0.47522191	3.58e-01	-0.9434337	-6.23753	-0.06016929	CALCR	calcitonin receptor
201482_at	0.47540268	3.58e-01	0.9430507	-6.23789	0.06650994	QSOX1	quiescin sulfhydryl oxidase 1
207789_s_at	0.47575644	3.59e-01	-0.9424059	-6.23849	-0.04025816	DPP6	dipeptidyl peptidase like 6
219424_at	0.47586279	3.59e-01	-0.9421357	-6.23874	-0.04083762	EBI3	Epstein-Barr virus induced 3
221442_at	0.47589311	3.59e-01	-0.9419419	-6.23892	-0.04190001	MC3R	melanocortin 3 receptor
221645_s_at	0.47589311	3.59e-01	0.9418713	-6.23899	0.08065839	ZNF83	zinc finger protein 83
209311_at	0.47597897	3.59e-01	-0.9416322	-6.23921	-0.03736149	BCL2L2	BCL2 like 2
203266_s_at	0.4761142	3.59e-01	0.9412317	-6.23959	0.07190181	MAP2K4	mitogen-activated protein kinase kinase 4
209767_s_at	0.4761142	3.59e-01	0.9412091	-6.23961	0.07992576	SEPT5-GP1BB///SEPT5///GP1BB	SEPT5-GP1BB readthrough///septin 5///glycoprotein Ib platelet beta subunit
210560_at	0.47632929	3.59e-01	-0.9407744	-6.24001	-0.0546085	GBX2	gastrulation brain homeobox 2
203574_at	0.47693923	3.60e-01	-0.9397429	-6.24097	-0.2085211	NFIL3	nuclear factor, interleukin 3 regulated
207369_at	0.47763421	3.60e-01	0.9385836	-6.24205	0.04235109	BRS3	bombesin receptor subtype 3
203323_at	0.47802864	3.61e-01	-0.9378788	-6.2427	-0.05334085	CAV2	caveolin 2
201642_at	0.47845624	3.61e-01	0.9371242	-6.24341	0.06812408	IFNGR2	interferon gamma receptor 2 (interferon gamma transducer 1)
208338_at	0.47857266	3.61e-01	-0.9368393	-6.24367	-0.06097071	P2RX3	purinergic receptor P2X 3
220676_at	0.47861833	3.61e-01	-0.9366611	-6.24384	-0.05580709	ADAMTS8	ADAM metallopeptidase with thrombospondin type 1 motif 8
205355_at	0.47882529	3.62e-01	0.9362396	-6.24423	0.08574219	ACADSB	acyl-CoA dehydrogenase, short/branched chain
206865_at	0.47937333	3.62e-01	-0.9353042	-6.24509	-0.03924371	HRK	harakiri, BCL2 interacting protein
221209_s_at	0.47945622	3.62e-01	-0.9350699	-6.24531	-0.04954275	OTOR	otoraplin
202401_s_at	0.48009828	3.63e-01	-0.9339935	-6.24631	-0.04004298	SRF	serum response factor
202888_s_at	0.48033657	3.63e-01	-0.9335255	-6.24674	-0.12072128	ANPEP	alanyl aminopeptidase, membrane
214165_s_at	0.48038517	3.63e-01	-0.9333429	-6.24691	-0.03863589	HS6ST1	heparan sulfate 6-O-sulfotransferase 1
211123_at	0.48058136	3.63e-01	-0.9329383	-6.24728	-0.03920776	SLC5A5	solute carrier family 5 member 5
205539_at	0.48092378	3.64e-01	0.9323138	-6.24786	0.04328856	AVIL	advillin
204225_at	0.48146371	3.64e-01	0.9313927	-6.24871	0.04944349	HDAC4	histone deacetylase 4
219625_s_at	0.48168281	3.64e-01	0.9308762	-6.24919	0.08125424	COL4A3BP	collagen type IV alpha 3 binding protein
206134_at	0.48168281	3.64e-01	-0.9308446	-6.24922	-0.05182598	ADAMDEC1	ADAM like decysin 1
205312_at	0.48195244	3.65e-01	0.930323	-6.2497	0.09452469	SPI1	Spi-1 proto-oncogene
206592_s_at	0.48195244	3.65e-01	0.9302206	-6.24979	0.05473934	AP3D1	adaptor related protein complex 3 delta 1 subunit
220646_s_at	0.48246456	3.65e-01	-0.9293422	-6.2506	-0.06911518	KLRF1	killer cell lectin like receptor F1
221373_x_at	0.48286745	3.65e-01	0.9286281	-6.25126	0.02918124	PSPN	persephin
205088_at	0.4829148	3.66e-01	-0.9284364	-6.25144	-0.03952638	MAMLD1	mastermind like domain containing 1
217833_at	0.4829148	3.66e-01	0.928238	-6.25162	0.08154174	SYNCRIP	synaptotagmin binding cytoplasmic RNA interacting protein
214523_at	0.4829148	3.66e-01	-0.9282287	-6.25163	-0.07595334	CEBPE	CCAAT/enhancer binding protein epsilon
206573_at	0.4831385	3.66e-01	-0.9277836	-6.25204	-0.04781602	KCNQ3	potassium voltage-gated channel subfamily Q member 3
205247_at	0.48320934	3.66e-01	0.927568	-6.25223	0.04498776	NOTCH4	notch 4
204527_at	0.48360868	3.66e-01	-0.9268596	-6.25289	-0.04210372	MYO5A	myosin VA
207787_at	0.48361118	3.66e-01	-0.9267037	-6.25303	-0.04761522	KRT33B	keratin 33B
219859_at	0.48361118	3.66e-01	-0.926637	-6.25309	-0.04159064	CLEC4E	C-type lectin domain family 4 member E
202276_at	0.48395811	3.67e-01	0.9260075	-6.25367	0.04463287	SHFM1	split hand/foot malformation (ectrodactyly) type 1
206649_s_at	0.48466519	3.67e-01	0.9247099	-6.25486	0.04279842	TFE3	transcription factor binding to IGHM enhancer 3
207389_at	0.48466519	3.67e-01	0.9245898	-6.25497	0.13603149	GP1BA	glycoprotein Ib platelet alpha subunit
213782_s_at	0.48466519	3.68e-01	-0.9245336	-6.25502	-0.04907541	MYOZ2	myozenin 2
218927_s_at	0.48466519	3.68e-01	0.9245104	-6.25504	0.11994711	CHST12	carbohydrate (chondroitin 4) sulfotransferase 12
36994_at	0.48520757	3.68e-01	0.923589	-6.25589	0.09033131	ATP6V0C	ATPase H+ transporting V0 subunit c
217484_at	0.4852554	3.68e-01	0.9233561	-6.2561	0.04027502	CR1	complement component 3b/4b receptor 1 (Knops blood group)
205837_s_at	0.4852554	3.68e-01	0.9232985	-6.25615	0.09808427	GYPA	glycophorin A (MNS blood group)
222123_s_at	0.48549332	3.68e-01	-0.922833	-6.25658	-0.03793928	HIF3A	hypoxia inducible factor 3 alpha subunit
219275_at	0.48584459	3.69e-01	0.9221981	-6.25716	0.05078892	PDCD5	programmed cell death 5
207068_at	0.48647385	3.69e-01	-0.921148	-6.25812	-0.03989224	ZFP37	ZFP37 zinc finger protein
205117_at	0.48648474	3.69e-01	0.9210222	-6.25823	0.05500009	FGF1	fibroblast growth factor 1
40420_at	0.48690283	3.70e-01	0.9202881	-6.25891	0.05564247	STK10	serine/threonine kinase 10
203484_at	0.48702256	3.70e-01	0.9199806	-6.25919	0.09695988	SEC61G	Sec61 translocon gamma subunit
207025_at	0.48702256	3.70e-01	0.9198903	-6.25927	0.03437254	GJC2	gap junction protein gamma 2
213441_x_at	0.4878288	3.71e-01	-0.9185773	-6.26047	-0.03218636	SPDEF	SAM pointed domain containing ETS transcription factor
210146_x_at	0.48808418	3.71e-01	-0.9180868	-6.26091	-0.11381811	LILRB2	leukocyte immunoglobulin like receptor B2
214621_at	0.48813798	3.71e-01	-0.9178971	-6.26109	-0.03360103	GYS2	glycogen synthase 2
206092_x_at	0.48859159	3.71e-01	0.9171112	-6.2618	0.04110579	RTEL1	regulator of telomere elongation helicase 1
221232_s_at	0.48871585	3.71e-01	-0.9167306	-6.26215	-0.03768032	ANKRD2	ankyrin repeat domain 2
200743_s_at	0.48871585	3.71e-01	-0.9167069	-6.26217	-0.07780243	TPP1	tripeptidyl peptidase 1
207534_at	0.48917218	3.72e-01	-0.9159174	-6.26289	-0.0385345	MAGEB1	MAGE family member B1
219702_at	0.4894701	3.72e-01	0.9153641	-6.26339	0.03049943	PLAC1	placenta specific 1
202267_at	0.48948009	3.72e-01	-0.9152397	-6.2635	-0.03153714	LAMC2	laminin subunit gamma 2
37433_at	0.48972792	3.73e-01	-0.9145924	-6.26409	-0.04367426	PIAS2	protein inhibitor of activated STAT 2
213590_at	0.48972792	3.73e-01	-0.9145768	-6.26411	-0.04605157	SLC16A5	solute carrier family 16 member 5
218355_at	0.48972792	3.73e-01	0.914542	-6.26414	0.11573192	KIF4A	kinesin family member 4A
208207_at	0.48979009	3.73e-01	-0.9143398	-6.26432	-0.0463818		
206956_at	0.48986928	3.73e-01	0.9141124	-6.26453	0.04896005	PMF1-BGLAP///PMF1///BGLAP	PMF1-BGLAP readthrough///polyamine-modulated factor 1///bone gamma-carboxyglutamate protein
201057_s_at	0.48994066	3.73e-01	0.9138966	-6.26472	0.06345804	GOLGB1	golgin B1
202766_s_at	0.49005753	3.73e-01	0.9136131	-6.26498	0.09177069	FBN1	fibrillin 1
201819_at	0.4906636	3.74e-01	0.9126018	-6.2659	0.07439329	SCARB1	scavenger receptor class B member 1
220447_at	0.49091543	3.74e-01	0.9121178	-6.26634	0.04449488	HRH3	histamine receptor H3
219746_at	0.49095962	3.74e-01	-0.9119425	-6.26649	-0.03795786	DPF3	double PHD fingers 3
206027_at	0.4916805	3.75e-01	-0.9107616	-6.26756	-0.03534414	S100A3	S100 calcium binding protein A3
204980_at	0.49179282	3.75e-01	-0.9104852	-6.26781	-0.02479184	CLOCK	clock circadian regulator
203745_at	0.49301652	3.76e-01	0.9085596	-6.26955	0.07740918	HCCS	holocytochrome c synthase
202920_at	0.49353812	3.76e-01	-0.9076767	-6.27035	-0.04826488	ANK2	ankyrin 2, neuronal
206213_at	0.49384055	3.76e-01	-0.9071189	-6.27085	-0.0331456	WNT10B	Wnt family member 10B
217969_at	0.49393554	3.77e-01	0.906839	-6.2711	0.06635987	VPS51	VPS51, GARP complex subunit
207955_at	0.49393554	3.77e-01	-0.9067587	-6.27118	-0.04443281	CCL27	C-C motif chemokine ligand 27
210835_s_at	0.49410532	3.77e-01	0.9063976	-6.2715	0.10477439	CTBP2	C-terminal binding protein 2
221376_at	0.4942896	3.77e-01	-0.906015	-6.27185	-0.04581018	FGF17	fibroblast growth factor 17
206533_at	0.49456624	3.77e-01	0.9054957	-6.27231	0.03456944	CHRNA5	cholinergic receptor nicotinic alpha 5 subunit
202219_at	0.49488913	3.78e-01	0.9049081	-6.27284	0.06182659	SLC6A8	solute carrier family 6 member 8
206985_at	0.49549809	3.78e-01	-0.9038976	-6.27375	-0.04061974	HSD17B3	hydroxysteroid 17-beta dehydrogenase 3
207014_at	0.49597262	3.78e-01	-0.9030647	-6.2745	-0.04067631	GABRA2	gamma-aminobutyric acid type A receptor alpha2 subunit
210190_at	0.49597262	3.79e-01	0.9029767	-6.27458	0.08197256	STX11	syntaxin 11
203803_at	0.49646996	3.79e-01	0.9021198	-6.27535	0.06289806	PCYOX1	prenylcysteine oxidase 1
200771_at	0.49646996	3.79e-01	-0.9020224	-6.27543	-0.11836317	LAMC1	laminin subunit gamma 1
205967_at	0.49660567	3.79e-01	-0.9017122	-6.27571	-0.13373218	HIST2H4B///HIST4H4///HIST2H4A///HIST1H4L///HIST1H4E///HIST1H4B///HIST1H4H///HIST1H4C///HIST1H4J///HIST1H4K///HIST1H4F///HIST1H4D///HIST1H4A///HIST1H4I	histone cluster 2, H4b///histone cluster 4, H4///histone cluster 2, H4a///histone cluster 1, H4l///histone cluster 1, H4e///histone cluster 1, H4b///histone cluster 1, H4h///histone cluster 1, H4c///histone cluster 1, H4j///histone cluster 1, H4k///histone cluster 1, H4f///histone cluster 1, H4d///histone cluster 1, H4a///histone cluster 1, H4i
208217_at	0.49667681	3.79e-01	-0.9014973	-6.2759	-0.04331045	GABRR2	gamma-aminobutyric acid type A receptor rho2 subunit
205229_s_at	0.49744	3.80e-01	0.9002612	-6.27701	0.23433842	COCH	cochlin
220148_at	0.49746028	3.80e-01	-0.9001214	-6.27714	-0.03914153	ALDH8A1	aldehyde dehydrogenase 8 family member A1
207858_s_at	0.49847357	3.81e-01	0.8985177	-6.27857	0.06835911	PKLR	pyruvate kinase, liver and RBC
206990_at	0.49889973	3.81e-01	-0.8977417	-6.27926	-0.03814182	TNR	tenascin R
207260_at	0.49889973	3.81e-01	-0.8976702	-6.27933	-0.04369632	FEV	FEV, ETS transcription factor
219564_at	0.49898702	3.81e-01	0.8974318	-6.27954	0.03671625	KCNJ16	potassium voltage-gated channel subfamily J member 16
205570_at	0.49904353	3.82e-01	0.8972387	-6.27971	0.05035059	PIP4K2A	phosphatidylinositol-5-phosphate 4-kinase type 2 alpha
206746_at	0.49996631	3.82e-01	-0.895728	-6.28106	-0.0425621	BFSP1	beaded filament structural protein 1
39318_at	0.49996631	3.82e-01	-0.8956609	-6.28112	-0.15280518	TCL1A	T-cell leukemia/lymphoma 1A
219117_s_at	0.50002378	3.82e-01	-0.8954571	-6.2813	-0.10496069	FKBP11	FK506 binding protein 11
205581_s_at	0.50002378	3.82e-01	-0.8953565	-6.28139	-0.03190795	NOS3	nitric oxide synthase 3
207625_s_at	0.50015194	3.83e-01	-0.8950581	-6.28165	-0.04859052	CBFA2T2	CBFA2/RUNX1 translocation partner 2
210226_at	0.50043456	3.83e-01	-0.8945006	-6.28215	-0.03837046	NR4A1	nuclear receptor subfamily 4 group A member 1
210419_at	0.50043456	3.83e-01	-0.8944227	-6.28222	-0.04131858	BARX2	BARX homeobox 2
205048_s_at	0.50136686	3.84e-01	0.8929429	-6.28354	0.1918872	PSPH	phosphoserine phosphatase
49878_at	0.50136808	3.84e-01	-0.8928311	-6.28363	-0.03960275	PEX16	peroxisomal biogenesis factor 16
202951_at	0.50189213	3.84e-01	-0.891937	-6.28443	-0.09523637	STK38	serine/threonine kinase 38
208589_at	0.50189213	3.84e-01	-0.8918418	-6.28451	-0.0400694	TRPC7	transient receptor potential cation channel subfamily C member 7
206419_at	0.50207326	3.85e-01	-0.891466	-6.28485	-0.04034046	RORC	RAR related orphan receptor C
214146_s_at	0.50246765	3.85e-01	-0.8906616	-6.28556	-0.49794071	PPBP	pro-platelet basic protein
202233_s_at	0.50246765	3.85e-01	0.8905316	-6.28567	0.05706567	UQCRHL///UQCRH	ubiquinol-cytochrome c reductase hinge protein like///ubiquinol-cytochrome c reductase hinge protein
206127_at	0.50246765	3.85e-01	0.8904933	-6.28571	0.05461412	ELK3	ELK3, ETS transcription factor
201785_at	0.50246765	3.85e-01	0.8904474	-6.28575	0.06957905	RNASE1	ribonuclease A family member 1, pancreatic
206633_at	0.50263166	3.85e-01	-0.8899902	-6.28615	-0.05440824	CHRNA1	cholinergic receptor nicotinic alpha 1 subunit
206836_at	0.50263166	3.85e-01	-0.8899869	-6.28616	-0.02820555	SLC6A3	solute carrier family 6 member 3
207624_s_at	0.50268255	3.85e-01	-0.8897328	-6.28638	-0.0463623	RPGR	retinitis pigmentosa GTPase regulator
204554_at	0.50268255	3.85e-01	0.8896924	-6.28642	0.06178164	PPP1R3D	protein phosphatase 1 regulatory subunit 3D
221142_s_at	0.50272088	3.86e-01	0.8895262	-6.28657	0.04597927	PECR	peroxisomal trans-2-enoyl-CoA reductase
206605_at	0.50375319	3.86e-01	-0.8878115	-6.28808	-0.04249263	ENDOU	endonuclease, poly(U) specific
207162_s_at	0.50375319	3.86e-01	-0.887793	-6.2881	-0.03467736	CACNA1B	calcium voltage-gated channel subunit alpha1 B
202499_s_at	0.50401242	3.87e-01	-0.8873033	-6.28853	-0.14838499	SLC2A3	solute carrier family 2 member 3
213024_at	0.50403847	3.87e-01	0.8871552	-6.28866	0.05563558	TMF1	TATA element modulatory factor 1
205000_at	0.50434012	3.87e-01	-0.8866035	-6.28915	-0.46334769	DDX3Y	DEAD-box helicase 3, Y-linked
204811_s_at	0.50448693	3.87e-01	-0.8862786	-6.28944	-0.0492605	CACNA2D2	calcium voltage-gated channel auxiliary subunit alpha2delta 2
207813_s_at	0.5049304	3.88e-01	0.8855196	-6.2901	0.05251817	FDXR	ferredoxin reductase
206072_at	0.50516358	3.88e-01	-0.8850684	-6.2905	-0.03709586	UCN	urocortin
204362_at	0.50526098	3.88e-01	0.8848159	-6.29072	0.06952536	SKAP2	src kinase associated phosphoprotein 2
205723_at	0.50549339	3.88e-01	-0.884366	-6.29112	-0.04657282	CNTFR	ciliary neurotrophic factor receptor
218475_at	0.50604517	3.89e-01	0.8834494	-6.29193	0.03761078	TRMT2A	tRNA methyltransferase 2 homolog A
220139_at	0.50634286	3.89e-01	-0.8829045	-6.29241	-0.03157887	DNMT3L	DNA methyltransferase 3 like
207468_s_at	0.50696793	3.90e-01	0.8818817	-6.29331	0.03837185	SFRP5	secreted frizzled related protein 5
210067_at	0.50726085	3.90e-01	-0.8813441	-6.29378	-0.04579318	AQP4	aquaporin 4
206691_s_at	0.50736325	3.90e-01	-0.8810846	-6.29401	-0.02528964	PDIA2	protein disulfide isomerase family A member 2
207463_x_at	0.50751502	3.90e-01	-0.880753	-6.2943	-0.04312593	PRSS3	protease, serine 3
203262_s_at	0.50828052	3.91e-01	0.8795267	-6.29537	0.07035339	FAM50A	family with sequence similarity 50 member A
207885_at	0.5083883	3.91e-01	-0.8792595	-6.29561	-0.03803906	S100G	S100 calcium binding protein G
210607_at	0.50897783	3.91e-01	0.8782482	-6.29649	0.04023953	FLT3LG	fms related tyrosine kinase 3 ligand
211525_s_at	0.50897783	3.91e-01	-0.8781803	-6.29655	-0.04240227	GP5	glycoprotein V platelet
207910_at	0.50911596	3.92e-01	-0.877869	-6.29682	-0.03048399	SCGB1D1	secretoglobin family 1D member 1
214157_at	0.50913516	3.92e-01	-0.8777308	-6.29694	-0.05560786	GNAS	GNAS complex locus
207385_at	0.50922099	3.92e-01	-0.8774957	-6.29715	-0.04146654	TFDP3	transcription factor Dp family member 3
207262_at	0.51011712	3.93e-01	-0.8760029	-6.29845	-0.03252983	APOF	apolipoprotein F
209369_at	0.51011712	3.93e-01	-0.8759712	-6.29848	-0.08103631	ANXA3	annexin A3
221315_s_at	0.5110221	3.93e-01	0.8744596	-6.2998	0.03334658	FGF22	fibroblast growth factor 22
205192_at	0.5110221	3.93e-01	0.8744351	-6.29982	0.04070388	MAP3K14	mitogen-activated protein kinase kinase kinase 14
207891_s_at	0.51114622	3.94e-01	-0.8741445	-6.30007	-0.05118308	HAUS7///TREX2	HAUS augmin like complex subunit 7///three prime repair exonuclease 2
222175_s_at	0.51119161	3.94e-01	0.8739683	-6.30023	0.08004822	MED15	mediator complex subunit 15
207876_s_at	0.51123257	3.94e-01	0.8737985	-6.30037	0.03962964	FLNC	filamin C
203551_s_at	0.51132558	3.94e-01	0.8734783	-6.30065	0.04648494	COX11	COX11, cytochrome c oxidase copper chaperone
208509_s_at	0.51132558	3.94e-01	-0.8734429	-6.30068	-0.0281305	OR7A17	olfactory receptor family 7 subfamily A member 17
206876_at	0.51187166	3.94e-01	0.8725396	-6.30147	0.03442749	SIM1	single-minded family bHLH transcription factor 1
220480_at	0.51188942	3.95e-01	-0.8724036	-6.30159	-0.03160379	HAND2	heart and neural crest derivatives expressed 2
211178_s_at	0.51243311	3.95e-01	-0.8715042	-6.30237	-0.07424019	PSTPIP1	proline-serine-threonine phosphatase interacting protein 1
210751_s_at	0.51247086	3.95e-01	-0.8713391	-6.30251	-0.02641309	RGN	regucalcin
206758_at	0.51267797	3.95e-01	-0.8709284	-6.30287	-0.050224	EDN2	endothelin 2
209682_at	0.51338842	3.96e-01	0.8697879	-6.30386	0.08840028	CBLB	Cbl proto-oncogene B
202421_at	0.51398613	3.96e-01	-0.8688116	-6.30471	-0.0400881	IGSF3	immunoglobulin superfamily member 3
209897_s_at	0.51429162	3.97e-01	-0.8682588	-6.30519	-0.02775731	SLIT2	slit guidance ligand 2
207737_at	0.51438415	3.97e-01	-0.8680145	-6.3054	-0.03082391		
200779_at	0.51479503	3.97e-01	0.8673094	-6.30601	0.08434129	ATF4	activating transcription factor 4
220365_at	0.51497644	3.97e-01	-0.8669366	-6.30633	-0.03068195	ALLC	allantoicase
207811_at	0.5150604	3.98e-01	-0.8667047	-6.30653	-0.04538994	KRT12	keratin 12
203833_s_at	0.51542037	3.98e-01	0.8660736	-6.30707	0.04988135	TGOLN2	trans-golgi network protein 2
205592_at	0.51568613	3.98e-01	0.865579	-6.3075	0.16171293	SLC4A1	solute carrier family 4 member 1 (Diego blood group)
201360_at	0.51615793	3.99e-01	-0.8646763	-6.30828	-0.16833378	CST3	cystatin C
221619_s_at	0.51615793	3.99e-01	-0.8646762	-6.30828	-0.05500334	MTCH1	mitochondrial carrier 1
40020_at	0.51738124	4.00e-01	0.8627993	-6.3099	0.04970756	CELSR3	cadherin EGF LAG seven-pass G-type receptor 3
220279_at	0.51762216	4.00e-01	-0.8623413	-6.31029	-0.03840916	TRIM17	tripartite motif containing 17
205817_at	0.51780859	4.00e-01	-0.8619619	-6.31062	-0.04114988	SIX1	SIX homeobox 1
208926_at	0.5178239	4.00e-01	0.8618293	-6.31073	0.04619545	NEU1	neuraminidase 1 (lysosomal sialidase)
206242_at	0.51817076	4.01e-01	-0.8612186	-6.31126	-0.03285835	TM4SF5	transmembrane 4 L six family member 5
202472_at	0.51853257	4.01e-01	0.8605865	-6.3118	0.03793794	MPI	mannose phosphate isomerase
206935_at	0.51869321	4.01e-01	-0.8602445	-6.31209	-0.03330566	PCDH8	protocadherin 8
205521_at	0.51902569	4.01e-01	0.859655	-6.3126	0.04314518	EXOG	endo/exonuclease (5'-3'), endonuclease G-like
203025_at	0.51903081	4.01e-01	0.8595371	-6.3127	0.04875765	NAA10	N(alpha)-acetyltransferase 10, NatA catalytic subunit
206772_at	0.51940824	4.02e-01	0.858883	-6.31326	0.05468129	PTH2R	parathyroid hormone 2 receptor
219025_at	0.51960375	4.02e-01	0.8584909	-6.3136	0.03281824	CD248	CD248 molecule
203316_s_at	0.52006829	4.02e-01	0.8577118	-6.31427	0.06894279	SNRPE	small nuclear ribonucleoprotein polypeptide E
207274_at	0.52069969	4.03e-01	0.8566385	-6.31518	0.04014763	CHRNE	cholinergic receptor nicotinic epsilon subunit
221294_at	0.52069969	4.03e-01	-0.8565825	-6.31523	-0.04891323	GPR21	G protein-coupled receptor 21
221291_at	0.52105892	4.03e-01	-0.8559554	-6.31577	-0.03721191	ULBP2	UL16 binding protein 2
218400_at	0.5210732	4.03e-01	-0.8558243	-6.31588	-0.06109731	OAS3	2'-5'-oligoadenylate synthetase 3
207482_at	0.52117551	4.04e-01	-0.8555666	-6.3161	-0.04721049	TP53TG5	TP53 target 5
202734_at	0.52120099	4.04e-01	-0.8554194	-6.31623	-0.03668852	TRIP10	thyroid hormone receptor interactor 10
218326_s_at	0.52125731	4.04e-01	-0.8551199	-6.31648	-0.05556827	LGR4	leucine rich repeat containing G protein-coupled receptor 4
203388_at	0.52125731	4.04e-01	0.8551173	-6.31648	0.12250984	ARRB2	arrestin beta 2
221140_s_at	0.52165577	4.04e-01	0.8544341	-6.31707	0.04096412	GPR132	G protein-coupled receptor 132
203252_at	0.52245169	4.05e-01	-0.8531003	-6.3182	-0.080593	CDK2AP2	cyclin dependent kinase 2 associated protein 2
203892_at	0.52245169	4.05e-01	-0.8530699	-6.31823	-0.02920617	WFDC2	WAP four-disulfide core domain 2
206549_at	0.52259283	4.05e-01	-0.8527567	-6.3185	-0.04205258	INSL4	insulin like 4
220549_at	0.52259726	4.05e-01	-0.8526397	-6.3186	-0.04312467	FSBP///RAD54B	fibrinogen silencer binding protein///RAD54 homolog B (S. cerevisiae)
202878_s_at	0.52261656	4.05e-01	-0.8525014	-6.31871	-0.08517234	CD93	CD93 molecule
220815_at	0.52265255	4.05e-01	-0.8523391	-6.31885	-0.04248962	CTNNA3	catenin alpha 3
210364_at	0.5233368	4.06e-01	0.8512468	-6.31978	0.04438847	SCN2B	sodium voltage-gated channel beta subunit 2
207863_at	0.52387708	4.06e-01	0.8503615	-6.32053	0.03805263	ADPRH	ADP-ribosylarginine hydrolase
205695_at	0.52413604	4.07e-01	0.8498797	-6.32094	0.03379575	SDS	serine dehydratase
217744_s_at	0.52417645	4.07e-01	-0.8497017	-6.32109	-0.09457717	PERP	PERP, TP53 apoptosis effector
206627_s_at	0.52417645	4.07e-01	-0.8496004	-6.32118	-0.05032983	SSX1	SSX family member 1
220325_at	0.52428536	4.07e-01	-0.8493337	-6.32141	-0.04489544	TAF7L	TATA-box binding protein associated factor 7 like
217979_at	0.52430016	4.07e-01	0.8492018	-6.32152	0.09659933	TSPAN13	tetraspanin 13
220253_s_at	0.52479312	4.07e-01	0.848385	-6.32221	0.05734926	LRP12	LDL receptor related protein 12
219638_at	0.52487867	4.08e-01	0.8481518	-6.32241	0.03226287	FBXO22	F-box protein 22
203881_s_at	0.52501594	4.08e-01	-0.8478445	-6.32267	-0.04855032	DMD	dystrophin
210993_s_at	0.52527091	4.08e-01	0.8473583	-6.32308	0.13271696	SMAD1	SMAD family member 1
220889_s_at	0.52527091	4.08e-01	-0.8472581	-6.32317	-0.04746603	CA10	carbonic anhydrase 10
206613_s_at	0.52555815	4.08e-01	0.8467363	-6.32361	0.06170811	TAF1A	TATA-box binding protein associated factor, RNA polymerase I subunit A
214487_s_at	0.52558944	4.08e-01	0.8465808	-6.32374	0.0446146	RAP2B///RAP2A	RAP2B, member of RAS oncogene family///RAP2A, member of RAS oncogene family
207602_at	0.52569807	4.09e-01	-0.8462149	-6.32405	-0.03650442	TMPRSS11D	transmembrane protease, serine 11D
202252_at	0.52569807	4.09e-01	0.846204	-6.32406	0.10414255	RAB13	RAB13, member RAS oncogene family
207185_at	0.52572186	4.09e-01	-0.8460593	-6.32418	-0.047526	SLC10A1	solute carrier family 10 member 1
209166_s_at	0.5262089	4.09e-01	-0.8451536	-6.32494	-0.07715851	MAN2B1	mannosidase alpha class 2B member 1
206241_at	0.5262089	4.09e-01	-0.8451411	-6.32496	-0.03450729	KPNA5	karyopherin subunit alpha 5
209695_at	0.52630903	4.09e-01	0.8448872	-6.32517	0.06677494	PTP4A3	protein tyrosine phosphatase type IVA, member 3
204706_at	0.52648037	4.10e-01	0.8445315	-6.32547	0.055461	INPP5E	inositol polyphosphate-5-phosphatase E
205371_s_at	0.52686148	4.10e-01	0.8438759	-6.32602	0.05652988	DBT	dihydrolipoamide branched chain transacylase E2
202274_at	0.52740268	4.10e-01	-0.8428985	-6.32685	-0.02898999	ACTG2	actin, gamma 2, smooth muscle, enteric
220405_at	0.52740268	4.10e-01	-0.8428811	-6.32686	-0.03891986	SNTG1	syntrophin gamma 1
208118_x_at	0.52821188	4.11e-01	0.8415321	-6.328	0.05793392	LOC101060604///SMG1P3///SLC7A5P2///SLC7A5P1	putative L-type amino acid transporter 1-like protein IMAA///SMG1P3, nonsense mediated mRNA decay associated PI3K related kinase pseudogene 3///solute carrier family 7 member 5 pseudogene 2///solute carrier family 7 member 5 pseudogene 1
206941_x_at	0.52821188	4.11e-01	-0.841504	-6.32802	-0.04061405	SEMA3E	semaphorin 3E
214576_at	0.52884448	4.12e-01	-0.8404906	-6.32887	-0.03866114	KRT36	keratin 36
207852_at	0.52911997	4.12e-01	0.8399868	-6.3293	0.04485325	CXCL5	C-X-C motif chemokine ligand 5
207586_at	0.52926337	4.12e-01	-0.8396716	-6.32956	-0.0309258	SHH	sonic hedgehog
208023_at	0.52941947	4.12e-01	-0.8393382	-6.32984	-0.02725681	TNFRSF4	TNF receptor superfamily member 4
206380_s_at	0.52983241	4.13e-01	0.8385748	-6.33048	0.08608029	CFP	complement factor properdin
205919_at	0.52983241	4.13e-01	-0.838528	-6.33052	-0.0499754	HBE1	hemoglobin subunit epsilon 1
202256_at	0.52999435	4.13e-01	0.8381864	-6.33081	0.04487108	CD2BP2	CD2 cytoplasmic tail binding protein 2
208610_s_at	0.53012989	4.13e-01	-0.8378825	-6.33106	-0.13768075	SRRM2	serine/arginine repetitive matrix 2
206024_at	0.53017257	4.13e-01	0.8377109	-6.33121	0.02920205	HPD	4-hydroxyphenylpyruvate dioxygenase
207328_at	0.53023117	4.13e-01	-0.8375166	-6.33137	-0.03657894	ALOX15	arachidonate 15-lipoxygenase
90265_at	0.53060369	4.14e-01	-0.8368752	-6.33191	-0.04802629	ADAP1	ArfGAP with dual PH domains 1
209640_at	0.53098353	4.14e-01	0.8362235	-6.33245	0.03791884	PML	promyelocytic leukemia
204663_at	0.53183212	4.15e-01	0.8349052	-6.33355	0.0433021	ME3	malic enzyme 3
209877_at	0.53190756	4.15e-01	-0.8346871	-6.33373	-0.03056734	SNCG	synuclein gamma
205892_s_at	0.53194157	4.15e-01	-0.834425	-6.33395	-0.04460013	FABP1	fatty acid binding protein 1
43544_at	0.53194157	4.15e-01	0.834417	-6.33396	0.07456674	MED16	mediator complex subunit 16
206421_s_at	0.53431844	4.17e-01	-0.8309304	-6.33686	-0.04382941	SERPINB7	serpin family B member 7
221087_s_at	0.53479964	4.17e-01	-0.8301371	-6.33752	-0.04829981	APOL3	apolipoprotein L3
214014_at	0.53488363	4.18e-01	0.829907	-6.33771	0.04809076	CDC42EP2	CDC42 effector protein 2
220714_at	0.53508145	4.18e-01	-0.8295155	-6.33804	-0.04269121	PRDM14	PR/SET domain 14
203606_at	0.53595685	4.18e-01	-0.8281645	-6.33916	-0.06540958	NDUFS6	NADH:ubiquinone oxidoreductase subunit S6
215332_s_at	0.53657708	4.19e-01	-0.8271756	-6.33998	-0.03475912	LOC100996919///CD8B	putative T-cell surface glycoprotein CD8 beta-2 chain-like///CD8b molecule
204750_s_at	0.53658019	4.19e-01	-0.8268842	-6.34022	-0.03594004	DSC2	desmocollin 2
221407_at	0.53658019	4.19e-01	-0.8268737	-6.34023	-0.03553096	GJD2	gap junction protein delta 2
219565_at	0.53658019	4.19e-01	0.8268378	-6.34026	0.05142397	CYP20A1	cytochrome P450 family 20 subfamily A member 1
221523_s_at	0.53660462	4.19e-01	-0.8266237	-6.34044	-0.08563203	RRAGD	Ras related GTP binding D
219854_at	0.53660462	4.19e-01	0.8264227	-6.3406	0.06767372	ZNF14	zinc finger protein 14
204174_at	0.53660462	4.19e-01	0.8263641	-6.34065	0.18196204	ALOX5AP	arachidonate 5-lipoxygenase activating protein
47550_at	0.53660462	4.19e-01	-0.8263588	-6.34066	-0.03526436	LZTS1	leucine zipper tumor suppressor 1
204667_at	0.53663461	4.20e-01	-0.8261301	-6.34084	-0.03826832	FOXA1	forkhead box A1
204945_at	0.53663461	4.20e-01	-0.8260943	-6.34087	-0.0374689	PTPRN	protein tyrosine phosphatase, receptor type N
206926_s_at	0.53681654	4.20e-01	-0.8257257	-6.34118	-0.03136839	IL11	interleukin 11
206565_x_at	0.53710271	4.20e-01	-0.8251395	-6.34166	-0.06354274	SMA4	glucuronidase beta pseudogene
202652_at	0.53710271	4.20e-01	0.8250987	-6.3417	0.0367668	APBB1	amyloid beta precursor protein binding family B member 1
222259_s_at	0.53715683	4.20e-01	-0.8249111	-6.34185	-0.02678793	SPO11	SPO11, initiator of meiotic double stranded breaks
200989_at	0.53715778	4.20e-01	0.8247987	-6.34195	0.07917264	HIF1A	hypoxia inducible factor 1 alpha subunit
206862_at	0.5372858	4.21e-01	0.8244641	-6.34222	0.0444773	ZNF254	zinc finger protein 254
205738_s_at	0.5372858	4.21e-01	-0.8243955	-6.34228	-0.04136161	FABP3	fatty acid binding protein 3
205812_s_at	0.53775062	4.21e-01	0.823627	-6.34291	0.07977965	TMED9	transmembrane p24 trafficking protein 9
209219_at	0.53784371	4.21e-01	0.8233843	-6.34311	0.06291104	MIR1236///NELFE	microRNA 1236///negative elongation factor complex member E
205033_s_at	0.53836685	4.22e-01	-0.8225337	-6.34381	-0.27925789	DEFA1B///DEFA3///DEFA1	defensin alpha 1B///defensin alpha 3///defensin alpha 1
209507_at	0.53914679	4.22e-01	0.8213209	-6.34481	0.07028733	RPA3	replication protein A3
202525_at	0.54014773	4.23e-01	-0.8197972	-6.34606	-0.03185682	PRSS8	protease, serine 8
204802_at	0.54023689	4.23e-01	-0.8195603	-6.34626	-0.03687527	RRAD	RRAD, Ras related glycolysis inhibitor and calcium channel regulator
205277_at	0.5406488	4.24e-01	-0.8188683	-6.34683	-0.03648288	PRDM2	PR/SET domain 2
207605_x_at	0.54098362	4.24e-01	0.8181564	-6.34741	0.05035192	ZNF117	zinc finger protein 117
207256_at	0.54098362	4.24e-01	-0.8180139	-6.34753	-0.04049447	MBL2	mannose binding lectin 2
215836_s_at	0.54098362	4.24e-01	-0.817991	-6.34755	-0.06264116	PCDHGA1///PCDHGA2///PCDHGA3///PCDHGA4///PCDHGA5///PCDHGA6///PCDHGA7///PCDHGA9///PCDHGA10///PCDHGA11///PCDHGB1///PCDHGB2///PCDHGB3///PCDHGB5///PCDHGB6///PCDHGB7///PCDHGC4///PCDHGC5///PCDHGA12///PCDHGA8///PCDHGB4///PCDHGC3	protocadherin gamma subfamily A, 1///protocadherin gamma subfamily A, 2///protocadherin gamma subfamily A, 3///protocadherin gamma subfamily A, 4///protocadherin gamma subfamily A, 5///protocadherin gamma subfamily A, 6///protocadherin gamma subfamily A, 7///protocadherin gamma subfamily A, 9///protocadherin gamma subfamily A, 10///protocadherin gamma subfamily A, 11///protocadherin gamma subfamily B, 1///protocadherin gamma subfamily B, 2///protocadherin gamma subfamily B, 3///protocadherin gamma subfamily B, 5///protocadherin gamma subfamily B, 6///protocadherin gamma subfamily B, 7///protocadherin gamma subfamily C, 4///protocadherin gamma subfamily C, 5///protocadherin gamma subfamily A, 12///protocadherin gamma subfamily A, 8///protocadherin gamma subfamily B, 4///protocadherin gamma subfamily C, 3
220818_s_at	0.54098362	4.24e-01	0.8179515	-6.34758	0.0287652	TRPC4	transient receptor potential cation channel subfamily C member 4
35671_at	0.54132655	4.24e-01	0.817357	-6.34806	0.04250908	GTF3C1	general transcription factor IIIC subunit 1
208525_s_at	0.54135213	4.25e-01	-0.8172098	-6.34819	-0.02270747	OR2F2///OR2F1	olfactory receptor family 2 subfamily F member 2///olfactory receptor family 2 subfamily F member 1 (gene/pseudogene)
208506_at	0.54157954	4.25e-01	-0.8167782	-6.34854	-0.04033467	HIST1H3F	histone cluster 1, H3f
210675_s_at	0.5420566	4.25e-01	0.8159951	-6.34918	0.03420799	PTPRR	protein tyrosine phosphatase, receptor type R
202589_at	0.54312032	4.26e-01	0.8142994	-6.35056	0.12571796	TYMS	thymidylate synthetase
204106_at	0.54312032	4.26e-01	-0.8142757	-6.35058	-0.03843516	TESK1	testis-specific kinase 1
34408_at	0.54350591	4.27e-01	0.8136163	-6.35112	0.04131579	RTN2	reticulon 2
208410_x_at	0.54350591	4.27e-01	0.8135109	-6.35121	0.03943419	AMELX	amelogenin, X-linked
219595_at	0.54357631	4.27e-01	0.8132238	-6.35144	0.04511811	ZNF26	zinc finger protein 26
209253_at	0.54357631	4.27e-01	-0.8131894	-6.35147	-0.05378674	SORBS3	sorbin and SH3 domain containing 3
218780_at	0.54423033	4.27e-01	0.812147	-6.35232	0.03848023	HOOK2	hook microtubule tethering protein 2
208394_x_at	0.54423033	4.27e-01	-0.8120476	-6.3524	-0.02620994	ESM1	endothelial cell specific molecule 1
205501_at	0.54461414	4.28e-01	-0.8113971	-6.35293	-0.04343673	PDE10A	phosphodiesterase 10A
200091_s_at	0.54478169	4.28e-01	-0.8110505	-6.35321	-0.06628663	RPS25	ribosomal protein S25
200736_s_at	0.54484534	4.28e-01	-0.8108497	-6.35337	-0.09780451	GPX1	glutathione peroxidase 1
219278_at	0.54488643	4.28e-01	-0.8106807	-6.35351	-0.04032901	MAP3K6	mitogen-activated protein kinase kinase kinase 6
221111_at	0.54537079	4.29e-01	-0.8098894	-6.35415	-0.04746211	IL26	interleukin 26
214780_s_at	0.54601687	4.29e-01	-0.8088715	-6.35498	-0.06022575	MYO9B	myosin IXB
207792_at	0.54655863	4.30e-01	0.8080005	-6.35569	0.02464974	OPRD1	opioid receptor delta 1
204065_at	0.54818564	4.31e-01	0.8056104	-6.35762	0.03732257	CHST10	carbohydrate sulfotransferase 10
211339_s_at	0.54828879	4.31e-01	-0.8053546	-6.35783	-0.02658422	ITK	IL2 inducible T-cell kinase
202224_at	0.54834865	4.31e-01	0.8051472	-6.35799	0.05877182	CRK	CRK proto-oncogene, adaptor protein
202403_s_at	0.54834865	4.31e-01	-0.8050478	-6.35807	-0.02836576	COL1A2	collagen type I alpha 2 chain
207815_at	0.54839505	4.31e-01	-0.8048713	-6.35822	-0.07048381	PF4V1	platelet factor 4 variant 1
207729_at	0.54844827	4.32e-01	0.8046854	-6.35837	0.04272982	CDH9	cadherin 9
201596_x_at	0.54863857	4.32e-01	-0.8043076	-6.35867	-0.15543881	KRT18	keratin 18
220308_at	0.54978846	4.33e-01	-0.8025885	-6.36006	-0.02867789	CFAP45	cilia and flagella associated protein 45
208305_at	0.54984908	4.33e-01	-0.8023922	-6.36021	-0.04628611	PGR	progesterone receptor
201900_s_at	0.54992931	4.33e-01	-0.8021685	-6.36039	-0.05907704	AKR1A1	aldo-keto reductase family 1 member A1
205636_at	0.55077158	4.34e-01	-0.8008807	-6.36143	-0.03330649	SH3GL3	SH3 domain containing GRB2 like 3, endophilin A3
219205_at	0.55165609	4.34e-01	0.7995267	-6.36252	0.03745289	SRR	serine racemase
220551_at	0.55165609	4.35e-01	-0.7993874	-6.36263	-0.04343967	SLC17A6	solute carrier family 17 member 6
203846_at	0.55165609	4.35e-01	0.7993117	-6.36269	0.08184599	TRIM32	tripartite motif containing 32
218319_at	0.55234276	4.35e-01	0.7981976	-6.36358	0.11505674	PELI1	pellino E3 ubiquitin protein ligase 1
205937_at	0.55234276	4.35e-01	0.798131	-6.36364	0.05153527	CGREF1	cell growth regulator with EF-hand domain 1
203610_s_at	0.5533346	4.36e-01	-0.7966377	-6.36483	-0.04973105	TRIM38	tripartite motif containing 38
219949_at	0.55377267	4.37e-01	0.7958126	-6.36549	0.0352313	LRRC2	leucine rich repeat containing 2
204732_s_at	0.55377267	4.37e-01	-0.7958044	-6.3655	-0.05475551	TRIM23	tripartite motif containing 23
36907_at	0.55432548	4.37e-01	-0.7948935	-6.36622	-0.02945753	MVK	mevalonate kinase
204859_s_at	0.55432548	4.37e-01	-0.7948117	-6.36629	-0.0630068	APAF1	apoptotic peptidase activating factor 1
205224_at	0.55464799	4.37e-01	0.7942174	-6.36676	0.02810456	SURF2	surfeit 2
201368_at	0.55464799	4.38e-01	-0.7941395	-6.36683	-0.13601337	ZFP36L2	ZFP36 ring finger protein like 2
209774_x_at	0.55505063	4.38e-01	-0.7934679	-6.36736	-0.17121718	CXCL2	C-X-C motif chemokine ligand 2
37152_at	0.55526624	4.38e-01	-0.7930494	-6.36769	-0.02861973	PPARD	peroxisome proliferator activated receptor delta
221318_at	0.55526624	4.38e-01	-0.7929446	-6.36778	-0.03439236	NEUROD4	neuronal differentiation 4
206804_at	0.5553869	4.38e-01	-0.7926651	-6.368	-0.03836074	CD3G	CD3g molecule
208484_at	0.555445	4.38e-01	-0.7924725	-6.36815	-0.03577945	HIST1H1A	histone cluster 1, H1a
205220_at	0.55580939	4.39e-01	-0.7918544	-6.36865	-0.08132247	HCAR3	hydroxycarboxylic acid receptor 3
201480_s_at	0.55584871	4.39e-01	0.7916879	-6.36878	0.05922816	SUPT5H	SPT5 homolog, DSIF elongation factor subunit
203027_s_at	0.55590124	4.39e-01	0.7915031	-6.36892	0.02975876	MVD	mevalonate diphosphate decarboxylase
202807_s_at	0.55609141	4.39e-01	0.7911272	-6.36922	0.03269744	TOM1	target of myb1 membrane trafficking protein
221359_at	0.55629239	4.40e-01	-0.790579	-6.36966	-0.02549859	GDNF	glial cell derived neurotrophic factor
208481_at	0.55629239	4.40e-01	0.7903647	-6.36983	0.03073159	ASB4	ankyrin repeat and SOCS box containing 4
200055_at	0.55629239	4.40e-01	0.7902445	-6.36992	0.07795917	TAF10	TATA-box binding protein associated factor 10
208553_at	0.55629239	4.40e-01	0.7901465	-6.37	0.03926275	HIST1H1E	histone cluster 1, H1e
206398_s_at	0.55629239	4.40e-01	-0.7900857	-6.37005	-0.19440034	CD19	CD19 molecule
208466_at	0.55629239	4.40e-01	0.7900734	-6.37006	0.05589681	RAB3D	RAB3D, member RAS oncogene family
201403_s_at	0.55629239	4.40e-01	0.7900474	-6.37008	0.08487381	MGST3	microsomal glutathione S-transferase 3
208523_x_at	0.55629239	4.40e-01	0.7899537	-6.37016	0.05316785	HIST1H2BC///HIST1H2BI///HIST1H2BE///HIST1H2BF///HIST1H2BG	histone cluster 1, H2bc///histone cluster 1, H2bi///histone cluster 1, H2be///histone cluster 1, H2bf///histone cluster 1, H2bg
206129_s_at	0.55635855	4.40e-01	0.78975	-6.37032	0.05874095	ARSB	arylsulfatase B
219982_s_at	0.55693959	4.41e-01	0.7888313	-6.37104	0.05205544	SERF1B///SERF1A	small EDRK-rich factor 1B///small EDRK-rich factor 1A
210538_s_at	0.55709704	4.41e-01	0.7885009	-6.37131	0.06755787	BIRC3	baculoviral IAP repeat containing 3
212400_at	0.55715237	4.41e-01	-0.7883123	-6.37146	-0.03723257	FAM102A	family with sequence similarity 102 member A
220118_at	0.5575063	4.41e-01	-0.7877092	-6.37193	-0.0331058	ZBTB32	zinc finger and BTB domain containing 32
219994_at	0.55764621	4.41e-01	0.7873052	-6.37225	0.06453244	APBB1IP	amyloid beta precursor protein binding family B member 1 interacting protein
210479_s_at	0.55764621	4.41e-01	-0.7872915	-6.37226	-0.0274472	RORA	RAR related orphan receptor A
220337_at	0.55770568	4.42e-01	0.7870972	-6.37242	0.03126416	NGB	neuroglobin
205139_s_at	0.55904533	4.43e-01	-0.7850188	-6.37406	-0.03349533	UST	uronyl 2-sulfotransferase
204450_x_at	0.55904533	4.43e-01	-0.7850157	-6.37406	-0.03436299	APOA1	apolipoprotein A1
204944_at	0.5594723	4.43e-01	-0.7843122	-6.37462	-0.02650146	PTPRG	protein tyrosine phosphatase, receptor type G
206775_at	0.55957336	4.43e-01	-0.7840604	-6.37481	-0.04747105	CUBN	cubilin
208406_s_at	0.55990721	4.44e-01	0.7834861	-6.37527	0.02948433	GRAP2	GRB2-related adaptor protein 2
214290_s_at	0.56027629	4.44e-01	-0.7828632	-6.37576	-0.20504198	HIST2H2AA4///HIST2H2AA3	histone cluster 2, H2aa4///histone cluster 2, H2aa3
220351_at	0.56082588	4.44e-01	-0.7819908	-6.37644	-0.04297005	ACKR4	atypical chemokine receptor 4
215715_at	0.56107567	4.45e-01	-0.7815333	-6.3768	-0.04010282	SLC6A2	solute carrier family 6 member 2
202990_at	0.56109319	4.45e-01	0.7813971	-6.37691	0.07046382	PYGL	phosphorylase, glycogen, liver
214933_at	0.56136851	4.45e-01	-0.7809043	-6.3773	-0.03895531	LOC100507353///CACNA1A	uncharacterized LOC100507353///calcium voltage-gated channel subunit alpha1 A
220307_at	0.56364623	4.47e-01	0.7776464	-6.37985	0.09133833	CD244	CD244 molecule
209480_at	0.5641792	4.47e-01	0.7767992	-6.38051	0.31979548	HLA-DQB1	major histocompatibility complex, class II, DQ beta 1
205710_at	0.56423748	4.48e-01	-0.7766067	-6.38066	-0.04498249	LRP2	LDL receptor related protein 2
211891_s_at	0.56459166	4.48e-01	-0.7760063	-6.38113	-0.02978202	LOC101930241///ARHGEF4	rho guanine nucleotide exchange factor 4-like///Rho guanine nucleotide exchange factor 4
206717_at	0.5647756	4.48e-01	-0.7756406	-6.38141	-0.03555273	MYH8	myosin heavy chain 8
221215_s_at	0.56516212	4.48e-01	-0.7749959	-6.38192	-0.03505137	RIPK4	receptor interacting serine/threonine kinase 4
32259_at	0.56563759	4.49e-01	0.7741843	-6.38255	0.04449364	EZH1	enhancer of zeste 1 polycomb repressive complex 2 subunit
219434_at	0.56563759	4.49e-01	-0.7740057	-6.38269	-0.14274672	TREM1	triggering receptor expressed on myeloid cells 1
208543_at	0.56563759	4.49e-01	0.7740044	-6.38269	0.03212256	OR10H2	olfactory receptor family 10 subfamily H member 2
216248_s_at	0.56594093	4.49e-01	-0.7734746	-6.3831	-0.26781269	NR4A2	nuclear receptor subfamily 4 group A member 2
219432_at	0.56598699	4.49e-01	-0.7732989	-6.38324	-0.07046169	EVC	EvC ciliary complex subunit 1
209946_at	0.56622148	4.50e-01	-0.7728639	-6.38358	-0.04140043	VEGFC	vascular endothelial growth factor C
201227_s_at	0.56628998	4.50e-01	0.7726574	-6.38374	0.08206946	NDUFB8	NADH:ubiquinone oxidoreductase subunit B8
221470_s_at	0.56648503	4.50e-01	-0.7722768	-6.38403	-0.03037718	IL37	interleukin 37
204983_s_at	0.56651536	4.50e-01	-0.7721228	-6.38415	-0.03470653	GPC4	glypican 4
206625_at	0.56653348	4.50e-01	-0.7719857	-6.38426	-0.03499456	PRPH2	peripherin 2
204794_at	0.56707574	4.51e-01	-0.7711115	-6.38494	-0.0580339	DUSP2	dual specificity phosphatase 2
207456_at	0.56707574	4.51e-01	-0.7710152	-6.38501	-0.03484094	HNF4G	hepatocyte nuclear factor 4 gamma
205295_at	0.56719877	4.51e-01	-0.7707337	-6.38523	-0.0335357	CKMT2	creatine kinase, mitochondrial 2
208496_x_at	0.56720454	4.51e-01	-0.7706136	-6.38532	-0.0378381	HIST1H3G	histone cluster 1, H3g
221005_s_at	0.56770738	4.51e-01	0.7698098	-6.38595	0.03610676	PTDSS2	phosphatidylserine synthase 2
205513_at	0.5688376	4.52e-01	0.7681445	-6.38723	0.0675628	TCN1	transcobalamin 1
208383_s_at	0.56948564	4.53e-01	-0.7671425	-6.38801	-0.03861071	PCK1	phosphoenolpyruvate carboxykinase 1
212080_at	0.56951412	4.53e-01	-0.766991	-6.38812	-0.08176284	KMT2A	lysine methyltransferase 2A
220634_at	0.56981458	4.53e-01	-0.7664664	-6.38853	-0.0314121	TBX4	T-box 4
219936_s_at	0.56994695	4.54e-01	-0.7661724	-6.38876	-0.04467818	GPR87	G protein-coupled receptor 87
205985_x_at	0.56994784	4.54e-01	-0.7660588	-6.38884	-0.02306676	CLCNKB	chloride voltage-gated channel Kb
220322_at	0.57014835	4.54e-01	-0.7656714	-6.38914	-0.02911822	IL36G	interleukin 36, gamma
216238_s_at	0.57243724	4.56e-01	0.7624227	-6.39164	0.02717855	FGB	fibrinogen beta chain
204422_s_at	0.57271722	4.56e-01	0.7619271	-6.39202	0.04477417	FGF2	fibroblast growth factor 2
210423_s_at	0.57311698	4.56e-01	0.7612677	-6.39253	0.03854767	SLC11A1	solute carrier family 11 member 1
210375_at	0.57313456	4.56e-01	0.7611311	-6.39263	0.03577243	PTGER3	prostaglandin E receptor 3
202289_s_at	0.57324288	4.57e-01	0.7608704	-6.39283	0.02590009	TACC2	transforming acidic coiled-coil containing protein 2
207643_s_at	0.5735186	4.57e-01	-0.7603808	-6.39321	-0.09607577	TNFRSF1A	TNF receptor superfamily member 1A
213492_at	0.57381235	4.57e-01	0.7598666	-6.3936	0.06263371	COL2A1	collagen type II alpha 1 chain
207918_s_at	0.5738777	4.57e-01	0.7596647	-6.39375	0.03956083	TSPY10///TSPY8///TSPY4///TSPY3///TSPY1	testis specific protein, Y-linked 10///testis specific protein, Y-linked 8///testis specific protein, Y-linked 4///testis specific protein, Y-linked 3///testis specific protein, Y-linked 1
208012_x_at	0.57443537	4.58e-01	-0.75879	-6.39442	-0.04572638	SP110	SP110 nuclear body protein
219112_at	0.57514902	4.59e-01	0.757516	-6.3954	0.07858374	RAPGEF6	Rap guanine nucleotide exchange factor 6
207738_s_at	0.57514902	4.59e-01	-0.7574371	-6.39546	-0.05880794	NCKAP1	NCK associated protein 1
206485_at	0.57514902	4.59e-01	-0.75743	-6.39546	-0.02647914	CD5	CD5 molecule
208122_x_at	0.57514902	4.59e-01	-0.7572625	-6.39559	-0.03049712	KIR2DS3	killer cell immunoglobulin like receptor, two Ig domains and short cytoplasmic tail 3
204165_at	0.57514902	4.59e-01	0.7572523	-6.3956	0.08033298	WASF1	WAS protein family member 1
207024_at	0.57540329	4.59e-01	-0.7566841	-6.39603	-0.03450345	CHRND	cholinergic receptor nicotinic delta subunit
203164_at	0.57540329	4.59e-01	-0.7566799	-6.39603	-0.07228494	SLC33A1	solute carrier family 33 member 1
32837_at	0.57580995	4.59e-01	-0.7560121	-6.39654	-0.04623805	AGPAT2	1-acylglycerol-3-phosphate O-acyltransferase 2
206454_s_at	0.5763793	4.60e-01	-0.7551226	-6.39722	-0.03628895	RHO	rhodopsin
214639_s_at	0.57661713	4.60e-01	0.7546855	-6.39755	0.03536676	HOXA1	homeobox A1
206240_s_at	0.57675218	4.60e-01	-0.7543089	-6.39784	-0.04731691	ZNF136	zinc finger protein 136
207878_at	0.57675218	4.61e-01	-0.7542535	-6.39788	-0.02557602	KRT76	keratin 76
206724_at	0.57675218	4.61e-01	-0.7541634	-6.39795	-0.08681958	CBX4	chromobox 4
200085_s_at	0.5771869	4.61e-01	-0.7533997	-6.39853	-0.05651923	TCEB2	transcription elongation factor B subunit 2
206730_at	0.5771869	4.61e-01	-0.7533453	-6.39857	-0.031582	GRIA3	glutamate ionotropic receptor AMPA type subunit 3
202838_at	0.57725208	4.61e-01	-0.7531438	-6.39872	-0.1143758	FUCA1	fucosidase, alpha-L- 1, tissue
221045_s_at	0.57779461	4.62e-01	0.7522916	-6.39937	0.05915727	PER3	period circadian clock 3
219452_at	0.57819024	4.62e-01	-0.7516399	-6.39986	-0.06050361	DPEP2	dipeptidase 2
206933_s_at	0.5782394	4.62e-01	-0.7514602	-6.4	-0.03021861	H6PD	hexose-6-phosphate dehydrogenase/glucose 1-dehydrogenase
205744_at	0.57872208	4.63e-01	-0.7506901	-6.40058	-0.02757429	DOC2A	double C2 domain alpha
206096_at	0.5788574	4.63e-01	0.7503931	-6.40081	0.0320842	ZNF35	zinc finger protein 35
210248_at	0.5788682	4.63e-01	-0.7502657	-6.4009	-0.02741223	WNT7A	Wnt family member 7A
205675_at	0.57887283	4.63e-01	0.7501467	-6.40099	0.03525158	MTTP	microsomal triglyceride transfer protein
216711_s_at	0.57913458	4.63e-01	-0.7496776	-6.40135	-0.0295608	TAF1	TATA-box binding protein associated factor 1
207587_at	0.57928248	4.63e-01	-0.7493636	-6.40158	-0.03773294	CRYGA	crystallin gamma A
211226_at	0.57935724	4.63e-01	-0.7491491	-6.40174	-0.03249226	GALR2	galanin receptor 2
205593_s_at	0.5796807	4.64e-01	-0.7485961	-6.40216	-0.05114491	PDE9A	phosphodiesterase 9A
206639_x_at	0.58073617	4.65e-01	0.7470478	-6.40333	0.04224413	HTN1	histatin 1
221110_x_at	0.58122614	4.65e-01	-0.7462691	-6.40392	-0.03497866	PDE11A	phosphodiesterase 11A
200034_s_at	0.58127532	4.65e-01	-0.7460894	-6.40405	-0.04853557	RPL6	ribosomal protein L6
208183_at	0.58155635	4.66e-01	-0.7455948	-6.40442	-0.05037879	TACR3	tachykinin receptor 3
208336_s_at	0.58163095	4.66e-01	0.7453806	-6.40458	0.07217115	TECR	trans-2,3-enoyl-CoA reductase
207648_at	0.58211927	4.66e-01	-0.7446046	-6.40517	-0.04362547	DRP2	dystrophin related protein 2
205876_at	0.58236771	4.66e-01	-0.7441544	-6.4055	-0.02749356	LIFR	leukemia inhibitory factor receptor alpha
214597_at	0.58249291	4.67e-01	0.7438716	-6.40572	0.04999185	SSTR2	somatostatin receptor 2
202760_s_at	0.58290089	4.67e-01	-0.743205	-6.40622	-0.17387901	PALM2-AKAP2///AKAP2	PALM2-AKAP2 readthrough///A-kinase anchoring protein 2
201909_at	0.5835876	4.68e-01	-0.7421605	-6.407	-0.67246886	RPS4Y1	ribosomal protein S4, Y-linked 1
216321_s_at	0.58399486	4.68e-01	0.7414792	-6.40751	0.08262787	NR3C1	nuclear receptor subfamily 3 group C member 1
203426_s_at	0.58399486	4.68e-01	-0.7413563	-6.4076	-0.03476245	IGFBP5	insulin like growth factor binding protein 5
205734_s_at	0.58399486	4.68e-01	-0.7412695	-6.40766	-0.02825325	AFF3	AF4/FMR2 family member 3
221827_at	0.58457029	4.69e-01	0.7403535	-6.40835	0.08695637	RBCK1	RANBP2-type and C3HC4-type zinc finger containing 1
210946_at	0.58457029	4.69e-01	0.7402637	-6.40842	0.04689975	PLPP1	phospholipid phosphatase 1
203824_at	0.58575756	4.70e-01	-0.7385428	-6.4097	-0.04182004	TSPAN8	tetraspanin 8
205746_s_at	0.58588463	4.70e-01	-0.7382577	-6.40991	-0.03807749	ADAM17	ADAM metallopeptidase domain 17
206617_s_at	0.58601532	4.70e-01	-0.7379187	-6.41016	-0.03696533	RENBP	renin binding protein
206631_at	0.58601532	4.70e-01	-0.7378548	-6.41021	-0.10007606	PTGER2	prostaglandin E receptor 2
213812_s_at	0.58625208	4.70e-01	-0.7374214	-6.41053	-0.06153383	CAMKK2	calcium/calmodulin dependent protein kinase kinase 2
208544_at	0.58642423	4.71e-01	-0.7370754	-6.41079	-0.04688917	ADRA2B	adrenoceptor alpha 2B
218677_at	0.58696538	4.71e-01	-0.7362303	-6.41142	-0.02854576	S100A14	S100 calcium binding protein A14
35179_at	0.58712545	4.71e-01	0.7359008	-6.41166	0.0366109	B3GAT3	beta-1,3-glucuronyltransferase 3
207059_at	0.58731024	4.72e-01	-0.7355379	-6.41193	-0.0283708	PAX9	paired box 9
207611_at	0.58821759	4.72e-01	0.7341187	-6.41299	0.03366516	HIST1H2BL	histone cluster 1, H2bl
204783_at	0.58821759	4.72e-01	0.734025	-6.41305	0.07957483	MLF1	myeloid leukemia factor 1
214210_at	0.58821759	4.72e-01	-0.7339723	-6.41309	-0.02597798	SLC25A17	solute carrier family 25 member 17
205454_at	0.58928769	4.73e-01	0.7324142	-6.41425	0.02340329	HPCA	hippocalcin
204020_at	0.5893224	4.73e-01	0.7322541	-6.41436	0.08622754	PURA	purine rich element binding protein A
204748_at	0.58977965	4.74e-01	0.7315239	-6.4149	0.16592753	PTGS2	prostaglandin-endoperoxide synthase 2
206785_s_at	0.58984046	4.74e-01	-0.7313287	-6.41505	-0.03146477	KLRC2///KLRC1	killer cell lectin like receptor C2///killer cell lectin like receptor C1
209903_s_at	0.59001206	4.74e-01	0.730984	-6.4153	0.06666329	ATR	ATR serine/threonine kinase
211432_s_at	0.59021237	4.74e-01	0.7306006	-6.41559	0.03813404	TYRO3	TYRO3 protein tyrosine kinase
211987_at	0.5902317	4.75e-01	-0.7303955	-6.41574	-0.10015165	TOP2B	topoisomerase (DNA) II beta
205429_s_at	0.5902317	4.75e-01	0.7303481	-6.41577	0.04254181	MPP6	membrane palmitoylated protein 6
205375_at	0.5902519	4.75e-01	0.7302077	-6.41587	0.04463332	MDFI	MyoD family inhibitor
201744_s_at	0.59080613	4.75e-01	0.7293354	-6.41652	0.0582857	LUM	lumican
201502_s_at	0.59080613	4.75e-01	-0.7292338	-6.41659	-0.17634464	NFKBIA	NFKB inhibitor alpha
205676_at	0.59097787	4.75e-01	-0.7288891	-6.41685	-0.03834513	CYP27B1	cytochrome P450 family 27 subfamily B member 1
203943_at	0.59106162	4.76e-01	-0.7286629	-6.41701	-0.0336155	KIF3B	kinesin family member 3B
214299_at	0.59111625	4.76e-01	0.7284761	-6.41715	0.04163626	TOP3A	topoisomerase (DNA) III alpha
202764_at	0.59186155	4.76e-01	0.727322	-6.418	0.03507081	STIM1	stromal interaction molecule 1
209651_at	0.59186155	4.76e-01	0.7272452	-6.41805	0.08631884	TGFB1I1	transforming growth factor beta 1 induced transcript 1
34689_at	0.59235626	4.77e-01	-0.7264656	-6.41863	-0.03475758	ATRIP///TREX1	ATR interacting protein///three prime repair exonuclease 1
202345_s_at	0.59282531	4.77e-01	0.7257207	-6.41917	0.12217683	FABP5	fatty acid binding protein 5
204659_s_at	0.59286866	4.77e-01	-0.7255491	-6.4193	-0.02479399	GFER	growth factor, augmenter of liver regeneration
220782_x_at	0.59331038	4.78e-01	-0.7247485	-6.41988	-0.02689053	KLK12	kallikrein related peptidase 12
35617_at	0.59331038	4.78e-01	0.724728	-6.4199	0.03208553	MAPK7	mitogen-activated protein kinase 7
213633_at	0.5935846	4.78e-01	-0.7242457	-6.42025	-0.03004362	SH3BP1	SH3 domain binding protein 1
208874_x_at	0.59433886	4.79e-01	0.7231179	-6.42108	0.06721039	PTPA	protein phosphatase 2 phosphatase activator
213903_s_at	0.59448484	4.79e-01	-0.7228082	-6.4213	-0.04021536	CNOT9	CCR4-NOT transcription complex subunit 9
219552_at	0.59454598	4.79e-01	0.7226127	-6.42145	0.03370702	SVEP1	sushi, von Willebrand factor type A, EGF and pentraxin domain containing 1
202726_at	0.59485543	4.80e-01	0.7220315	-6.42187	0.08401879	LIG1	DNA ligase 1
206362_x_at	0.59485543	4.80e-01	-0.7218644	-6.42199	-0.0245923	MAP3K10	mitogen-activated protein kinase kinase kinase 10
203108_at	0.59485543	4.80e-01	-0.7218566	-6.422	-0.03041021	GPRC5A	G protein-coupled receptor class C group 5 member A
214494_s_at	0.59515116	4.80e-01	0.7213457	-6.42237	0.05597504	LOC101930112///SPG7	uncharacterized LOC101930112///SPG7, paraplegin matrix AAA peptidase subunit
209773_s_at	0.59516214	4.80e-01	0.7212176	-6.42246	0.14193344	RRM2	ribonucleotide reductase regulatory subunit M2
206321_at	0.59535287	4.80e-01	0.7208479	-6.42273	0.03517189	RFX1	regulatory factor X1
207303_at	0.59589336	4.81e-01	0.7199041	-6.42342	0.03043507	PDE1C	phosphodiesterase 1C
206729_at	0.59589336	4.81e-01	0.719895	-6.42342	0.02876008	TNFRSF8	TNF receptor superfamily member 8
210083_at	0.59654453	4.81e-01	-0.7189072	-6.42414	-0.03092839	SEMA7A	semaphorin 7A (John Milton Hagen blood group)
218928_s_at	0.59739157	4.82e-01	0.7176572	-6.42505	0.08315208	SLC37A1	solute carrier family 37 member 1
203297_s_at	0.59755572	4.82e-01	0.7172954	-6.42531	0.05428325	JARID2	jumonji and AT-rich interaction domain containing 2
206606_at	0.59755572	4.83e-01	-0.7171747	-6.4254	-0.02960888	LIPC	lipase C, hepatic type
207666_x_at	0.59755572	4.83e-01	-0.7170965	-6.42546	-0.02378855	SSX3	SSX family member 3
217922_at	0.59780297	4.83e-01	0.7166514	-6.42578	0.06093057	MAN1A2	mannosidase alpha class 1A member 2
202708_s_at	0.59786827	4.83e-01	-0.7164503	-6.42592	-0.13046811	HIST2H2BE	histone cluster 2, H2be
210275_s_at	0.59798377	4.83e-01	-0.716182	-6.42612	-0.06575172	ZFAND5	zinc finger AN1-type containing 5
205567_at	0.59816638	4.83e-01	0.7158236	-6.42638	0.02255829	CHST1	carbohydrate sulfotransferase 1
216921_s_at	0.59844416	4.84e-01	-0.7153377	-6.42673	-0.0267936	KRT35	keratin 35
207742_s_at	0.59863987	4.84e-01	-0.7149618	-6.427	-0.02706777	NR6A1	nuclear receptor subfamily 6 group A member 1
206773_at	0.59895747	4.84e-01	0.7144227	-6.42739	0.02962566	LY6H	lymphocyte antigen 6 complex, locus H
38447_at	0.5994139	4.85e-01	-0.7136976	-6.42791	-0.02532728	GRK2	G protein-coupled receptor kinase 2
210673_x_at	0.59984127	4.85e-01	-0.7130117	-6.42841	-0.03093311	NKX2-1	NK2 homeobox 1
214481_at	0.6000158	4.85e-01	-0.7126644	-6.42866	-0.03545791	HIST1H2AM	histone cluster 1, H2am
210977_s_at	0.60022619	4.85e-01	-0.7122692	-6.42894	-0.02599938	HSF4	heat shock transcription factor 4
206663_at	0.60023158	4.86e-01	0.7121484	-6.42903	0.02895352	SP4	Sp4 transcription factor
206684_s_at	0.60024123	4.86e-01	-0.7120219	-6.42912	-0.02491917	ATF7	activating transcription factor 7
203796_s_at	0.60026321	4.86e-01	-0.7118789	-6.42922	-0.05294326	BCL7A	BCL tumor suppressor 7A
209448_at	0.60046938	4.86e-01	-0.7114893	-6.4295	-0.07998401	HTATIP2	HIV-1 Tat interactive protein 2
207378_at	0.60059264	4.86e-01	-0.7112107	-6.4297	-0.04399882	TREH	trehalase
35436_at	0.60093171	4.86e-01	-0.7106433	-6.43011	-0.04802584	GOLGA2	golgin A2
221440_s_at	0.6018385	4.87e-01	0.7093167	-6.43106	0.02671351	RBBP9	RB binding protein 9, serine hydrolase
213943_at	0.60191808	4.87e-01	-0.7090967	-6.43122	-0.04009813	TWIST1	twist family bHLH transcription factor 1
219161_s_at	0.60214554	4.88e-01	-0.7086789	-6.43152	-0.0666966	CKLF-CMTM1///CKLF	CKLF-CMTM1 readthrough///chemokine like factor
33322_i_at	0.60259194	4.88e-01	-0.7079686	-6.43203	-0.03402286	SFN	stratifin
220432_s_at	0.60279859	4.88e-01	-0.7075788	-6.43231	-0.04585245	CYP39A1	cytochrome P450 family 39 subfamily A member 1
208270_s_at	0.60367843	4.89e-01	0.7062899	-6.43323	0.05878587	RNPEP	arginyl aminopeptidase
207678_s_at	0.60388167	4.89e-01	-0.7059048	-6.43351	-0.03656584	SOX30	SRY-box 30
205054_at	0.60394628	4.89e-01	-0.7057048	-6.43365	-0.02754534	NEB	nebulin
203878_s_at	0.60405213	4.90e-01	0.7054497	-6.43383	0.02258099	MMP11	matrix metallopeptidase 11
206984_s_at	0.60592517	4.91e-01	0.7028378	-6.43569	0.02476619	RIT2	Ras like without CAAX 2
204479_at	0.60667861	4.92e-01	-0.701644	-6.43654	-0.04194862	OSTF1	osteoclast stimulating factor 1
210720_s_at	0.60667861	4.92e-01	-0.7016063	-6.43656	-0.03312023	NECAB3	N-terminal EF-hand calcium binding protein 3
204271_s_at	0.60686077	4.92e-01	0.7012498	-6.43682	0.04050157	EDNRB	endothelin receptor type B
210132_at	0.6068949	4.92e-01	0.7010256	-6.43698	0.03706479	EFNA3	ephrin A3
214472_at	0.6068949	4.92e-01	0.7009765	-6.43701	0.09962251	HIST1H3F///HIST1H3B///HIST1H3H///HIST1H3J///HIST1H3G///HIST1H3I///HIST1H3E///HIST1H3C///HIST1H3D///HIST1H3A///HIST1H2AD	histone cluster 1, H3f///histone cluster 1, H3b///histone cluster 1, H3h///histone cluster 1, H3j///histone cluster 1, H3g///histone cluster 1, H3i///histone cluster 1, H3e///histone cluster 1, H3c///histone cluster 1, H3d///histone cluster 1, H3a///histone cluster 1, H2ad
205334_at	0.60742477	4.93e-01	-0.7000453	-6.43767	-0.02617669	S100A1	S100 calcium binding protein A1
205615_at	0.60742477	4.93e-01	-0.7000432	-6.43767	-0.03459634	CPA1	carboxypeptidase A1
214489_at	0.60772464	4.93e-01	0.6995301	-6.43804	0.02273613	FSHB	follicle stimulating hormone beta subunit
219898_at	0.60785688	4.93e-01	0.6992402	-6.43824	0.03189201	GPR85	G protein-coupled receptor 85
205622_at	0.60836865	4.94e-01	0.6984453	-6.4388	0.03468101	SMPD2	sphingomyelin phosphodiesterase 2
208541_x_at	0.60860094	4.94e-01	0.6979959	-6.43912	0.04721485	TFAM	transcription factor A, mitochondrial
202052_s_at	0.60860094	4.94e-01	-0.6979084	-6.43918	-0.05437472	RAI14	retinoic acid induced 14
203679_at	0.60872006	4.94e-01	-0.697636	-6.43938	-0.02882874	TMED1	transmembrane p24 trafficking protein 1
217452_s_at	0.60881925	4.95e-01	-0.6973901	-6.43955	-0.03236341	B3GALT2	beta-1,3-galactosyltransferase 2
220772_at	0.60899361	4.95e-01	0.6970442	-6.43979	0.02590566	BPESC1	blepharophimosis, epicanthus inversus and ptosis, candidate 1 (non-protein coding)
205589_at	0.6091152	4.95e-01	0.6966904	-6.44004	0.02136051	MYL3	myosin light chain 3
210148_at	0.6091152	4.95e-01	0.6966546	-6.44007	0.05885491	HIPK3	homeodomain interacting protein kinase 3
207252_at	0.60972844	4.96e-01	-0.6957253	-6.44072	-0.02848367	INE1	inactivation escape 1 (non-protein coding)
206512_at	0.6097843	4.96e-01	0.695537	-6.44085	0.03138503	ZRSR1///SRP19	zinc finger CCCH-type, RNA binding motif and serine/arginine rich 1///signal recognition particle 19
205075_at	0.60992342	4.96e-01	0.6952381	-6.44106	0.02500341	SERPINF2	serpin family F member 2
210641_at	0.61081591	4.97e-01	0.6939384	-6.44198	0.03249759	CAPN9	calpain 9
202028_s_at	0.61138203	4.97e-01	-0.6930372	-6.44261	-0.16369969	RPL38	ribosomal protein L38
205411_at	0.61138203	4.97e-01	0.6929037	-6.4427	0.0405531	STK4	serine/threonine kinase 4
207669_at	0.61138203	4.97e-01	-0.6928445	-6.44275	-0.02636345	KRT83	keratin 83
203595_s_at	0.61141698	4.97e-01	0.692684	-6.44286	0.06013804	IFIT5	interferon induced protein with tetratricopeptide repeats 5
220214_at	0.61163832	4.98e-01	-0.6922761	-6.44314	-0.04180266	ZNF215	zinc finger protein 215
206131_at	0.61230255	4.98e-01	-0.6912806	-6.44384	-0.03027502	CLPS	colipase
209847_at	0.61245839	4.98e-01	-0.6909597	-6.44407	-0.0366458	CDH17	cadherin 17
209782_s_at	0.61286502	4.99e-01	-0.6903063	-6.44452	-0.03549264	DBP	D-box binding PAR bZIP transcription factor
220250_at	0.61342829	4.99e-01	0.6894454	-6.44512	0.06176489	ZNF286A	zinc finger protein 286A
202196_s_at	0.61427696	5.00e-01	-0.6879305	-6.44618	-0.04249122	DKK3	dickkopf WNT signaling pathway inhibitor 3
204628_s_at	0.61427696	5.00e-01	0.6879068	-6.4462	0.06362398	ITGB3	integrin subunit beta 3
212346_s_at	0.61427696	5.00e-01	0.6878848	-6.44621	0.04382278	MIR4800///MXD4	microRNA 4800///MAX dimerization protein 4
208382_s_at	0.61427696	5.00e-01	0.687864	-6.44623	0.033165	DMC1	DNA meiotic recombinase 1
220445_s_at	0.61434128	5.00e-01	-0.6876646	-6.44637	-0.03954287	CSAG2///CSAG3	CSAG family member 2///CSAG family member 3
207817_at	0.61481637	5.01e-01	-0.6869211	-6.44688	-0.02542004	IFNW1	interferon omega 1
221533_at	0.61483057	5.01e-01	-0.6867881	-6.44698	-0.02704548	FAM162A	family with sequence similarity 162 member A
221348_at	0.6149165	5.01e-01	0.68656	-6.44714	0.03896132	NPPC	natriuretic peptide C
218116_at	0.61508236	5.01e-01	0.6862262	-6.44737	0.07788762	C9orf78	chromosome 9 open reading frame 78
208417_at	0.61517858	5.02e-01	-0.6859845	-6.44754	-0.02332518	FGF6	fibroblast growth factor 6
205680_at	0.61554732	5.02e-01	-0.6853821	-6.44795	-0.03418392	MMP10	matrix metallopeptidase 10
201759_at	0.61578147	5.02e-01	-0.684934	-6.44826	-0.03043785	TBCD	tubulin folding cofactor D
217968_at	0.61578147	5.02e-01	0.6848437	-6.44833	0.04555838	TSSC1	tumor suppressing subtransferable candidate 1
207035_at	0.61595032	5.03e-01	0.6843677	-6.44866	0.02597146	SLC30A3	solute carrier family 30 member 3
214062_x_at	0.61595032	5.03e-01	0.6843639	-6.44866	0.04167006	NFKBIB	NFKB inhibitor beta
208562_s_at	0.61595032	5.03e-01	-0.6841877	-6.44878	-0.02998622	ABCC9	ATP binding cassette subfamily C member 9
205056_s_at	0.61595032	5.03e-01	0.6841632	-6.4488	0.03460485	GPR162	G protein-coupled receptor 162
203413_at	0.6159617	5.03e-01	-0.6840339	-6.44889	-0.02391532	NELL2	neural EGFL like 2
32094_at	0.61615229	5.03e-01	0.6836674	-6.44914	0.03077983	CHST3	carbohydrate sulfotransferase 3
211867_s_at	0.61619659	5.03e-01	-0.6834946	-6.44926	-0.03264537	PCDHA10	protocadherin alpha 10
206154_at	0.6162021	5.03e-01	-0.683373	-6.44935	-0.02840503	RLBP1	retinaldehyde binding protein 1
208454_s_at	0.61716759	5.04e-01	0.6819462	-6.45033	0.03002363	CPQ	carboxypeptidase Q
219050_s_at	0.61716759	5.04e-01	-0.6818671	-6.45039	-0.02630185	ZNHIT2	zinc finger HIT-type containing 2
218145_at	0.61716882	5.04e-01	0.6817512	-6.45047	0.04690161	TRIB3	tribbles pseudokinase 3
209635_at	0.61717356	5.04e-01	-0.6816307	-6.45055	-0.02236116	AP1S1	adaptor related protein complex 1 sigma 1 subunit
203565_s_at	0.61739899	5.04e-01	0.6812182	-6.45084	0.0293965	MNAT1	MNAT1, CDK activating kinase assembly factor
214308_s_at	0.61781879	5.05e-01	-0.6805488	-6.4513	-0.02831211	HGD	homogentisate 1,2-dioxygenase
206482_at	0.61793038	5.05e-01	-0.680287	-6.45148	-0.03214856	PTK6	protein tyrosine kinase 6
202495_at	0.61831282	5.05e-01	0.6796672	-6.45191	0.03597836	TBCC	tubulin folding cofactor C
204871_at	0.61839085	5.06e-01	0.6794497	-6.45205	0.03228795	MTERF1	mitochondrial transcription termination factor 1
214148_at	0.61851329	5.06e-01	-0.6791736	-6.45224	-0.03230852	LOC100507424///ITFG2	uncharacterized LOC100507424///integrin alpha FG-GAP repeat containing 2
219932_at	0.61900508	5.06e-01	0.6784094	-6.45277	0.07006258	SLC27A6	solute carrier family 27 member 6
208031_s_at	0.62034776	5.07e-01	0.6765223	-6.45407	0.03752266	RFX2	regulatory factor X2
202607_at	0.62046626	5.08e-01	0.6762515	-6.45425	0.0443374	NDST1	N-deacetylase and N-sulfotransferase 1
207576_x_at	0.62050566	5.08e-01	0.6760851	-6.45437	0.04965837	OXT	oxytocin/neurophysin I prepropeptide
221391_at	0.62121882	5.08e-01	-0.6750299	-6.45509	-0.03176551	TAS2R14	taste 2 receptor member 14
201425_at	0.62125221	5.08e-01	-0.6748494	-6.45521	-0.08065239	ALDH2	aldehyde dehydrogenase 2 family (mitochondrial)
207028_at	0.62125221	5.08e-01	0.6747569	-6.45528	0.03032307	MYCNOS	MYCN opposite strand
205979_at	0.62161658	5.09e-01	0.674162	-6.45568	0.03235139	SCGB2A1	secretoglobin family 2A member 1
1431_at	0.62183943	5.09e-01	0.6737537	-6.45596	0.04221276	CYP2E1	cytochrome P450 family 2 subfamily E member 1
209570_s_at	0.62184298	5.09e-01	0.6736345	-6.45604	0.02702162	NSG1	neuron specific gene family member 1
209665_at	0.62263536	5.10e-01	0.6724757	-6.45683	0.0370366	CYB561D2	cytochrome b561 family member D2
208318_s_at	0.62273791	5.10e-01	0.6722261	-6.457	0.03315813	XYLB	xylulokinase
206703_at	0.62278262	5.10e-01	-0.6720526	-6.45712	-0.03390341	CHRNB1	cholinergic receptor nicotinic beta 1 subunit
206434_at	0.62286012	5.10e-01	0.6717794	-6.45731	0.04923514	SPOCK3	sparc/osteonectin, cwcv and kazal-like domains proteoglycan (testican) 3
202842_s_at	0.62286012	5.10e-01	0.6717215	-6.45735	0.11349169	DNAJB9	DnaJ heat shock protein family (Hsp40) member B9
204746_s_at	0.6236573	5.11e-01	0.670557	-6.45814	0.02894336	PICK1	protein interacting with PRKCA 1
206586_at	0.62375345	5.11e-01	-0.6703158	-6.4583	-0.03152228	CNR2	cannabinoid receptor 2
215389_s_at	0.62384168	5.11e-01	0.6700851	-6.45846	0.03544868	TNNT2	troponin T2, cardiac type
214247_s_at	0.62440426	5.12e-01	0.6691837	-6.45907	0.02145045	DKK3	dickkopf WNT signaling pathway inhibitor 3
202510_s_at	0.62440426	5.12e-01	-0.6691154	-6.45912	-0.04344683	TNFAIP2	TNF alpha induced protein 2
209576_at	0.62543769	5.13e-01	0.6676413	-6.46012	0.05915251	GNAI1	G protein subunit alpha i1
202586_at	0.62546772	5.13e-01	0.667475	-6.46023	0.02760324	POLR2L	RNA polymerase II subunit L
205257_s_at	0.62546772	5.13e-01	-0.6673725	-6.4603	-0.02226684	AMPH	amphiphysin
207308_at	0.6255735	5.13e-01	-0.6671187	-6.46047	-0.03253929	SLCO1A2	solute carrier organic anion transporter family member 1A2
203345_s_at	0.62573786	5.13e-01	-0.6667879	-6.4607	-0.10423706	MTF2	metal response element binding transcription factor 2
213919_at	0.62577673	5.14e-01	-0.6666222	-6.46081	-0.02517211	DNAJC4	DnaJ heat shock protein family (Hsp40) member C4
220571_at	0.62584509	5.14e-01	-0.6664176	-6.46095	-0.02549836	PRDM11	PR/SET domain 11
208714_at	0.62682378	5.15e-01	0.6650166	-6.46189	0.06226216	NDUFV1	NADH:ubiquinone oxidoreductase core subunit V1
218518_at	0.62752094	5.15e-01	0.6638436	-6.46268	0.05197355	FAM13B	family with sequence similarity 13 member B
207466_at	0.62752094	5.15e-01	-0.6637926	-6.46272	-0.03861707	GAL	galanin and GMAP prepropeptide
206333_at	0.62752094	5.15e-01	-0.6637566	-6.46274	-0.02809125	MSI1	musashi RNA binding protein 1
207539_s_at	0.62761952	5.15e-01	-0.6635124	-6.46291	-0.03794845	IL4	interleukin 4
217853_at	0.62764364	5.16e-01	-0.663366	-6.463	-0.11950822	TNS3	tensin 3
38158_at	0.62769637	5.16e-01	0.663182	-6.46313	0.07345965	ESPL1	extra spindle pole bodies like 1, separase
203945_at	0.62770782	5.16e-01	0.6630523	-6.46321	0.04078181	ARG2	arginase 2
207201_s_at	0.62896882	5.17e-01	-0.6612823	-6.4644	-0.03087848	SLC22A1	solute carrier family 22 member 1
221152_at	0.62913267	5.17e-01	0.6609525	-6.46463	0.02842207	COL8A1	collagen type VIII alpha 1 chain
206090_s_at	0.62930335	5.17e-01	-0.6606138	-6.46485	-0.03782504	TSNAX-DISC1///DISC1	TSNAX-DISC1 readthrough (NMD candidate)///disrupted in schizophrenia 1
211175_at	0.62981216	5.18e-01	0.6598316	-6.46538	0.02396675	GPR45	G protein-coupled receptor 45
220234_at	0.62989949	5.18e-01	-0.6596023	-6.46553	-0.02836813	CA8	carbonic anhydrase 8
206779_s_at	0.63025813	5.18e-01	-0.6590172	-6.46592	-0.02336298	ASMT	acetylserotonin O-methyltransferase
221166_at	0.63113018	5.19e-01	-0.6577184	-6.46679	-0.03240562	FGF23	fibroblast growth factor 23
221075_s_at	0.63113018	5.19e-01	-0.6576447	-6.46684	-0.02471377	NCR2	natural cytotoxicity triggering receptor 2
208579_x_at	0.63182893	5.20e-01	0.6566125	-6.46753	0.14300576	H2BFS	H2B histone family member S
205962_at	0.63182893	5.20e-01	-0.6564997	-6.4676	-0.02652255	PAK2	p21 (RAC1) activated kinase 2
221043_at	0.63222753	5.20e-01	-0.6558629	-6.46803	-0.03621474		
218320_s_at	0.63233169	5.20e-01	0.6554979	-6.46827	0.05396313	NDUFB11	NADH:ubiquinone oxidoreductase subunit B11
220475_at	0.63233169	5.20e-01	-0.6554966	-6.46827	-0.02594569	SLC28A3	solute carrier family 28 member 3
208474_at	0.63244901	5.21e-01	0.655228	-6.46845	0.02581968	CLDN6	claudin 6
201592_at	0.63245013	5.21e-01	-0.6551116	-6.46853	-0.0456992	EIF3H	eukaryotic translation initiation factor 3 subunit H
200599_s_at	0.63260793	5.21e-01	-0.6547901	-6.46874	-0.0767873	MIR3652///HSP90B1	microRNA 3652///heat shock protein 90 beta family member 1
219778_at	0.63284346	5.21e-01	-0.6543668	-6.46902	-0.03387183	ZFPM2	zinc finger protein, FOG family member 2
2028_s_at	0.63325952	5.22e-01	0.6537074	-6.46946	0.03024034	E2F1	E2F transcription factor 1
207020_at	0.6334386	5.22e-01	-0.6533032	-6.46973	-0.02169884	HSF2BP	heat shock transcription factor 2 binding protein
221494_x_at	0.6334386	5.22e-01	0.6532431	-6.46977	0.04136455	EIF3K	eukaryotic translation initiation factor 3 subunit K
219509_at	0.63363781	5.22e-01	-0.6528675	-6.47002	-0.02691535	MYOZ1	myozenin 1
208359_s_at	0.63383704	5.22e-01	-0.6524919	-6.47026	-0.02657898	KCNJ4	potassium voltage-gated channel subfamily J member 4
220957_at	0.63428816	5.23e-01	-0.6515868	-6.47086	-0.04236671	CTAGE1	cutaneous T-cell lymphoma-associated antigen 1
208275_x_at	0.63428816	5.23e-01	-0.6515713	-6.47087	-0.03172127	UTF1	undifferentiated embryonic cell transcription factor 1
218120_s_at	0.63428816	5.23e-01	0.6515568	-6.47088	0.04156369	HMOX2	heme oxygenase 2
220026_at	0.63504545	5.24e-01	0.6504235	-6.47163	0.0255865	CLCA4	chloride channel accessory 4
205781_at	0.63504545	5.24e-01	0.6503367	-6.47169	0.02289279	VPS9D1	VPS9 domain containing 1
206867_at	0.63536679	5.24e-01	-0.649789	-6.47205	-0.03324639	GCKR	glucokinase (hexokinase 4) regulator
208998_at	0.63536679	5.24e-01	0.6496866	-6.47212	0.06998412	UCP2	uncoupling protein 2
214951_at	0.63579038	5.25e-01	-0.6490181	-6.47256	-0.02961161	SLC26A10	solute carrier family 26 member 10
211010_s_at	0.63598966	5.25e-01	0.6486426	-6.47281	0.02404521	NCR3	natural cytotoxicity triggering receptor 3
205602_x_at	0.63642101	5.25e-01	-0.6479642	-6.47325	-0.02241298	PSG7	pregnancy specific beta-1-glycoprotein 7 (gene/pseudogene)
209598_at	0.63676155	5.26e-01	-0.6473539	-6.47366	-0.02075765	PNMA2	paraneoplastic Ma antigen 2
208542_x_at	0.63676155	5.26e-01	-0.6472892	-6.4737	-0.03241758	ZNF718///ZNF595///ZNF208	zinc finger protein 718///zinc finger protein 595///zinc finger protein 208
203804_s_at	0.63701443	5.26e-01	0.6467719	-6.47404	0.09783532	LUC7L3	LUC7 like 3 pre-mRNA splicing factor
220888_s_at	0.63701443	5.26e-01	0.6467288	-6.47407	0.03002273	CASS4	Cas scaffolding protein family member 4
219157_at	0.63801653	5.27e-01	0.6453059	-6.475	0.04149527	KLHL2	kelch like family member 2
217287_s_at	0.63804464	5.27e-01	-0.645154	-6.4751	-0.03926698	TRPC6	transient receptor potential cation channel subfamily C member 6
218200_s_at	0.63808299	5.27e-01	0.6449888	-6.47521	0.05716403	NDUFB2	NADH:ubiquinone oxidoreductase subunit B2
207229_at	0.63840071	5.27e-01	0.6444592	-6.47555	0.03311311	KLRA1P	killer cell lectin like receptor A1, pseudogene
207692_s_at	0.63844913	5.28e-01	-0.6442808	-6.47567	-0.03177335	ACAN	aggrecan
205886_at	0.63889482	5.28e-01	-0.6435844	-6.47613	-0.02992647	REG1B	regenerating family member 1 beta
205264_at	0.63961718	5.29e-01	0.6425276	-6.47682	0.05785447	CD3EAP	CD3e molecule associated protein
204893_s_at	0.63975433	5.29e-01	-0.6422335	-6.47701	-0.03399742	ZFYVE9	zinc finger FYVE-type containing 9
208581_x_at	0.63980167	5.29e-01	0.6420566	-6.47713	0.08656319	MT1X	metallothionein 1X
212360_at	0.63987954	5.29e-01	-0.6418398	-6.47727	-0.0636055	AMPD2	adenosine monophosphate deaminase 2
208978_at	0.64004562	5.29e-01	-0.6415051	-6.47748	-0.02893205	CRIP2	cysteine rich protein 2
206367_at	0.64004562	5.29e-01	-0.6413928	-6.47756	-0.0311261	REN	renin
219743_at	0.64036336	5.30e-01	-0.6407447	-6.47798	-0.02231078	HEY2	hes related family bHLH transcription factor with YRPW motif 2
206716_at	0.64036336	5.30e-01	-0.6406711	-6.47803	-0.02633616	UMOD	uromodulin
221962_s_at	0.64036336	5.30e-01	0.640633	-6.47805	0.0305594	UBE2H	ubiquitin conjugating enzyme E2 H
205799_s_at	0.64050185	5.30e-01	0.6403373	-6.47825	0.02159679	SLC3A1	solute carrier family 3 member 1
202627_s_at	0.64123378	5.31e-01	0.6392686	-6.47894	0.03287454	SERPINE1	serpin family E member 1
208511_at	0.64185497	5.31e-01	-0.6383446	-6.47954	-0.03915654	PTTG3P	pituitary tumor-transforming 3, pseudogene
202464_s_at	0.6421326	5.32e-01	-0.6378055	-6.47989	-0.08881278	PFKFB3	6-phosphofructo-2-kinase/fructose-2,6-biphosphatase 3
202902_s_at	0.6421326	5.32e-01	-0.6377526	-6.47992	-0.08935981	CTSS	cathepsin S
207175_at	0.64257027	5.32e-01	-0.6370175	-6.4804	-0.02186439	ADIPOQ	adiponectin, C1Q and collagen domain containing
1598_g_at	0.64257027	5.32e-01	0.6369523	-6.48044	0.02222067	GAS6	growth arrest specific 6
204740_at	0.64278565	5.32e-01	-0.6365567	-6.4807	-0.02945141	CNKSR1	connector enhancer of kinase suppressor of Ras 1
37953_s_at	0.64331509	5.33e-01	0.6357527	-6.48122	0.02683662	ASIC1	acid sensing ion channel subunit 1
209613_s_at	0.64331606	5.33e-01	0.635636	-6.48129	0.03495621	ADH1B	alcohol dehydrogenase 1B (class I), beta polypeptide
207333_at	0.64345689	5.33e-01	-0.6353374	-6.48149	-0.03101587	NMBR	neuromedin B receptor
41160_at	0.64385792	5.34e-01	0.6347006	-6.4819	0.05252836	MBD3	methyl-CpG binding domain protein 3
210624_s_at	0.64431259	5.34e-01	0.6339942	-6.48235	0.04743483	ILVBL	ilvB acetolactate synthase like
205019_s_at	0.64432089	5.34e-01	-0.6338679	-6.48243	-0.03732289	VIPR1	vasoactive intestinal peptide receptor 1
205517_at	0.64432563	5.34e-01	-0.6337462	-6.48251	-0.02306665	GATA4	GATA binding protein 4
205910_s_at	0.64459481	5.35e-01	-0.6332074	-6.48286	-0.0358171	CEL	carboxyl ester lipase
206326_at	0.64459481	5.35e-01	0.6331655	-6.48289	0.03204236	GRP	gastrin releasing peptide
220185_at	0.64483469	5.35e-01	0.6327383	-6.48316	0.02624853	SPTBN4	spectrin beta, non-erythrocytic 4
217315_s_at	0.64485842	5.35e-01	0.6325919	-6.48326	0.02206699	KLK13	kallikrein related peptidase 13
206588_at	0.64536807	5.35e-01	-0.6318143	-6.48376	-0.02311737	DAZL	deleted in azoospermia like
214567_s_at	0.64544288	5.36e-01	-0.6315143	-6.48395	-0.02341716	XCL2///XCL1	X-C motif chemokine ligand 2///X-C motif chemokine ligand 1
204193_at	0.64544288	5.36e-01	0.6314861	-6.48397	0.03071567	CHKB	choline kinase beta
220180_at	0.64546582	5.36e-01	-0.6313408	-6.48406	-0.03012373	CCDC68	coiled-coil domain containing 68
205013_s_at	0.64548316	5.36e-01	-0.6311836	-6.48416	-0.03714078	SPECC1L-ADORA2A///ADORA2A	SPECC1L-ADORA2A readthrough (NMD candidate)///adenosine A2a receptor
206756_at	0.64548316	5.36e-01	0.6310873	-6.48422	0.03099088	CHST7	carbohydrate sulfotransferase 7
218132_s_at	0.64572085	5.36e-01	0.630663	-6.4845	0.04287359	TSEN34	tRNA splicing endonuclease subunit 34
206235_at	0.6458525	5.36e-01	0.6303765	-6.48468	0.03854954	LIG4	DNA ligase 4
205189_s_at	0.6460494	5.37e-01	0.6299916	-6.48493	0.03428474	FANCC	Fanconi anemia complementation group C
204015_s_at	0.6460494	5.37e-01	-0.6298898	-6.48499	-0.04306903	DUSP4	dual specificity phosphatase 4
203683_s_at	0.64638619	5.37e-01	-0.6293369	-6.48534	-0.05610784	VEGFB	vascular endothelial growth factor B
204862_s_at	0.64686513	5.38e-01	0.6285995	-6.48582	0.03197295	NME3	NME/NM23 nucleoside diphosphate kinase 3
91920_at	0.64688831	5.38e-01	-0.6284538	-6.48591	-0.0237176	BCAN	brevican
206068_s_at	0.64691946	5.38e-01	-0.6282979	-6.48601	-0.02944113	ACADL	acyl-CoA dehydrogenase, long chain
209058_at	0.64722342	5.38e-01	0.6276772	-6.48641	0.03283158	EDF1	endothelial differentiation related factor 1
205688_at	0.64722342	5.38e-01	0.6276722	-6.48641	0.03032778	TFAP4	transcription factor AP-4
209565_at	0.6478823	5.39e-01	0.6267015	-6.48703	0.04194979	RNF113A	ring finger protein 113A
205483_s_at	0.64846896	5.39e-01	-0.6257508	-6.48763	-0.08598779	ISG15	ISG15 ubiquitin-like modifier
205766_at	0.64846896	5.39e-01	-0.6257093	-6.48766	-0.031622	TCAP	titin-cap
220771_at	0.64903476	5.40e-01	0.62486	-6.4882	0.02467148	LINC00328	long intergenic non-protein coding RNA 328
220811_at	0.64934349	5.40e-01	0.6243441	-6.48853	0.03378059	PRG3	proteoglycan 3, pro eosinophil major basic protein 2
216215_s_at	0.64982377	5.41e-01	0.623606	-6.489	0.02607273	RBFOX2	RNA binding protein, fox-1 homolog 2
219962_at	0.64985618	5.41e-01	-0.6234483	-6.4891	-0.02214375	ACE2	angiotensin I converting enzyme 2
206450_at	0.6499119	5.41e-01	-0.623192	-6.48926	-0.02418526	DBH	dopamine beta-hydroxylase
207272_at	0.6499119	5.41e-01	-0.623046	-6.48935	-0.03178699	ZNF80	zinc finger protein 80
204124_at	0.6499119	5.41e-01	0.623029	-6.48936	0.03873607	SLC34A2	solute carrier family 34 member 2
204632_at	0.64997469	5.41e-01	-0.6227274	-6.48955	-0.04791927	RPS6KA4	ribosomal protein S6 kinase A4
209215_at	0.64997469	5.41e-01	0.6227163	-6.48956	0.07264505	MFSD10	major facilitator superfamily domain containing 10
202283_at	0.65001954	5.41e-01	-0.6225426	-6.48967	-0.05924704	SERPINF1	serpin family F member 1
208312_s_at	0.6500287	5.42e-01	-0.622415	-6.48975	-0.03748222	PRAMEF2///PRAMEF1	PRAME family member 2///PRAME family member 1
206128_at	0.65026527	5.42e-01	-0.6219928	-6.49002	-0.02277223	ADRA2C	adrenoceptor alpha 2C
205786_s_at	0.650653	5.42e-01	0.6213049	-6.49045	0.08576519	ITGAM	integrin subunit alpha M
206932_at	0.650653	5.42e-01	-0.6211476	-6.49055	-0.0248691	CH25H	cholesterol 25-hydroxylase
205728_at	0.650653	5.42e-01	-0.6211433	-6.49056	-0.02939078	TENM1	teneurin transmembrane protein 1
205809_s_at	0.65094956	5.43e-01	-0.6206434	-6.49087	-0.03230791	WASL	Wiskott-Aldrich syndrome like
207112_s_at	0.65134298	5.43e-01	0.620018	-6.49127	0.03981474	GAB1	GRB2 associated binding protein 1
208223_s_at	0.65135363	5.43e-01	-0.6198885	-6.49135	-0.03223763	ACVR1B	activin A receptor type 1B
160020_at	0.65151668	5.43e-01	-0.6195617	-6.49155	-0.02089692	MMP14	matrix metallopeptidase 14
204610_s_at	0.65161281	5.44e-01	0.6193214	-6.49171	0.04886114	CCDC85B	coiled-coil domain containing 85B
220422_at	0.65283427	5.45e-01	-0.6176107	-6.49278	-0.02660868	UBQLN3	ubiquilin 3
203547_at	0.65283427	5.45e-01	0.6175086	-6.49285	0.05586596	CD4	CD4 molecule
208060_at	0.65306084	5.45e-01	-0.6170552	-6.49313	-0.02742423	PAX7	paired box 7
202332_at	0.65306084	5.45e-01	-0.6169838	-6.49318	-0.04450348	LOC400927-CSNK1E///CSNK1E	LOC400927-CSNK1E readthrough///casein kinase 1 epsilon
208133_at	0.6534059	5.45e-01	-0.6164216	-6.49353	-0.02875583	RFC1	replication factor C subunit 1
214441_at	0.65344803	5.45e-01	0.6162513	-6.49364	0.02524709	STX6	syntaxin 6
209173_at	0.65370049	5.46e-01	-0.6158089	-6.49391	-0.02495843	AGR2	anterior gradient 2, protein disulphide isomerase family member
206483_at	0.65371757	5.46e-01	-0.6156177	-6.49403	-0.02689544	LRRC6	leucine rich repeat containing 6
205283_at	0.65371757	5.46e-01	-0.6155552	-6.49407	-0.01993418	FKTN	fukutin
211795_s_at	0.65382335	5.46e-01	-0.6153025	-6.49423	-0.06072209	FYB	FYN binding protein
206349_at	0.65382498	5.46e-01	-0.6151847	-6.49431	-0.02968369	LGI1	leucine rich glioma inactivated 1
207049_at	0.65415108	5.47e-01	-0.6146301	-6.49465	-0.02490474	SCN8A	sodium voltage-gated channel alpha subunit 8
210274_at	0.65415108	5.47e-01	-0.6145312	-6.49471	-0.02486258	MAGEA8	MAGE family member A8
201087_at	0.6546634	5.47e-01	-0.6137528	-6.4952	-0.04081897	PXN	paxillin
206295_at	0.65502578	5.47e-01	0.6131684	-6.49557	0.05219045	IL18	interleukin 18
218479_s_at	0.65553865	5.48e-01	0.6123896	-6.49605	0.02867763	XPO4	exportin 4
205792_at	0.65571869	5.48e-01	0.6120411	-6.49627	0.02394802	WISP2	WNT1 inducible signaling pathway protein 2
220505_at	0.65573416	5.48e-01	-0.6119052	-6.49635	-0.02198089	CDKN2A-AS1	CDKN2A antisense RNA 1 (head to head)
204259_at	0.65575152	5.48e-01	-0.6117669	-6.49644	-0.02390604	MMP7	matrix metallopeptidase 7
221165_s_at	0.65638898	5.49e-01	-0.6108273	-6.49702	-0.02439134	IL22	interleukin 22
214177_s_at	0.65695443	5.50e-01	-0.6099811	-6.49755	-0.05819752	PBXIP1	PBX homeobox interacting protein 1
208514_at	0.65765889	5.50e-01	0.6089557	-6.49819	0.02175105	KCNE1	potassium voltage-gated channel subfamily E regulatory subunit 1
221368_at	0.65771773	5.50e-01	-0.6087637	-6.49831	-0.02237402	NEU2	neuraminidase 2
210688_s_at	0.6581325	5.51e-01	0.6081125	-6.49871	0.02694627	CPT1A	carnitine palmitoyltransferase 1A
210408_s_at	0.65874788	5.51e-01	0.6072026	-6.49927	0.03212962	CPNE6	copine 6
40446_at	0.65877513	5.51e-01	0.6070514	-6.49937	0.03026591	PHF1	PHD finger protein 1
214655_at	0.65887844	5.52e-01	-0.6067148	-6.49957	-0.02798167	GPR6	G protein-coupled receptor 6
210415_s_at	0.65887844	5.52e-01	0.606686	-6.49959	0.03860338	ODF2	outer dense fiber of sperm tails 2
211551_at	0.65929642	5.52e-01	-0.6059917	-6.50002	-0.02312177	EGFR	epidermal growth factor receptor
219005_at	0.65929642	5.52e-01	0.6059148	-6.50007	0.02785674	TMEM59L	transmembrane protein 59 like
220660_at	0.65931001	5.52e-01	-0.6057812	-6.50015	-0.02975451	LINC00474	long intergenic non-protein coding RNA 474
214683_s_at	0.65946957	5.52e-01	0.6054594	-6.50035	0.0901635	CLK1	CDC like kinase 1
221447_s_at	0.6608413	5.54e-01	-0.6035753	-6.50151	-0.02869726	GLT8D2	glycosyltransferase 8 domain containing 2
218985_at	0.66095938	5.54e-01	-0.603307	-6.50167	-0.01861684	SLC2A8	solute carrier family 2 member 8
204425_at	0.66144557	5.54e-01	0.6025646	-6.50213	0.05637165	ARHGAP4	Rho GTPase activating protein 4
206301_at	0.66224913	5.55e-01	0.6014139	-6.50284	0.04087468	TEC	tec protein tyrosine kinase
220794_at	0.66267637	5.56e-01	-0.600646	-6.50331	-0.02734145	GREM2	gremlin 2, DAN family BMP antagonist
205326_at	0.66267637	5.56e-01	-0.6006316	-6.50332	-0.03052999	RAMP3	receptor (G protein-coupled) activity modifying protein 3
217802_s_at	0.66278871	5.56e-01	0.6003708	-6.50348	0.09158742	NUCKS1	nuclear casein kinase and cyclin dependent kinase substrate 1
204677_at	0.66284646	5.56e-01	0.6001802	-6.50359	0.02392448	CDH5	cadherin 5
214555_at	0.66361517	5.57e-01	0.599075	-6.50427	0.01834922	SSTR5	somatostatin receptor 5
204693_at	0.66383912	5.57e-01	-0.5986707	-6.50451	-0.0245332	CDC42EP1	CDC42 effector protein 1
214348_at	0.66472562	5.58e-01	-0.5973129	-6.50534	-0.01815267	TACR2	tachykinin receptor 2
204573_at	0.66472562	5.58e-01	-0.5972545	-6.50538	-0.03936572	CROT	carnitine O-octanoyltransferase
202328_s_at	0.66472562	5.58e-01	0.597182	-6.50542	0.03250188	LOC101930075///PKD1	polycystin-1-like///polycystin 1, transient receptor potential channel interacting
203515_s_at	0.66473441	5.58e-01	0.5970543	-6.5055	0.0431001	PMVK	phosphomevalonate kinase
204533_at	0.66505743	5.58e-01	-0.5964127	-6.50589	-0.0261588	CXCL10	C-X-C motif chemokine ligand 10
204991_s_at	0.66505743	5.58e-01	0.5962709	-6.50597	0.03242281	NF2	neurofibromin 2
206784_at	0.66505743	5.58e-01	0.5962248	-6.506	0.02251859	AQP8	aquaporin 8
211807_x_at	0.66505743	5.59e-01	-0.5961736	-6.50603	-0.03130264	PCDHGB5	protocadherin gamma subfamily B, 5
208529_at	0.6653085	5.59e-01	0.5957345	-6.5063	0.03163742	BTF3P11	basic transcription factor 3 pseudogene 11
201998_at	0.66534549	5.59e-01	0.5955706	-6.5064	0.04263735	ST6GAL1	ST6 beta-galactoside alpha-2,6-sialyltransferase 1
221412_at	0.66621029	5.60e-01	-0.5943432	-6.50714	-0.02398799	VN1R1	vomeronasal 1 receptor 1
208329_at	0.66634012	5.60e-01	-0.59406	-6.50732	-0.02404416	PBOV1	prostate and breast cancer overexpressed 1
206336_at	0.66641213	5.60e-01	-0.593851	-6.50744	-0.0273454	CXCL6	C-X-C motif chemokine ligand 6
212416_at	0.66690654	5.61e-01	0.5930997	-6.5079	0.03406012	SCAMP1	secretory carrier membrane protein 1
206463_s_at	0.66735745	5.61e-01	-0.5924044	-6.50832	-0.02377895	DHRS2	dehydrogenase/reductase 2
203303_at	0.6674913	5.61e-01	-0.5920217	-6.50855	-0.03581927	DYNLT3	dynein light chain Tctex-type 3
207055_at	0.6674913	5.61e-01	-0.5918895	-6.50863	-0.02957096	GPR37L1	G protein-coupled receptor 37 like 1
211903_s_at	0.6674913	5.61e-01	-0.5918831	-6.50863	-0.0354791	MPL	MPL proto-oncogene, thrombopoietin receptor
206541_at	0.6679335	5.62e-01	0.591199	-6.50904	0.01869713	KLKB1	kallikrein B1
207375_s_at	0.66815318	5.62e-01	-0.5906295	-6.50939	-0.0365143	IL15RA	interleukin 15 receptor subunit alpha
200783_s_at	0.66815318	5.62e-01	0.5905877	-6.50941	0.05619362	STMN1	stathmin 1
214546_s_at	0.66815318	5.62e-01	0.5905675	-6.50943	0.02114479	PPAN-P2RY11///P2RY11	PPAN-P2RY11 readthrough///purinergic receptor P2Y11
207406_at	0.66838368	5.62e-01	0.5901025	-6.50971	0.03306165	CYP7A1	cytochrome P450 family 7 subfamily A member 1
211167_s_at	0.66838368	5.63e-01	-0.5900387	-6.50974	-0.02204947	GCK	glucokinase
207644_at	0.66845434	5.63e-01	-0.5898315	-6.50987	-0.01861371	FOXH1	forkhead box H1
208335_s_at	0.66861396	5.63e-01	0.5894595	-6.51009	0.02048411	ACKR1	atypical chemokine receptor 1 (Duffy blood group)
219937_at	0.66861396	5.63e-01	0.5893798	-6.51014	0.04065372	TRHDE	thyrotropin releasing hormone degrading enzyme
220697_at	0.66861396	5.63e-01	-0.5892772	-6.5102	-0.02971727		
204264_at	0.66871546	5.63e-01	-0.5890304	-6.51035	-0.03231171	CPT2	carnitine palmitoyltransferase 2
205712_at	0.66880879	5.63e-01	-0.5887941	-6.51049	-0.0351547	PTPRD	protein tyrosine phosphatase, receptor type D
206144_at	0.66929967	5.64e-01	-0.5880477	-6.51094	-0.03080077	MAGI1	membrane associated guanylate kinase, WW and PDZ domain containing 1
200013_at	0.6698328	5.64e-01	-0.5872319	-6.51143	-0.0363133	RPL24	ribosomal protein L24
202282_at	0.6698328	5.65e-01	0.5870403	-6.51154	0.04924869	HSD17B10	hydroxysteroid 17-beta dehydrogenase 10
206279_at	0.6698328	5.65e-01	-0.5870142	-6.51156	-0.0439722	PRKY	protein kinase, Y-linked, pseudogene
204630_s_at	0.66991826	5.65e-01	0.5867881	-6.51169	0.04727104	GOSR1	golgi SNAP receptor complex member 1
206289_at	0.67008088	5.65e-01	-0.5864629	-6.51189	-0.02109889	HOXA4	homeobox A4
219304_s_at	0.6703084	5.65e-01	0.5860546	-6.51213	0.06111436	PDGFD	platelet derived growth factor D
200629_at	0.67034876	5.65e-01	0.5858863	-6.51223	0.05438627	WARS	tryptophanyl-tRNA synthetase
215889_at	0.67063496	5.66e-01	-0.5854027	-6.51252	-0.0283017	SKIL	SKI-like proto-oncogene
200074_s_at	0.6707345	5.66e-01	0.5851585	-6.51267	0.03299605	RPL14	ribosomal protein L14
208416_s_at	0.67082785	5.66e-01	0.5849222	-6.51281	0.03097458	SPTB	spectrin beta, erythrocytic
218629_at	0.67157222	5.67e-01	-0.5838514	-6.51345	-0.03470542	SMO	smoothened, frizzled class receptor
202022_at	0.67162714	5.67e-01	-0.5836644	-6.51356	-0.0289848	ALDOC	aldolase, fructose-bisphosphate C
209034_at	0.67183338	5.67e-01	-0.5832835	-6.51379	-0.05697452	PNRC1	proline rich nuclear receptor coactivator 1
213345_at	0.67204409	5.67e-01	-0.5828968	-6.51402	-0.02278696	NFATC4	nuclear factor of activated T-cells 4
210882_s_at	0.67217839	5.67e-01	0.5825489	-6.51422	0.03384818	TRO	trophinin
206945_at	0.67217839	5.68e-01	-0.5824914	-6.51426	-0.02232969	LCT	lactase
210981_s_at	0.67234949	5.68e-01	-0.5821556	-6.51446	-0.02682067	GRK6	G protein-coupled receptor kinase 6
206957_at	0.6725016	5.68e-01	-0.581844	-6.51464	-0.02744704	AGXT	alanine-glyoxylate aminotransferase
209714_s_at	0.67254088	5.68e-01	0.581677	-6.51474	0.09306812	CDKN3	cyclin dependent kinase inhibitor 3
205825_at	0.67256523	5.68e-01	0.5815292	-6.51483	0.02681085	PCSK1	proprotein convertase subtilisin/kexin type 1
207118_s_at	0.67267662	5.68e-01	-0.5812698	-6.51498	-0.02159627	MMP23A///MMP23B	matrix metallopeptidase 23A (pseudogene)///matrix metallopeptidase 23B
206394_at	0.67333034	5.69e-01	-0.5802622	-6.51558	-0.0234159	MYBPC2	myosin binding protein C, fast type
214637_at	0.67333034	5.69e-01	0.5801991	-6.51562	0.09882045	OSM	oncostatin M
202818_s_at	0.67351259	5.69e-01	-0.579849	-6.51582	-0.0353975	TCEB3	transcription elongation factor B subunit 3
209807_s_at	0.67503385	5.71e-01	0.577785	-6.51704	0.02579207	NFIX	nuclear factor I X
217867_x_at	0.6755081	5.71e-01	-0.5770101	-6.5175	-0.05615108	BACE2	beta-site APP-cleaving enzyme 2
211474_s_at	0.6755081	5.71e-01	0.5769447	-6.51754	0.0916258	SERPINB6	serpin family B member 6
211538_s_at	0.67569792	5.71e-01	-0.5765851	-6.51775	-0.03911985	HSPA2	heat shock protein family A (Hsp70) member 2
209803_s_at	0.67586006	5.72e-01	-0.5761861	-6.51798	-0.02712047	PHLDA2	pleckstrin homology like domain family A member 2
203458_at	0.67586006	5.72e-01	-0.5761441	-6.51801	-0.02219561	SPR	sepiapterin reductase (7,8-dihydrobiopterin:NADP+ oxidoreductase)
218609_s_at	0.67612167	5.72e-01	0.5756927	-6.51827	0.0387789	NUDT2	nudix hydrolase 2
205681_at	0.6761863	5.72e-01	0.5754932	-6.51839	0.11097885	BCL2A1	BCL2 related protein A1
35820_at	0.67626913	5.72e-01	0.5752704	-6.51852	0.03552026	GM2A	GM2 ganglioside activator
207562_at	0.67654527	5.73e-01	-0.5748005	-6.5188	-0.01927702	DGKQ	diacylglycerol kinase theta
207987_s_at	0.67748433	5.73e-01	-0.5734833	-6.51957	-0.02436258	GNRH1	gonadotropin releasing hormone 1
205294_at	0.67763936	5.74e-01	0.5730196	-6.51984	0.0250998	BAIAP2	BAI1 associated protein 2
202178_at	0.67763936	5.74e-01	-0.572953	-6.51988	-0.05450165	PRKCZ	protein kinase C zeta
206607_at	0.67763936	5.74e-01	0.5729345	-6.51989	0.02471986	CBL	Cbl proto-oncogene
202947_s_at	0.67795615	5.74e-01	0.5724128	-6.5202	0.06728885	GYPC	glycophorin C (Gerbich blood group)
211570_s_at	0.67927509	5.75e-01	0.570575	-6.52127	0.02389716	RAPSN	receptor associated protein of the synapse
202008_s_at	0.67927509	5.75e-01	-0.570478	-6.52132	-0.02212275	NID1	nidogen 1
214584_x_at	0.67927509	5.76e-01	-0.5703774	-6.52138	-0.02141126	ACACB	acetyl-CoA carboxylase beta
206073_at	0.67961494	5.76e-01	-0.5698265	-6.5217	-0.02872448	COLQ	collagen like tail subunit of asymmetric acetylcholinesterase
221563_at	0.67964144	5.76e-01	0.5696757	-6.52179	0.09410653	DUSP10	dual specificity phosphatase 10
207096_at	0.68007362	5.76e-01	0.5689425	-6.52222	0.02020775	SAA2-SAA4///SAA4	SAA2-SAA4 readthrough///serum amyloid A4, constitutive
206268_at	0.68007362	5.76e-01	-0.56889	-6.52225	-0.02012329	LEFTY1	left-right determination factor 1
204543_at	0.68013556	5.77e-01	-0.5686939	-6.52236	-0.02837061	RAPGEF1	Rap guanine nucleotide exchange factor 1
205328_at	0.68045701	5.77e-01	-0.5681666	-6.52267	-0.08573188	CLDN10	claudin 10
204144_s_at	0.68053529	5.77e-01	0.5679497	-6.52279	0.02742417	PIGQ	phosphatidylinositol glycan anchor biosynthesis class Q
201812_s_at	0.68125494	5.78e-01	0.5669145	-6.52339	0.04271538	C4orf46///TOMM7	chromosome 4 open reading frame 46///translocase of outer mitochondrial membrane 7
200825_s_at	0.68209582	5.79e-01	0.5657252	-6.52408	0.10566736	HYOU1	hypoxia up-regulated 1
203126_at	0.68225195	5.79e-01	-0.565409	-6.52426	-0.05949084	IMPA2	inositol monophosphatase 2
221457_s_at	0.68272195	5.79e-01	-0.5646929	-6.52468	-0.02104745	BTNL2	butyrophilin like 2
205489_at	0.68288355	5.80e-01	-0.5643697	-6.52486	-0.02354316	CRYM	crystallin mu
202468_s_at	0.68305906	5.80e-01	0.5639774	-6.52509	0.0766575	CTNNAL1	catenin alpha like 1
210163_at	0.68305906	5.80e-01	-0.5639116	-6.52513	-0.02629697	CXCL11	C-X-C motif chemokine ligand 11
203700_s_at	0.68348458	5.80e-01	0.5632523	-6.52551	0.02001633	DIO2	deiodinase, iodothyronine, type II
202432_at	0.68366264	5.80e-01	0.5629082	-6.52571	0.03804067	PPP3CB	protein phosphatase 3 catalytic subunit beta
221089_at	0.68371105	5.81e-01	0.5627293	-6.52581	0.03353159	NOX3	NADPH oxidase 3
207497_s_at	0.68401475	5.81e-01	0.5622252	-6.5261	0.09036742	MS4A2	membrane spanning 4-domains A2
200921_s_at	0.68414348	5.81e-01	-0.561944	-6.52626	-0.11133249	BTG1	BTG anti-proliferation factor 1
214224_s_at	0.68419752	5.81e-01	0.5617579	-6.52637	0.05490465	PIN4	peptidylprolyl cis/trans isomerase, NIMA-interacting 4
205281_s_at	0.68424803	5.81e-01	0.5614333	-6.52655	0.03991054	PIGA	phosphatidylinositol glycan anchor biosynthesis class A
206516_at	0.68424803	5.82e-01	-0.5613629	-6.52659	-0.02710745	MIR4321///AMH	microRNA 4321///anti-Mullerian hormone
202348_s_at	0.68424803	5.82e-01	-0.5613417	-6.52661	-0.0555972	TOR1A	torsin family 1 member A
204958_at	0.68432372	5.82e-01	0.5611281	-6.52673	0.02721741	PLK3	polo like kinase 3
203575_at	0.68481881	5.82e-01	0.5603369	-6.52718	0.03633829	CSNK2A2	casein kinase 2 alpha 2
204775_at	0.68481881	5.82e-01	0.560263	-6.52722	0.03208863	CHAF1B	chromatin assembly factor 1 subunit B
205399_at	0.68506677	5.83e-01	-0.5598299	-6.52747	-0.02679224	DCLK1	doublecortin like kinase 1
209622_at	0.68551792	5.83e-01	-0.5591382	-6.52787	-0.03769352	STK16	serine/threonine kinase 16
214517_at	0.68570964	5.83e-01	0.5587768	-6.52807	0.01729484	KRTAP5-9	keratin associated protein 5-9
206234_s_at	0.68651753	5.84e-01	-0.5576314	-6.52873	-0.02362678	MMP17	matrix metallopeptidase 17
204004_at	0.68699892	5.85e-01	0.5568627	-6.52916	0.07012882	PAWR	pro-apoptotic WT1 regulator
212118_at	0.68699892	5.85e-01	0.5567842	-6.52921	0.06014397	TRIM27	tripartite motif containing 27
221461_at	0.68736009	5.85e-01	-0.5561989	-6.52954	-0.02114822	TAS2R9	taste 2 receptor member 9
217830_s_at	0.68736009	5.85e-01	-0.55609	-6.5296	-0.03250258	NSFL1C	NSFL1 cofactor
211397_x_at	0.68740642	5.85e-01	-0.5559136	-6.5297	-0.02496075	KIR2DL2	killer cell immunoglobulin like receptor, two Ig domains and long cytoplasmic tail 2
218740_s_at	0.68779362	5.86e-01	0.5553038	-6.53005	0.03347119	CDK5RAP3	CDK5 regulatory subunit associated protein 3
208271_at	0.68780245	5.86e-01	-0.5551751	-6.53012	-0.0201642	PAPOLB	poly(A) polymerase beta
203123_s_at	0.68814736	5.86e-01	0.5546191	-6.53044	0.03838475	SLC11A2	solute carrier family 11 member 2
206153_at	0.68854465	5.86e-01	-0.5539965	-6.53079	-0.02210817	CYP4F11	cytochrome P450 family 4 subfamily F member 11
208477_at	0.68879003	5.87e-01	-0.5535672	-6.53103	-0.02513831	KCNC1	potassium voltage-gated channel subfamily C member 1
207027_at	0.68893523	5.87e-01	0.5532651	-6.5312	0.02797295	HGFAC	HGF activator
220966_x_at	0.68922709	5.87e-01	0.5527767	-6.53148	0.04710467	ARPC5L	actin related protein 2/3 complex subunit 5 like
205578_at	0.68931706	5.87e-01	0.5525448	-6.53161	0.01901591	ROR2	receptor tyrosine kinase like orphan receptor 2
207670_at	0.68936971	5.88e-01	-0.5523604	-6.53172	-0.01923805	KRT85	keratin 85
221404_at	0.68947813	5.88e-01	-0.5521051	-6.53186	-0.03014359	IL36A	interleukin 36, alpha
210850_s_at	0.69061266	5.89e-01	-0.5505464	-6.53274	-0.03484305	ELK1	ELK1, ETS transcription factor
210753_s_at	0.69088628	5.89e-01	-0.5498828	-6.53311	-0.03026059	EPHB1	EPH receptor B1
205211_s_at	0.69088628	5.89e-01	0.5498587	-6.53313	0.02732969	RIN1	Ras and Rab interactor 1
220566_at	0.69088628	5.89e-01	0.5497893	-6.53316	0.0227014	PIK3R5	phosphoinositide-3-kinase regulatory subunit 5
200962_at	0.69088628	5.89e-01	-0.5496219	-6.53326	-0.11835868	RPL31	ribosomal protein L31
204712_at	0.69088628	5.89e-01	0.5496109	-6.53326	0.02656545	WIF1	WNT inhibitory factor 1
209270_at	0.691149	5.90e-01	0.5491596	-6.53352	0.01835718	LAMB3	laminin subunit beta 3
205724_at	0.69148024	5.90e-01	-0.5486214	-6.53382	-0.02515294	PKP1	plakophilin 1
205271_s_at	0.69169945	5.90e-01	-0.5481213	-6.5341	-0.01970829	CDK20	cyclin dependent kinase 20
209458_x_at	0.69169945	5.90e-01	0.5481079	-6.53411	0.27922147	HBA2///HBA1	hemoglobin subunit alpha 2///hemoglobin subunit alpha 1
200923_at	0.69199215	5.91e-01	0.5475575	-6.53442	0.09863576	LGALS3BP	galectin 3 binding protein
202530_at	0.69199215	5.91e-01	-0.547501	-6.53445	-0.04300818	MAPK14	mitogen-activated protein kinase 14
206587_at	0.69241394	5.91e-01	-0.5468393	-6.53482	-0.0255002	CCT6B	chaperonin containing TCP1 subunit 6B
121_at	0.69241394	5.91e-01	0.5467303	-6.53488	0.02473829	PAX8	paired box 8
207925_at	0.69288697	5.92e-01	-0.5460123	-6.53528	-0.02273197	CST5	cystatin D
206343_s_at	0.69308404	5.92e-01	0.5455761	-6.53552	0.01924183	NRG1	neuregulin 1
220545_s_at	0.69308404	5.92e-01	-0.5455269	-6.53555	-0.0212381	TSKS	testis specific serine kinase substrate
205214_at	0.69324925	5.92e-01	-0.5451784	-6.53575	-0.20162902	STK17B	serine/threonine kinase 17b
202466_at	0.69324925	5.92e-01	-0.5450818	-6.5358	-0.044963	PAPD7	poly(A) RNA polymerase D7, non-canonical
37996_s_at	0.69343161	5.93e-01	0.5447327	-6.53599	0.01941515	DMPK	dystrophia myotonica protein kinase
210888_s_at	0.6940104	5.93e-01	0.5438808	-6.53647	0.02224648	ITIH1	inter-alpha-trypsin inhibitor heavy chain 1
204826_at	0.69426975	5.94e-01	0.5434341	-6.53672	0.03870471	CCNF	cyclin F
220567_at	0.69468411	5.94e-01	-0.5427909	-6.53707	-0.01805497	IKZF2	IKAROS family zinc finger 2
218287_s_at	0.69484974	5.94e-01	-0.5424631	-6.53726	-0.03066487	AGO1	argonaute 1, RISC catalytic component
209295_at	0.69492729	5.94e-01	0.5422469	-6.53738	0.07072862	TNFRSF10B	TNF receptor superfamily member 10b
222216_s_at	0.69501146	5.94e-01	0.5420224	-6.5375	0.04686337	MRPL17	mitochondrial ribosomal protein L17
200661_at	0.69581957	5.95e-01	0.5408803	-6.53813	0.0441116	CTSA	cathepsin A
208500_x_at	0.69609291	5.96e-01	0.540416	-6.53839	0.01912464	FOXD3	forkhead box D3
202962_at	0.69679513	5.96e-01	-0.5394086	-6.53895	-0.02448288	KIF13B	kinesin family member 13B
206335_at	0.69706413	5.97e-01	-0.5389499	-6.5392	-0.03726172	GALNS	galactosamine (N-acetyl)-6-sulfatase
204682_at	0.69747923	5.97e-01	-0.5382708	-6.53957	-0.02716082	LTBP2	latent transforming growth factor beta binding protein 2
218555_at	0.69747923	5.97e-01	-0.5380832	-6.53968	-0.02360216	ANAPC2	anaphase promoting complex subunit 2
214540_at	0.69747923	5.97e-01	-0.5380705	-6.53968	-0.029951	HIST1H2BO	histone cluster 1, H2bo
203153_at	0.69774815	5.97e-01	-0.537612	-6.53994	-0.04650303	IFIT1	interferon induced protein with tetratricopeptide repeats 1
207658_s_at	0.69783642	5.98e-01	0.5373823	-6.54006	0.01638508	FOXG1	forkhead box G1
219797_at	0.69859429	5.98e-01	-0.536305	-6.54065	-0.02204827	MGAT4A	mannosyl (alpha-1,3-)-glycoprotein beta-1,4-N-acetylglucosaminyltransferase, isozyme A
214417_s_at	0.69885959	5.99e-01	0.5357789	-6.54094	0.02278578	FETUB	fetuin B
207505_at	0.69885959	5.99e-01	-0.5356018	-6.54104	-0.04727371	PRKG2	protein kinase, cGMP-dependent, type II
216617_s_at	0.69885959	5.99e-01	-0.5355807	-6.54105	-0.02747945	MAG	myelin associated glycoprotein
1487_at	0.69885959	5.99e-01	-0.5354971	-6.5411	-0.0181833	ESRRA	estrogen related receptor alpha
205034_at	0.69888347	5.99e-01	0.5353489	-6.54118	0.0650737	CCNE2	cyclin E2
205559_s_at	0.69898203	5.99e-01	-0.5350201	-6.54136	-0.03219771	PCSK5	proprotein convertase subtilisin/kexin type 5
219322_s_at	0.69898203	5.99e-01	0.5349881	-6.54137	0.03446061	WRAP73	WD repeat containing, antisense to TP73
207176_s_at	0.69908313	5.99e-01	0.5347422	-6.54151	0.02404919	CD80	CD80 molecule
207951_at	0.69937499	6.00e-01	-0.5342547	-6.54178	-0.02182315	CSN2	casein beta
36742_at	0.69961763	6.00e-01	0.5338296	-6.54201	0.01885007	TRIM15	tripartite motif containing 15
206744_s_at	0.69982074	6.00e-01	0.5334546	-6.54221	0.02476461	ZMYM5	zinc finger MYM-type containing 5
214033_at	0.6998741	6.00e-01	-0.533234	-6.54233	-0.05197767	LOC101930322///ABCC6P2///ABCC6P1///ABCC6	multidrug resistance-associated protein 6-like///ATP binding cassette subfamily C member 6 pseudogene 2///ATP binding cassette subfamily C member 6 pseudogene 1///ATP binding cassette subfamily C member 6
208922_s_at	0.6998741	6.00e-01	0.533151	-6.54238	0.04159732	NXF1	nuclear RNA export factor 1
204689_at	0.70001286	6.01e-01	0.5328574	-6.54254	0.05115675	HHEX	hematopoietically expressed homeobox
40665_at	0.70030532	6.01e-01	-0.5323692	-6.54281	-0.02858903	FMO3	flavin containing monooxygenase 3
201636_at	0.70212675	6.03e-01	0.5299478	-6.54412	0.04466429	FXR1	FMR1 autosomal homolog 1
218360_at	0.70226193	6.03e-01	0.5294786	-6.54438	0.03266986	RAB22A	RAB22A, member RAS oncogene family
220136_s_at	0.70226193	6.03e-01	-0.5294369	-6.5444	-0.01726967	CRYBA2	crystallin beta A2
221369_at	0.70226193	6.03e-01	-0.5294224	-6.54441	-0.02580251	MTNR1A	melatonin receptor 1A
207690_at	0.70229936	6.03e-01	-0.5292569	-6.5445	-0.01926101	ALX3	ALX homeobox 3
206837_at	0.70251794	6.03e-01	-0.5288625	-6.54471	-0.02905439	ALX1	ALX homeobox 1
220207_at	0.70255782	6.04e-01	-0.5286939	-6.5448	-0.02264491	YIF1B	Yip1 interacting factor homolog B, membrane trafficking protein
221123_x_at	0.70269479	6.04e-01	0.5284026	-6.54496	0.04235048	FBXO16///ZNF395	F-box protein 16///zinc finger protein 395
204469_at	0.70272639	6.04e-01	-0.5282444	-6.54504	-0.03180842	PTPRZ1	protein tyrosine phosphatase, receptor type Z1
203602_s_at	0.70332858	6.04e-01	-0.5273652	-6.54552	-0.01990593	ZBTB17	zinc finger and BTB domain containing 17
218523_at	0.70362113	6.05e-01	0.5268773	-6.54578	0.03717724	LHPP	phospholysine phosphohistidine inorganic pyrophosphate phosphatase
207240_s_at	0.70371997	6.05e-01	-0.5266342	-6.54591	-0.02474076	LHCGR	luteinizing hormone/choriogonadotropin receptor
204184_s_at	0.70374249	6.05e-01	-0.5264875	-6.54599	-0.04008438	GRK3	G protein-coupled receptor kinase 3
210956_at	0.70380182	6.05e-01	-0.5262943	-6.5461	-0.02707183	CH17-360D5.1///NPY4R	neuropeptide Y receptor type 4-like///neuropeptide Y receptor Y4
206763_at	0.70402363	6.05e-01	-0.5258959	-6.54631	-0.02299909	FKBP6	FK506 binding protein 6
220821_at	0.70404819	6.06e-01	-0.5257466	-6.54639	-0.02212877	GALR1	galanin receptor 1
221433_at	0.70408456	6.06e-01	-0.525569	-6.54649	-0.02409005	FGF21	fibroblast growth factor 21
219425_at	0.70408456	6.06e-01	-0.5254641	-6.54654	-0.02248245	SULT4A1	sulfotransferase family 4A member 1
203065_s_at	0.70439708	6.06e-01	-0.524951	-6.54682	-0.03152355	CAV1	caveolin 1
214087_s_at	0.70480442	6.06e-01	-0.5243182	-6.54716	-0.02585912	MYBPC1	myosin binding protein C, slow type
203382_s_at	0.70509075	6.07e-01	-0.5238383	-6.54742	-0.1123093	APOE	apolipoprotein E
214562_at	0.70531102	6.07e-01	-0.5234418	-6.54763	-0.02165634	HIST1H4L	histone cluster 1, H4l
218173_s_at	0.70570787	6.08e-01	0.5228224	-6.54796	0.01486222	WHSC1L1	Wolf-Hirschhorn syndrome candidate 1-like 1
207282_s_at	0.70586048	6.08e-01	0.5225114	-6.54813	0.02167988	MYOG	myogenin (myogenic factor 4)
207641_at	0.70595771	6.08e-01	0.5222703	-6.54826	0.02432351	TNFRSF13B	TNF receptor superfamily member 13B
208885_at	0.70678123	6.09e-01	0.5210696	-6.5489	0.06823293	LCP1	lymphocyte cytosolic protein 1
206840_at	0.70678123	6.09e-01	-0.520994	-6.54894	-0.01859993	AFM	afamin
206251_s_at	0.70732932	6.09e-01	-0.5201657	-6.54938	-0.02081012	AVPR1A	arginine vasopressin receptor 1A
207484_s_at	0.70732932	6.09e-01	0.5200578	-6.54944	0.02400913	EHMT2	euchromatic histone lysine methyltransferase 2
210726_at	0.70732932	6.09e-01	-0.5199472	-6.5495	-0.02010843	CYP3A4	cytochrome P450 family 3 subfamily A member 4
214644_at	0.70746987	6.10e-01	-0.5196111	-6.54968	-0.01693316	HIST1H2AK	histone cluster 1, H2ak
221725_at	0.70746987	6.10e-01	0.519533	-6.54972	0.07973258	WASF2	WAS protein family member 2
221062_at	0.70764026	6.10e-01	0.5191995	-6.54989	0.01819355	HS3ST3B1	heparan sulfate-glucosamine 3-sulfotransferase 3B1
205668_at	0.70776474	6.10e-01	-0.5189241	-6.55004	-0.09434576	LY75	lymphocyte antigen 75
212509_s_at	0.70829223	6.11e-01	0.5181401	-6.55046	0.07285296	MXRA7	matrix remodeling associated 7
203882_at	0.70851007	6.11e-01	-0.5177469	-6.55067	-0.06607502	IRF9	interferon regulatory factor 9
207561_s_at	0.70879088	6.11e-01	-0.5172743	-6.55092	-0.01884083	ABCB8///ASIC3	ATP binding cassette subfamily B member 8///acid sensing ion channel subunit 3
219463_at	0.70917925	6.12e-01	-0.516666	-6.55124	-0.02240376	LAMP5	lysosomal associated membrane protein family member 5
207963_at	0.7093092	6.12e-01	-0.5163068	-6.55143	-0.01896471	KIF25-AS1	KIF25 antisense RNA 1
219902_at	0.7093092	6.12e-01	0.5162651	-6.55145	0.01833523	BHMT2	betaine--homocysteine S-methyltransferase 2
204195_s_at	0.70935847	6.12e-01	0.5160845	-6.55155	0.01719128	PKNOX1	PBX/knotted 1 homeobox 1
220972_s_at	0.70948132	6.12e-01	-0.515811	-6.55169	-0.04084524	KRTAP9-9	keratin associated protein 9-9
219185_at	0.70966442	6.13e-01	0.5154616	-6.55187	0.02835661	SIRT5	sirtuin 5
210198_s_at	0.70969483	6.13e-01	-0.5153048	-6.55196	-0.02334754	PLP1	proteolipid protein 1
208283_at	0.70994855	6.13e-01	-0.5148663	-6.55219	-0.03364211	GAGE1	G antigen 1
205107_s_at	0.71013549	6.13e-01	-0.5145121	-6.55238	-0.02871861	EFNA4	ephrin A4
208259_x_at	0.7102545	6.13e-01	0.5142435	-6.55252	0.03114174	IFNA7	interferon alpha 7
206338_at	0.71066753	6.14e-01	0.5136043	-6.55285	0.02503628	ELAVL3	ELAV like neuron-specific RNA binding protein 3
205807_s_at	0.71112561	6.14e-01	0.5128254	-6.55326	0.0327796	TUFT1	tuftelin 1
221097_s_at	0.71112561	6.14e-01	0.5127897	-6.55328	0.01813207	KCNMB2	potassium calcium-activated channel subfamily M regulatory beta subunit 2
220989_s_at	0.71165673	6.15e-01	-0.5120018	-6.5537	-0.01595741	AMN	amnion associated transmembrane protein
209917_s_at	0.71228353	6.16e-01	-0.5110936	-6.55417	-0.03099251	TP53TG1	TP53 target 1 (non-protein coding)
208426_x_at	0.71274387	6.16e-01	0.5101893	-6.55465	0.01840376	KIR2DL4	killer cell immunoglobulin like receptor, two Ig domains and long cytoplasmic tail 4
206444_at	0.71274387	6.16e-01	-0.5101747	-6.55465	-0.0170641	PDE1B	phosphodiesterase 1B
205586_x_at	0.71274387	6.16e-01	0.5101578	-6.55466	0.02321783	VGF	VGF nerve growth factor inducible
202127_at	0.71332505	6.17e-01	0.5093073	-6.55511	0.0452891	PRPF4B	pre-mRNA processing factor 4B
213201_s_at	0.71396743	6.17e-01	0.5083445	-6.55561	0.0292058	TNNT1	troponin T1, slow skeletal type
219515_at	0.71396743	6.17e-01	0.5082611	-6.55565	0.03501345	PRDM10	PR/SET domain 10
217269_s_at	0.71403144	6.18e-01	0.5080618	-6.55576	0.0165094	TMPRSS15	transmembrane protease, serine 15
203781_at	0.71417703	6.18e-01	0.5076476	-6.55597	0.03782	MRPL33	mitochondrial ribosomal protein L33
219603_s_at	0.71417703	6.18e-01	0.507641	-6.55597	0.02861192	ZNF226	zinc finger protein 226
221329_at	0.71419259	6.18e-01	0.5074981	-6.55605	0.01786081	OR52A1	olfactory receptor family 52 subfamily A member 1
214610_at	0.71419259	6.18e-01	-0.5073838	-6.55611	-0.02166945	CYP11B1	cytochrome P450 family 11 subfamily B member 1
203234_at	0.71425622	6.18e-01	0.5071849	-6.55621	0.02314403	UPP1	uridine phosphorylase 1
204982_at	0.71478306	6.19e-01	-0.506403	-6.55662	-0.04289741	GIT2	GIT ArfGAP 2
207107_at	0.71488812	6.19e-01	-0.506152	-6.55675	-0.03570288	RPE65	RPE65, retinoid isomerohydrolase
203912_s_at	0.71536302	6.19e-01	0.5054356	-6.55712	0.02896261	DNASE1L1	deoxyribonuclease 1 like 1
219305_x_at	0.71537347	6.20e-01	-0.5053036	-6.55719	-0.02457202	FBXO2	F-box protein 2
36711_at	0.71622038	6.20e-01	0.5040439	-6.55784	0.15945962	MAFF	MAF bZIP transcription factor F
204856_at	0.71622038	6.20e-01	0.5040004	-6.55786	0.02457932	B3GNT3	UDP-GlcNAc:betaGal beta-1,3-N-acetylglucosaminyltransferase 3
207408_at	0.7172756	6.21e-01	-0.5025548	-6.55861	-0.02039903	SLC22A14	solute carrier family 22 member 14
205170_at	0.71737648	6.22e-01	0.502309	-6.55873	0.02806566	STAT2	signal transducer and activator of transcription 2
32540_at	0.71758742	6.22e-01	0.5019248	-6.55893	0.0207161	PPP3CC	protein phosphatase 3 catalytic subunit gamma
203728_at	0.71782762	6.22e-01	0.5015039	-6.55915	0.02982587	BAK1	BCL2 antagonist/killer 1
210141_s_at	0.71804687	6.22e-01	-0.5011094	-6.55935	-0.02307874	INHA	inhibin alpha subunit
206810_at	0.71829833	6.23e-01	-0.5006744	-6.55957	-0.0171623	LOC101060181///ZNF44	zinc finger protein ZnFP12///zinc finger protein 44
219510_at	0.71834173	6.23e-01	-0.5005008	-6.55966	-0.02691901	POLQ	DNA polymerase theta
206504_at	0.71866764	6.23e-01	0.4999253	-6.55996	0.0249373	CYP24A1	cytochrome P450 family 24 subfamily A member 1
203978_at	0.71866764	6.23e-01	-0.4998532	-6.56	-0.03068201	NUBP1	nucleotide binding protein 1
218445_at	0.71880761	6.23e-01	-0.4995583	-6.56015	-0.04860884	H2AFY2	H2A histone family member Y2
206233_at	0.71880942	6.24e-01	0.499437	-6.56021	0.0598154	B4GALT6	beta-1,4-galactosyltransferase 6
221147_x_at	0.71905227	6.24e-01	0.4990128	-6.56043	0.02868374	WWOX	WW domain containing oxidoreductase
207337_at	0.71935265	6.24e-01	-0.4985033	-6.56069	-0.03039165	CTAG2	cancer/testis antigen 2
203370_s_at	0.71935265	6.24e-01	0.4983972	-6.56074	0.0350392	PDLIM7	PDZ and LIM domain 7
33736_at	0.71966863	6.25e-01	0.4978812	-6.561	0.02292576	STOML1	stomatin like 1
206190_at	0.71982282	6.25e-01	0.4975684	-6.56116	0.02256326	GPR17	G protein-coupled receptor 17
201373_at	0.71992569	6.25e-01	0.4972217	-6.56134	0.02403695	PLEC	plectin
203886_s_at	0.71992569	6.25e-01	0.497201	-6.56135	0.02829948	FBLN2	fibulin 2
217771_at	0.72083689	6.26e-01	-0.4959375	-6.56199	-0.10281614	GOLM1	golgi membrane protein 1
204272_at	0.72155998	6.27e-01	-0.4949105	-6.56252	-0.01765353	LGALS4	galectin 4
218313_s_at	0.72177319	6.27e-01	0.4945237	-6.56271	0.05833042	GALNT7	polypeptide N-acetylgalactosaminyltransferase 7
206891_at	0.72186185	6.27e-01	0.4942932	-6.56283	0.02031303	ACTN3	actinin alpha 3 (gene/pseudogene)
201656_at	0.72195881	6.27e-01	0.4940523	-6.56295	0.03523271	ITGA6	integrin subunit alpha 6
206050_s_at	0.72290754	6.28e-01	0.4927427	-6.56361	0.03621051	RNH1	ribonuclease/angiogenin inhibitor 1
208557_at	0.72299297	6.28e-01	-0.4925162	-6.56373	-0.02202505	HOXA6	homeobox A6
208024_s_at	0.72334368	6.29e-01	0.491957	-6.56401	0.02944545	DGCR6L///DGCR6	DiGeorge syndrome critical region gene 6-like///DiGeorge syndrome critical region gene 6
202943_s_at	0.72375185	6.29e-01	-0.4913257	-6.56433	-0.02811338	NAGA	alpha-N-acetylgalactosaminidase
218205_s_at	0.72447831	6.30e-01	-0.4902956	-6.56485	-0.04403112	MKNK2	MAP kinase interacting serine/threonine kinase 2
213958_at	0.72529676	6.31e-01	0.4891505	-6.56542	0.03466965	CD6	CD6 molecule
200972_at	0.72577472	6.31e-01	-0.4884322	-6.56578	-0.04346491	TSPAN3	tetraspanin 3
207423_s_at	0.72584398	6.31e-01	-0.4881238	-6.56594	-0.01752093	ADAM20	ADAM metallopeptidase domain 20
201005_at	0.72584398	6.31e-01	0.4881064	-6.56595	0.12466183	CD9	CD9 molecule
211410_x_at	0.72592008	6.32e-01	-0.4878916	-6.56605	-0.02838001	KIR2DL5A	killer cell immunoglobulin like receptor, two Ig domains and long cytoplasmic tail 5A
219255_x_at	0.72628965	6.32e-01	0.4873091	-6.56635	0.03234635	IL17RB	interleukin 17 receptor B
200636_s_at	0.72648523	6.32e-01	-0.4869245	-6.56654	-0.06169803	PTPRF	protein tyrosine phosphatase, receptor type F
214652_at	0.72648523	6.32e-01	-0.4868251	-6.56659	-0.0242928	DRD1	dopamine receptor D1
218529_at	0.72672496	6.33e-01	0.4864053	-6.5668	0.02792559	CD320	CD320 molecule
208478_s_at	0.72701065	6.33e-01	0.4859279	-6.56704	0.03693201	BAX	BCL2 associated X, apoptosis regulator
210060_at	0.72704623	6.33e-01	-0.4857638	-6.56712	-0.02417521	PDE6G	phosphodiesterase 6G
203554_x_at	0.72772446	6.34e-01	0.484795	-6.5676	0.06273605	PTTG1	pituitary tumor-transforming 1
204649_at	0.72777345	6.34e-01	0.484614	-6.56769	0.04339997	TROAP	trophinin associated protein
218619_s_at	0.72802178	6.34e-01	-0.4841835	-6.5679	-0.03391312	SUV39H1	suppressor of variegation 3-9 homolog 1
221394_at	0.72827352	6.34e-01	-0.4837472	-6.56812	-0.02237857	TAAR2	trace amine associated receptor 2
220632_s_at	0.72827352	6.35e-01	-0.4836291	-6.56818	-0.02108825	POMT2	protein O-mannosyltransferase 2
205059_s_at	0.72836524	6.35e-01	-0.4833946	-6.5683	-0.02495357	IDUA	iduronidase, alpha-L-
221357_at	0.72917767	6.35e-01	-0.4822581	-6.56886	-0.02072549	CHRM4	cholinergic receptor muscarinic 4
208590_x_at	0.72954999	6.36e-01	0.4816725	-6.56915	0.02346814	GJA3	gap junction protein alpha 3
201754_at	0.72972968	6.36e-01	0.4813062	-6.56933	0.04635032	COX6C	cytochrome c oxidase subunit 6C
201251_at	0.72972968	6.36e-01	0.4811267	-6.56942	0.13895435	PKM	pyruvate kinase, muscle
206230_at	0.72972968	6.36e-01	-0.4810885	-6.56944	-0.0153618	LHX1	LIM homeobox 1
208064_s_at	0.73005503	6.37e-01	-0.4805617	-6.5697	-0.01987891	ST8SIA3	ST8 alpha-N-acetyl-neuraminide alpha-2,8-sialyltransferase 3
219829_at	0.73005833	6.37e-01	-0.4804378	-6.56976	-0.01864662	ITGB1BP2	integrin subunit beta 1 binding protein 2
214461_at	0.73030699	6.37e-01	-0.480007	-6.56997	-0.03301173	LBP	lipopolysaccharide binding protein
208107_s_at	0.73071274	6.37e-01	-0.4793797	-6.57028	-0.04198758	LOC81691	exonuclease NEF-sp
202202_s_at	0.73071798	6.38e-01	-0.4792533	-6.57034	-0.02190959	LAMA4	laminin subunit alpha 4
208154_at	0.73075966	6.38e-01	-0.4790814	-6.57043	-0.03474969		
211567_at	0.73152832	6.38e-01	0.4780002	-6.57096	0.02083658		
207906_at	0.73191882	6.39e-01	0.4773921	-6.57126	0.02291696	IL3	interleukin 3
204641_at	0.73247513	6.39e-01	0.4765768	-6.57165	0.06051631	NEK2	NIMA related kinase 2
203927_at	0.73303064	6.40e-01	-0.4757627	-6.57205	-0.04263613	NFKBIE	NFKB inhibitor epsilon
202140_s_at	0.73312676	6.40e-01	-0.4754792	-6.57219	-0.0188191	CLK3	CDC like kinase 3
218024_at	0.73312676	6.40e-01	0.4754027	-6.57223	0.03123076	MPC1	mitochondrial pyruvate carrier 1
37278_at	0.73318672	6.40e-01	-0.4751106	-6.57237	-0.01761621	TAZ	tafazzin
206094_x_at	0.73318672	6.40e-01	-0.4750878	-6.57238	-0.01938446	UGT1A3///UGT1A1///UGT1A4///UGT1A9///UGT1A5///UGT1A6///UGT1A7///UGT1A8///UGT1A10	UDP glucuronosyltransferase family 1 member A3///UDP glucuronosyltransferase family 1 member A1///UDP glucuronosyltransferase family 1 member A4///UDP glucuronosyltransferase family 1 member A9///UDP glucuronosyltransferase family 1 member A5///UDP glucuronosyltransferase family 1 member A6///UDP glucuronosyltransferase family 1 member A7///UDP glucuronosyltransferase family 1 member A8///UDP glucuronosyltransferase family 1 member A10
214477_at	0.73330369	6.41e-01	-0.4748217	-6.57251	-0.019615	MLLT1	MLLT1, super elongation complex subunit
202405_at	0.73373468	6.41e-01	-0.4741297	-6.57285	-0.02356424	TIAL1	TIA1 cytotoxic granule-associated RNA binding protein-like 1
207865_s_at	0.73373468	6.41e-01	-0.4740432	-6.57289	-0.02776308	BMP8B	bone morphogenetic protein 8b
53076_at	0.73379819	6.41e-01	0.473809	-6.573	0.02073076	B4GALT7	beta-1,4-galactosyltransferase 7
31835_at	0.73379819	6.41e-01	0.4737239	-6.57305	0.01372466	HRG	histidine rich glycoprotein
204457_s_at	0.73391369	6.42e-01	-0.4734596	-6.57317	-0.04203234	GAS1	growth arrest specific 1
206912_at	0.73405142	6.42e-01	-0.4731675	-6.57332	-0.02459223	FOXE1	forkhead box E1
204820_s_at	0.7341456	6.42e-01	-0.4729299	-6.57343	-0.058421	BTN3A2///BTN3A3	butyrophilin subfamily 3 member A2///butyrophilin subfamily 3 member A3
205736_at	0.73433532	6.42e-01	-0.4725728	-6.57361	-0.02171267	PGAM2	phosphoglycerate mutase 2
221260_s_at	0.73483658	6.43e-01	0.4718264	-6.57397	0.03040017	CSRNP2	cysteine and serine rich nuclear protein 2
208516_at	0.73495095	6.43e-01	-0.4715635	-6.57409	-0.01981505	MTNR1B	melatonin receptor 1B
218306_s_at	0.73527422	6.43e-01	0.4710396	-6.57435	0.04402395	HERC1	HECT and RLD domain containing E3 ubiquitin protein ligase family member 1
221396_at	0.73545719	6.44e-01	0.4706787	-6.57452	0.01756039	TAS2R7	taste 2 receptor member 7
218524_at	0.73545719	6.44e-01	-0.4703867	-6.57466	-0.02190865	E4F1	E4F transcription factor 1
221059_s_at	0.73545719	6.44e-01	0.4703392	-6.57469	0.0644202	COTL1	coactosin like F-actin binding protein 1
205758_at	0.73545719	6.44e-01	-0.4702829	-6.57471	-0.02193479	CD8A	CD8a molecule
204438_at	0.73545719	6.44e-01	0.4701361	-6.57478	0.03891979	MRC1	mannose receptor, C type 1
207003_at	0.73545719	6.44e-01	-0.4699934	-6.57485	-0.01658369	GUCA2A	guanylate cyclase activator 2A
209432_s_at	0.73545719	6.44e-01	0.4699709	-6.57486	0.02159878	CREB3	cAMP responsive element binding protein 3
216203_at	0.73574437	6.44e-01	-0.469492	-6.5751	-0.02630112	SPTLC2	serine palmitoyltransferase long chain base subunit 2
202803_s_at	0.73584018	6.45e-01	-0.4692522	-6.57521	-0.05386563	ITGB2	integrin subunit beta 2
220844_at	0.73711058	6.46e-01	-0.4675452	-6.57603	-0.01960032	TCEB3B	transcription elongation factor B subunit 3B
208098_at	0.74024856	6.49e-01	-0.46351	-6.57796	-0.03265851	OR12D3///OR5V1	olfactory receptor family 12 subfamily D member 3///olfactory receptor family 5 subfamily V member 1
209746_s_at	0.74140815	6.50e-01	0.4619446	-6.57871	0.02269195	COQ7	coenzyme Q7, hydroxylase
207145_at	0.74146051	6.50e-01	0.4617589	-6.57879	0.01997311	MSTN	myostatin
210677_at	0.74148664	6.50e-01	-0.4616058	-6.57887	-0.0226651	SOAT2	sterol O-acyltransferase 2
212706_at	0.74167066	6.50e-01	0.4612561	-6.57903	0.04950977	LOC102724229///RASA4B///RASA4	uncharacterized LOC102724229///RAS p21 protein activator 4B///RAS p21 protein activator 4
221499_s_at	0.74180646	6.50e-01	-0.4609664	-6.57917	-0.04152466	STX16	syntaxin 16
218900_at	0.74265549	6.51e-01	0.4596773	-6.57978	0.02436705	CNNM4	cyclin and CBS domain divalent metal cation transport mediator 4
220138_at	0.74265549	6.51e-01	-0.4594753	-6.57987	-0.0235418	HAND1	heart and neural crest derivatives expressed 1
203073_at	0.74265549	6.51e-01	0.4594321	-6.5799	0.02755087	COG2	component of oligomeric golgi complex 2
203216_s_at	0.74265549	6.51e-01	0.4593915	-6.57991	0.03272924	MYO6	myosin VI
206918_s_at	0.74265549	6.52e-01	0.4593061	-6.57995	0.05897622	CPNE1	copine 1
219264_s_at	0.74385558	6.53e-01	0.4576912	-6.58072	0.02642463	PPP2R3B	protein phosphatase 2 regulatory subunit B''beta
207064_s_at	0.7439013	6.53e-01	-0.4575137	-6.5808	-0.02064102	AOC2	amine oxidase, copper containing 2
214467_at	0.74400242	6.53e-01	-0.4571716	-6.58096	-0.06839022	GPR65	G protein-coupled receptor 65
213755_s_at	0.74400242	6.53e-01	-0.4571465	-6.58097	-0.02068802	SKI	SKI proto-oncogene
209906_at	0.74419409	6.53e-01	0.4567872	-6.58114	0.04161862	C3AR1	complement component 3a receptor 1
336_at	0.74456846	6.54e-01	-0.4562005	-6.58142	-0.0240187	TBXA2R	thromboxane A2 receptor
208432_s_at	0.74467232	6.54e-01	0.45585	-6.58158	0.0183675	CACNA1E	calcium voltage-gated channel subunit alpha1 E
207399_at	0.74467232	6.54e-01	-0.4558299	-6.58159	-0.02091448	BFSP2	beaded filament structural protein 2
204962_s_at	0.74568204	6.55e-01	0.4544526	-6.58223	0.07641249	SLC35F6///CENPA	solute carrier family 35 member F6///centromere protein A
205031_at	0.74619949	6.56e-01	-0.4536881	-6.58259	-0.01938174	EFNB3	ephrin B3
217862_at	0.74625716	6.56e-01	-0.4534956	-6.58268	-0.04864296	PIAS1	protein inhibitor of activated STAT 1
206765_at	0.74652241	6.56e-01	-0.4530448	-6.58289	-0.02465386	KCNJ2	potassium voltage-gated channel subfamily J member 2
205463_s_at	0.74664557	6.56e-01	-0.4527708	-6.58302	-0.02085581	PDGFA	platelet derived growth factor subunit A
212517_at	0.74718411	6.57e-01	0.4519144	-6.58342	0.03065531	ATRN	attractin
218589_at	0.74718411	6.57e-01	0.4518594	-6.58344	0.03612438	LPAR6	lysophosphatidic acid receptor 6
207579_at	0.74764235	6.57e-01	-0.4511687	-6.58376	-0.01947914	MAGEB3	MAGE family member B3
218906_x_at	0.74925272	6.59e-01	-0.4490463	-6.58474	-0.02516094	KLC2	kinesin light chain 2
202351_at	0.74950495	6.59e-01	0.448612	-6.58494	0.03707154	ITGAV	integrin subunit alpha V
204949_at	0.74965425	6.59e-01	0.4483055	-6.58509	0.06855095	ICAM3	intercellular adhesion molecule 3
204374_s_at	0.74997554	6.60e-01	-0.4477853	-6.58533	-0.02367237	GALK1	galactokinase 1
206405_x_at	0.75048386	6.60e-01	-0.447009	-6.58568	-0.04399363	USP32///USP6	ubiquitin specific peptidase 32///ubiquitin specific peptidase 6
210837_s_at	0.75048386	6.60e-01	-0.4469118	-6.58573	-0.03185442	PDE4D	phosphodiesterase 4D
205409_at	0.75078578	6.61e-01	-0.4464158	-6.58596	-0.06079812	FOSL2	FOS like 2, AP-1 transcription factor subunit
204995_at	0.75079013	6.61e-01	-0.4462893	-6.58601	-0.01868342	CDK5R1	cyclin dependent kinase 5 regulatory subunit 1
211269_s_at	0.75093463	6.61e-01	0.4458973	-6.58619	0.02528989	IL2RA	interleukin 2 receptor subunit alpha
207213_s_at	0.75093463	6.61e-01	-0.4458352	-6.58622	-0.01841553	USP2	ubiquitin specific peptidase 2
214476_at	0.75093463	6.61e-01	0.4457464	-6.58626	0.01687016	TFF2	trefoil factor 2
202154_x_at	0.7509593	6.61e-01	0.4454728	-6.58639	0.05664147	TUBB3	tubulin beta 3 class III
210809_s_at	0.7509593	6.61e-01	-0.4453725	-6.58643	-0.01637645	POSTN	periostin
212753_at	0.7509593	6.61e-01	0.4453525	-6.58644	0.04195136	PCGF3	polycomb group ring finger 3
204504_s_at	0.75107003	6.62e-01	0.4449818	-6.58661	0.0299967	HIRIP3	HIRA interacting protein 3
205830_at	0.75107003	6.62e-01	-0.4449727	-6.58662	-0.04954767	CLGN	calmegin
205356_at	0.75120475	6.62e-01	0.4446842	-6.58675	0.02481706	USP13	ubiquitin specific peptidase 13 (isopeptidase T-3)
205618_at	0.75122089	6.62e-01	-0.4445431	-6.58681	-0.02791697	PRRG1	proline rich and Gla domain 1
207981_s_at	0.75162951	6.62e-01	0.4438946	-6.58711	0.01688616	ESRRG	estrogen related receptor gamma
204968_at	0.75162951	6.63e-01	0.4437932	-6.58716	0.0173176	C6orf47	chromosome 6 open reading frame 47
206795_at	0.75203157	6.63e-01	-0.4431726	-6.58744	-0.01909446	F2RL2	coagulation factor II thrombin receptor like 2
56748_at	0.75209984	6.63e-01	-0.4429667	-6.58753	-0.01601504	TRIM10	tripartite motif containing 10
216989_at	0.75292522	6.64e-01	-0.4418205	-6.58805	-0.0171967	SPAM1	sperm adhesion molecule 1
220014_at	0.75306979	6.64e-01	0.4415198	-6.58819	0.04094978	PRR16	proline rich 16
204420_at	0.75318172	6.64e-01	-0.4412595	-6.58831	-0.02295061	FOSL1	FOS like 1, AP-1 transcription factor subunit
206312_at	0.75352688	6.65e-01	-0.4407098	-6.58856	-0.01718071	GUCY2C	guanylate cyclase 2C
206646_at	0.75376637	6.65e-01	0.4401011	-6.58883	0.01960235	GLI1	GLI family zinc finger 1
213711_at	0.75376637	6.65e-01	0.4400149	-6.58887	0.02572559	KRT81	keratin 81
220996_s_at	0.75376637	6.65e-01	-0.4399846	-6.58889	-0.0203647	SHCBP1L	SHC binding and spindle associated 1 like
214547_at	0.75376637	6.65e-01	-0.4399274	-6.58891	-0.01737627	ADCY10	adenylate cyclase 10, soluble
219019_at	0.75511305	6.67e-01	-0.4381345	-6.58972	-0.01914622	PIDD1	p53-induced death domain protein 1
207582_at	0.75523164	6.67e-01	-0.437866	-6.58984	-0.01599846	PIN1P1	peptidylprolyl cis/trans isomerase, NIMA-interacting 1 pseudogene 1
38241_at	0.75633804	6.68e-01	0.4363582	-6.59052	0.03130396	BTN3A3	butyrophilin subfamily 3 member A3
215093_at	0.75633804	6.68e-01	0.4362507	-6.59057	0.02280571	NSDHL	NAD(P) dependent steroid dehydrogenase-like
206954_at	0.75641144	6.68e-01	-0.4360111	-6.59068	-0.02221881	WT1-AS	WT1 antisense RNA
214568_at	0.75641144	6.68e-01	0.4359167	-6.59072	0.02155762	TPSD1	tryptase delta 1
205272_s_at	0.75659878	6.68e-01	0.4355629	-6.59088	0.02226616	PRH1-PRR4///PRH2///PRH1	PRH1-PRR4 readthrough///proline rich protein HaeIII subfamily 2///proline rich protein HaeIII subfamily 1
218387_s_at	0.75793931	6.70e-01	0.4337792	-6.59168	0.03805246	PGLS	6-phosphogluconolactonase
217817_at	0.7587117	6.70e-01	-0.4327004	-6.59216	-0.04520081	ARPC4	actin related protein 2/3 complex subunit 4
213757_at	0.75872846	6.71e-01	0.432558	-6.59222	0.14353442		
206796_at	0.75893103	6.71e-01	0.4321854	-6.59239	0.02483113	WISP1	WNT1 inducible signaling pathway protein 1
205591_at	0.75910629	6.71e-01	-0.4317418	-6.59258	-0.0212896	OLFM1	olfactomedin 1
214628_at	0.75910629	6.71e-01	-0.4317249	-6.59259	-0.01904485	NHLH1	nescient helix-loop-helix 1
205464_at	0.75924784	6.71e-01	-0.4314278	-6.59272	-0.01675622	SCNN1B	sodium channel epithelial 1 beta subunit
221476_s_at	0.7595496	6.72e-01	-0.4308918	-6.59296	-0.0304632	RPL15	ribosomal protein L15
219761_at	0.7595496	6.72e-01	-0.4308106	-6.593	-0.01628099	CLEC1A	C-type lectin domain family 1 member A
220379_at	0.75986176	6.72e-01	0.4302327	-6.59325	0.01627667	FSCN3	fascin actin-bundling protein 3
211173_at	0.75986176	6.72e-01	-0.4301804	-6.59327	-0.02169409	CCKAR	cholecystokinin A receptor
208829_at	0.75987065	6.72e-01	0.4300477	-6.59333	0.06707275	TAPBP	TAP binding protein (tapasin)
202391_at	0.76000802	6.73e-01	-0.4297558	-6.59346	-0.09306243	BASP1	brain abundant membrane attached signal protein 1
207144_s_at	0.7601467	6.73e-01	-0.4294623	-6.59359	-0.01420953	CITED1	Cbp/p300 interacting transactivator with Glu/Asp rich carboxy-terminal domain 1
204203_at	0.76042794	6.73e-01	-0.4289921	-6.5938	-0.03660306	CEBPG	CCAAT/enhancer binding protein gamma
203872_at	0.76108037	6.74e-01	0.4280621	-6.59421	0.01644076	ACTA1	actin, alpha 1, skeletal muscle
212099_at	0.76200502	6.75e-01	-0.4267951	-6.59477	-0.06274138	RHOB	ras homolog family member B
207914_x_at	0.762374	6.75e-01	-0.4262165	-6.59502	-0.02003607	EVX1	even-skipped homeobox 1
208102_s_at	0.76301597	6.76e-01	-0.4252999	-6.59542	-0.01720635	PSD	pleckstrin and Sec7 domain containing
201126_s_at	0.7631615	6.76e-01	-0.4249665	-6.59557	-0.02793365	MGAT1	mannosyl (alpha-1,3-)-glycoprotein beta-1,2-N-acetylglucosaminyltransferase
205972_at	0.7631615	6.76e-01	-0.4247797	-6.59565	-0.01948764	SLC38A3	solute carrier family 38 member 3
208718_at	0.7631615	6.76e-01	-0.424754	-6.59566	-0.03630567	DDX17	DEAD-box helicase 17
218703_at	0.76319454	6.76e-01	0.4245097	-6.59577	0.02334205	SEC22A	SEC22 homolog A, vesicle trafficking protein
204681_s_at	0.76319454	6.76e-01	-0.4244693	-6.59579	-0.02798072	RAPGEF5	Rap guanine nucleotide exchange factor 5
205923_at	0.76340863	6.77e-01	0.423969	-6.596	0.01883918	RELN	reelin
200966_x_at	0.76340863	6.77e-01	-0.4239604	-6.59601	-0.04569001	ALDOA	aldolase, fructose-bisphosphate A
210505_at	0.76353561	6.77e-01	-0.4236813	-6.59613	-0.01715138	ADH7	alcohol dehydrogenase 7 (class IV), mu or sigma polypeptide
635_s_at	0.76394379	6.77e-01	0.423054	-6.5964	0.01408096	PPP2R5B	protein phosphatase 2 regulatory subunit B'beta
204558_at	0.76420765	6.78e-01	0.4226054	-6.5966	0.0260914	RAD54L	RAD54-like (S. cerevisiae)
207506_at	0.76444526	6.78e-01	-0.4221894	-6.59678	-0.0129867	GLRX3	glutaredoxin 3
203830_at	0.7647279	6.78e-01	-0.4217175	-6.59698	-0.02415868	C17orf75	chromosome 17 open reading frame 75
217006_x_at	0.76484933	6.79e-01	-0.4212133	-6.5972	-0.02019609	FASN	fatty acid synthase
205619_s_at	0.76484933	6.79e-01	-0.4212025	-6.59721	-0.01748929	MEOX1	mesenchyme homeobox 1
204838_s_at	0.76484933	6.79e-01	-0.421038	-6.59728	-0.02739581	MLH3	mutL homolog 3
208537_at	0.76484933	6.79e-01	-0.4210002	-6.5973	-0.01466537	S1PR2	sphingosine-1-phosphate receptor 2
208448_x_at	0.76484933	6.79e-01	0.4208564	-6.59736	0.01505551	IFNA16	interferon alpha 16
204587_at	0.76484933	6.79e-01	-0.4208353	-6.59737	-0.01571595	SLC25A14	solute carrier family 25 member 14
208288_at	0.7651947	6.79e-01	-0.4201975	-6.59764	-0.02053376	ABCB11	ATP binding cassette subfamily B member 11
41469_at	0.7651947	6.79e-01	-0.4201345	-6.59767	-0.01706396	PI3	peptidase inhibitor 3
206254_at	0.7651947	6.79e-01	0.4200417	-6.59771	0.02104951	EGF	epidermal growth factor
219478_at	0.76525175	6.80e-01	-0.4198491	-6.59779	-0.05214769	WFDC1	WAP four-disulfide core domain 1
208113_x_at	0.7661345	6.80e-01	-0.4186342	-6.59832	-0.0302015	PABPC3	poly(A) binding protein cytoplasmic 3
220974_x_at	0.76622186	6.81e-01	0.418404	-6.59842	0.03554629	SFXN3	sideroflexin 3
201700_at	0.76623636	6.81e-01	-0.4181508	-6.59853	-0.05080192	CCND3	cyclin D3
219686_at	0.76623636	6.81e-01	-0.418142	-6.59853	-0.03998732	STK32B	serine/threonine kinase 32B
205715_at	0.76632066	6.81e-01	0.4179156	-6.59863	0.02739367	BST1	bone marrow stromal cell antigen 1
216264_s_at	0.76637	6.81e-01	-0.4177324	-6.59871	-0.02376805	LAMB2	laminin subunit beta 2
211489_at	0.76679522	6.82e-01	0.4169867	-6.59903	0.0141051	ADRA1A	adrenoceptor alpha 1A
206859_s_at	0.76679522	6.82e-01	0.4169619	-6.59904	0.02016525	PAEP	progestagen associated endometrial protein
210617_at	0.7675774	6.82e-01	0.4158717	-6.59951	0.02408328	PHEX	phosphate regulating endopeptidase homolog, X-linked
207228_at	0.76824772	6.83e-01	-0.4149201	-6.59991	-0.01882303	PRKACG	protein kinase cAMP-activated catalytic subunit gamma
214460_at	0.76848096	6.83e-01	-0.4145094	-6.60009	-0.02017606	LSAMP	limbic system-associated membrane protein
221188_s_at	0.76859801	6.84e-01	0.4142423	-6.6002	0.04230339	CIDEB	cell death-inducing DFFA-like effector b
212020_s_at	0.7691685	6.84e-01	-0.4134144	-6.60055	-0.0496285	MKI67	marker of proliferation Ki-67
205782_at	0.76974657	6.85e-01	-0.4125773	-6.60091	-0.01718641	FGF7	fibroblast growth factor 7
208638_at	0.7713597	6.86e-01	-0.410461	-6.60181	-0.04292899	PDIA6	protein disulfide isomerase family A member 6
220850_at	0.7716216	6.87e-01	-0.410015	-6.602	-0.02307819	MORC1	MORC family CW-type zinc finger 1
205756_s_at	0.77224828	6.87e-01	0.4091183	-6.60237	0.01853743	F8	coagulation factor VIII
207346_at	0.77249184	6.88e-01	-0.408695	-6.60255	-0.0155488	STX2	syntaxin 2
218826_at	0.77281084	6.88e-01	0.4081784	-6.60277	0.04281041	SLC35F2	solute carrier family 35 member F2
214529_at	0.77289714	6.88e-01	-0.4079493	-6.60287	-0.01775996	TSHB	thyroid stimulating hormone beta
205774_at	0.77293822	6.88e-01	0.407776	-6.60294	0.02869466	F12	coagulation factor XII
204653_at	0.77317745	6.89e-01	-0.407358	-6.60311	-0.02233767	TFAP2A	transcription factor AP-2 alpha
221276_s_at	0.77341371	6.89e-01	0.4069185	-6.6033	0.01774449	SYNC	syncoilin, intermediate filament protein
207900_at	0.77341371	6.89e-01	-0.406821	-6.60334	-0.02305013	CCL17	C-C motif chemokine ligand 17
202012_s_at	0.77346152	6.89e-01	0.4066393	-6.60342	0.03015708	EXT2	exostosin glycosyltransferase 2
220792_at	0.77404893	6.90e-01	-0.4057913	-6.60377	-0.01904784	PRDM5	PR/SET domain 5
206355_at	0.77455712	6.90e-01	0.4050411	-6.60408	0.01702917	GNAL	G protein subunit alpha L
200033_at	0.77469399	6.91e-01	-0.4046118	-6.60426	-0.03108356	MIR5047///MIR3064///DDX5	microRNA 5047///microRNA 3064///DEAD-box helicase 5
208327_at	0.77469399	6.91e-01	0.4045098	-6.60431	0.02580352	CYP2A13	cytochrome P450 family 2 subfamily A member 13
213879_at	0.77469399	6.91e-01	0.4045041	-6.60431	0.0518814		
207652_s_at	0.77539314	6.91e-01	0.4035182	-6.60472	0.01332086	CMKLR1	chemerin chemokine-like receptor 1
203579_s_at	0.77569493	6.92e-01	0.4030229	-6.60492	0.02640656	SLC7A6	solute carrier family 7 member 6
202871_at	0.77576657	6.92e-01	0.4028118	-6.60501	0.04249339	TRAF4	TNF receptor associated factor 4
201288_at	0.77615223	6.92e-01	0.402213	-6.60526	0.03750277	ARHGDIB	Rho GDP dissociation inhibitor beta
206824_at	0.77630235	6.93e-01	-0.4019049	-6.60539	-0.01747371	CES1P1	carboxylesterase 1 pseudogene 1
207695_s_at	0.77721572	6.93e-01	-0.400655	-6.6059	-0.0210713	IGSF1	immunoglobulin superfamily member 1
221300_at	0.77746712	6.94e-01	-0.4002219	-6.60608	-0.01295953	NPAP1	nuclear pore associated protein 1
214596_at	0.77760762	6.94e-01	-0.3999257	-6.60621	-0.0253747	CHRM3	cholinergic receptor muscarinic 3
212803_at	0.77786796	6.94e-01	0.3994816	-6.60639	0.02040167	NAB2	NGFI-A binding protein 2
1294_at	0.77790781	6.94e-01	-0.3991852	-6.60651	-0.0212166	MIR5193///UBA7	microRNA 5193///ubiquitin like modifier activating enzyme 7
202203_s_at	0.77790781	6.94e-01	-0.3991817	-6.60651	-0.0811908	AMFR	autocrine motility factor receptor
205616_at	0.77790781	6.95e-01	-0.3990637	-6.60656	-0.01842268	GALNT8///KCNA6	polypeptide N-acetylgalactosaminyltransferase 8///potassium voltage-gated channel subfamily A member 6
203485_at	0.77820087	6.95e-01	-0.3985792	-6.60676	-0.03351618	RTN1	reticulon 1
206340_at	0.7788236	6.96e-01	-0.397688	-6.60713	-0.01471886	NR1H4	nuclear receptor subfamily 1 group H member 4
215228_at	0.77889433	6.96e-01	-0.3974653	-6.60722	-0.02487485	NHLH2	nescient helix-loop-helix 2
209918_at	0.77889433	6.96e-01	-0.3973548	-6.60726	-0.01350177	GGTLC2	gamma-glutamyltransferase light chain 2
201426_s_at	0.77924227	6.96e-01	0.3968026	-6.60749	0.08683451	VIM	vimentin
202642_s_at	0.78013615	6.97e-01	0.3955772	-6.60799	0.03218341	TRRAP	transformation/transcription domain associated protein
203118_at	0.78044321	6.97e-01	0.3950755	-6.60819	0.01927201	PCSK7	proprotein convertase subtilisin/kexin type 7
203256_at	0.7808283	6.98e-01	0.3944444	-6.60845	0.02207936	CDH3	cadherin 3
214633_at	0.7808283	6.98e-01	-0.3943545	-6.60849	-0.02027831	SOX3	SRY-box 3
205665_at	0.78088413	6.98e-01	0.3938569	-6.60869	0.01296314	TSPAN9	tetraspanin 9
206282_at	0.78088413	6.98e-01	0.3938416	-6.60869	0.01498219	NEUROD1	neuronal differentiation 1
207247_s_at	0.78088413	6.98e-01	0.393795	-6.60871	0.02521241	ZFY///ZFX	zinc finger protein, Y-linked///zinc finger protein, X-linked
207965_at	0.78088413	6.98e-01	0.3937932	-6.60871	0.0161399	NEUROG3	neurogenin 3
219228_at	0.78144392	6.99e-01	-0.3929798	-6.60904	-0.07540701	ZNF331	zinc finger protein 331
203586_s_at	0.78144642	6.99e-01	-0.3928536	-6.60909	-0.01586699	ARL4D	ADP ribosylation factor like GTPase 4D
204088_at	0.78230021	7.00e-01	0.3916778	-6.60957	0.03248009	P2RX4	purinergic receptor P2X 4
38037_at	0.78261694	7.01e-01	-0.3908619	-6.6099	-0.05114808	HBEGF	heparin binding EGF like growth factor
78047_s_at	0.78261694	7.01e-01	0.3907541	-6.60994	0.01583647	MMP24-AS1	MMP24 antisense RNA 1
212955_s_at	0.78261694	7.01e-01	0.3906932	-6.60997	0.021628	POLR2I	RNA polymerase II subunit I
204993_at	0.78261694	7.01e-01	0.3905172	-6.61004	0.03082696	GNAZ	G protein subunit alpha z
208220_x_at	0.78261694	7.01e-01	-0.3904658	-6.61006	-0.01535683	AMELY	amelogenin, Y-linked
203467_at	0.78261694	7.01e-01	0.3903174	-6.61012	0.02314793	PMM1	phosphomannomutase 1
211817_s_at	0.78261694	7.01e-01	-0.3903065	-6.61012	-0.02094932	KCNJ5	potassium voltage-gated channel subfamily J member 5
214391_x_at	0.78261694	7.01e-01	-0.3903016	-6.61013	-0.01290051	PTGER1	prostaglandin E receptor 1
221816_s_at	0.78479317	7.03e-01	0.3873942	-6.61129	0.03009606	PHF11	PHD finger protein 11
207901_at	0.78479317	7.03e-01	0.3872187	-6.61136	0.01462299	IL12B	interleukin 12B
206919_at	0.78479317	7.03e-01	0.3872023	-6.61137	0.01409713	ELK4	ELK4, ETS transcription factor
210316_at	0.78479317	7.03e-01	-0.3870007	-6.61145	-0.02018938	FLT4	fms related tyrosine kinase 4
215274_at	0.78479317	7.03e-01	-0.386874	-6.6115	-0.01591547	SLC12A3	solute carrier family 12 member 3
203391_at	0.78479317	7.03e-01	0.3868176	-6.61152	0.02644877	FKBP2	FK506 binding protein 2
220962_s_at	0.78479317	7.03e-01	0.3867556	-6.61155	0.019375	PADI1	peptidyl arginine deiminase 1
204719_at	0.78570007	7.04e-01	-0.3855147	-6.61204	-0.01669438	ABCA8	ATP binding cassette subfamily A member 8
203423_at	0.7857385	7.05e-01	-0.3852418	-6.61215	-0.02304793	RBP1	retinol binding protein 1
219773_at	0.7857385	7.05e-01	0.3851022	-6.6122	0.01755638	NOX4	NADPH oxidase 4
210295_at	0.7857385	7.05e-01	-0.3850485	-6.61222	-0.01274646	MAGEA10	MAGE family member A10
215410_at	0.7857385	7.05e-01	0.3849736	-6.61225	0.02347145	PMS2P9///PMS2P6///LOC441259///PMS2P5///PMS2P4///PMS2P1	PMS1 homolog 2, mismatch repair system component pseudogene 9///PMS1 homolog 2, mismatch repair system component pseudogene 6///PMS1 homolog 2, mismatch repair system component pseudogene///PMS1 homolog 2, mismatch repair system component pseudogene 5///PMS1 homolog 2, mismatch repair system component pseudogene 4///PMS1 homolog 2, mismatch repair system component pseudogene 1
204865_at	0.78580757	7.05e-01	0.384765	-6.61234	0.02222124	CA3	carbonic anhydrase 3
208188_at	0.78622882	7.05e-01	-0.3841224	-6.61259	-0.01294032	KRT9	keratin 9
207659_s_at	0.78623382	7.06e-01	-0.3839928	-6.61264	-0.01813575	MOBP	myelin-associated oligodendrocyte basic protein
210632_s_at	0.78656828	7.06e-01	-0.3834572	-6.61286	-0.01617648	SGCA	sarcoglycan alpha
203185_at	0.78787921	7.07e-01	-0.3815844	-6.61359	-0.03609354	RASSF2	Ras association domain family member 2
221151_at	0.78787921	7.07e-01	0.3815377	-6.61361	0.01617369	PRDM9	PR/SET domain 9
202496_at	0.78787921	7.07e-01	0.3814194	-6.61366	0.02098179	EDC4	enhancer of mRNA decapping 4
214582_at	0.78787921	7.07e-01	-0.3813479	-6.61369	-0.03255994	PDE3B	phosphodiesterase 3B
219414_at	0.78794868	7.08e-01	-0.3811387	-6.61377	-0.0193823	CLSTN2	calsyntenin 2
218563_at	0.78795741	7.08e-01	0.3810044	-6.61382	0.02791729	NDUFA3	NADH:ubiquinone oxidoreductase subunit A3
219380_x_at	0.78847639	7.08e-01	-0.3802414	-6.61412	-0.02228188	POLH	DNA polymerase eta
209606_at	0.78864319	7.08e-01	0.3799124	-6.61425	0.05880909	CYTIP	cytohesin 1 interacting protein
214622_at	0.78996901	7.10e-01	-0.378156	-6.61494	-0.01398276	CYP21A1P///CYP21A2	cytochrome P450 family 21 subfamily A member 1, pseudogene///cytochrome P450 family 21 subfamily A member 2
221401_at	0.79053318	7.10e-01	-0.3772989	-6.61527	-0.01792515	CACNG5	calcium voltage-gated channel auxiliary subunit gamma 5
34726_at	0.79053318	7.10e-01	-0.377214	-6.6153	-0.01847973	CACNB3	calcium voltage-gated channel auxiliary subunit beta 3
201591_s_at	0.79065119	7.11e-01	0.3769449	-6.61541	0.02358169	NISCH	nischarin
206620_at	0.79067358	7.11e-01	0.3767935	-6.61547	0.01625082	GRAP	GRB2-related adaptor protein
201710_at	0.79102061	7.11e-01	0.3761695	-6.61571	0.03748192	MYBL2	MYB proto-oncogene like 2
210810_s_at	0.79102061	7.11e-01	-0.3759355	-6.6158	-0.01498112	SLC6A5	solute carrier family 6 member 5
221163_s_at	0.79102061	7.11e-01	0.3758772	-6.61582	0.01832772	MLXIPL	MLX interacting protein like
206136_at	0.79102061	7.11e-01	0.3758711	-6.61583	0.01414001	FZD5	frizzled class receptor 5
221372_s_at	0.79112163	7.12e-01	-0.3756229	-6.61592	-0.01552669	P2RX2	purinergic receptor P2X 2
200086_s_at	0.79118608	7.12e-01	-0.3754197	-6.616	-0.0265014	COX4I1	cytochrome c oxidase subunit 4I1
208134_x_at	0.79135532	7.12e-01	0.3750875	-6.61613	0.01763067	PSG2	pregnancy specific beta-1-glycoprotein 2
201117_s_at	0.79231276	7.13e-01	0.373785	-6.61663	0.0208872	CPE	carboxypeptidase E
204140_at	0.79335297	7.14e-01	-0.3723809	-6.61717	-0.01437081	TPST1	tyrosylprotein sulfotransferase 1
221354_s_at	0.7935591	7.14e-01	-0.3720033	-6.61732	-0.01554301	MCHR1	melanin concentrating hormone receptor 1
209921_at	0.79383507	7.15e-01	-0.3715398	-6.6175	-0.0225943	SLC7A11	solute carrier family 7 member 11
214537_at	0.79399356	7.15e-01	-0.3712208	-6.61762	-0.01988476	HIST1H1D	histone cluster 1, H1d
207204_at	0.7944676	7.15e-01	0.3703577	-6.61795	0.01577749	FSCN2	fascin actin-bundling protein 2, retinal
207125_at	0.7944676	7.15e-01	0.3703568	-6.61795	0.01669348	ZNF225	zinc finger protein 225
202223_at	0.7944676	7.16e-01	-0.3702654	-6.61798	-0.05882695	STT3A	STT3A, catalytic subunit of the oligosaccharyltransferase complex
221438_s_at	0.79464244	7.16e-01	0.3699262	-6.61811	0.01801802	TEX12	testis expressed 12
206239_s_at	0.79514913	7.16e-01	-0.3691788	-6.6184	-0.0140887	SPINK1	serine peptidase inhibitor, Kazal type 1
203145_at	0.79518438	7.16e-01	0.3690113	-6.61846	0.0407491	SPAG5	sperm associated antigen 5
219370_at	0.79530498	7.17e-01	0.3686094	-6.61861	0.01552546	RPRM	reprimo, TP53 dependent G2 arrest mediator candidate
204650_s_at	0.79530498	7.17e-01	0.3684196	-6.61869	0.01636389	MIR6831///APBB3	microRNA 6831///amyloid beta precursor protein binding family B member 3
208345_s_at	0.79530498	7.17e-01	-0.3682334	-6.61876	-0.01486555	POU3F1	POU class 3 homeobox 1
206893_at	0.79530498	7.17e-01	0.3681922	-6.61877	0.01990316	SALL1	spalt like transcription factor 1
213655_at	0.79530498	7.17e-01	0.3681921	-6.61877	0.09784213		
218818_at	0.79530498	7.17e-01	0.3681111	-6.6188	0.01687927	FHL3	four and a half LIM domains 3
200959_at	0.79530498	7.17e-01	0.3678954	-6.61889	0.03494736	FUS	FUS RNA binding protein
214414_x_at	0.79530498	7.17e-01	0.3678376	-6.61891	0.19955811	HBA2///HBA1	hemoglobin subunit alpha 2///hemoglobin subunit alpha 1
221605_s_at	0.79530498	7.17e-01	0.3677261	-6.61895	0.019041	PIPOX	pipecolic acid and sarcosine oxidase
221236_s_at	0.79530498	7.17e-01	0.3676218	-6.61899	0.0143719	STMN4	stathmin 4
211004_s_at	0.79533328	7.18e-01	-0.3674629	-6.61905	-0.01985529	ALDH3B1	aldehyde dehydrogenase 3 family member B1
216924_s_at	0.79555704	7.18e-01	-0.3670634	-6.6192	-0.01691813	DRD2	dopamine receptor D2
205694_at	0.79565967	7.18e-01	0.3668129	-6.6193	0.01671506	TYRP1	tyrosinase related protein 1
207074_s_at	0.79569641	7.18e-01	0.3666436	-6.61936	0.01735966	SLC18A1	solute carrier family 18 member A1
205965_at	0.79574907	7.18e-01	-0.3664546	-6.61943	-0.01681688	BATF	basic leucine zipper ATF-like transcription factor
206739_at	0.79583045	7.18e-01	-0.3662303	-6.61952	-0.01683676	HOXC5	homeobox C5
204121_at	0.79632017	7.19e-01	-0.3655033	-6.61979	-0.01492239	GADD45G	growth arrest and DNA damage inducible gamma
220982_s_at	0.79637758	7.19e-01	-0.3653085	-6.61986	-0.01347291	SPACA1	sperm acrosome associated 1
207301_at	0.79653463	7.19e-01	0.364991	-6.61998	0.01412101	EFNA5	ephrin A5
210292_s_at	0.79653884	7.20e-01	0.3648037	-6.62006	0.01302495	PCDH11Y///PCDH11X	protocadherin 11 Y-linked///protocadherin 11 X-linked
209236_at	0.79653884	7.20e-01	0.3647375	-6.62008	0.02152648	SLC23A2	solute carrier family 23 member 2
209309_at	0.79661496	7.20e-01	0.3645196	-6.62016	0.01397513	AZGP1	alpha-2-glycoprotein 1, zinc-binding
209904_at	0.79720701	7.20e-01	-0.3636665	-6.62048	-0.01683468	TNNC1	troponin C1, slow skeletal and cardiac type
202954_at	0.7977863	7.21e-01	-0.3627368	-6.62083	-0.07368612	UBE2C	ubiquitin conjugating enzyme E2 C
206261_at	0.7977863	7.21e-01	-0.3627049	-6.62084	-0.02324281	ZNF239	zinc finger protein 239
207934_at	0.79795581	7.21e-01	-0.362372	-6.62097	-0.01726572	RFPL1	ret finger protein like 1
205319_at	0.79805477	7.21e-01	0.3621259	-6.62106	0.02015942	PSCA	prostate stem cell antigen
215999_at	0.7980959	7.22e-01	0.3619492	-6.62113	0.02384646	CDRT1	CMT1A duplicated region transcript 1
205873_at	0.7980959	7.22e-01	0.3617809	-6.62119	0.01614044	PIGL	phosphatidylinositol glycan anchor biosynthesis class L
207874_s_at	0.7980959	7.22e-01	0.3617025	-6.62122	0.01953161	CFHR4	complement factor H related 4
219769_at	0.7982212	7.22e-01	0.361424	-6.62132	0.01569294	INCENP	inner centromere protein
201015_s_at	0.79848961	7.22e-01	-0.3608826	-6.62152	-0.04911154	JUP	junction plakoglobin
204742_s_at	0.79848961	7.22e-01	0.360845	-6.62154	0.02442287	PDS5B	PDS5 cohesin associated factor B
205853_at	0.7985066	7.23e-01	0.3606998	-6.62159	0.01570414	ZBTB7B	zinc finger and BTB domain containing 7B
204046_at	0.79873746	7.23e-01	-0.3602912	-6.62174	-0.02023148	PLCB2	phospholipase C beta 2
206371_at	0.7995045	7.24e-01	-0.3592225	-6.62214	-0.01437532	FOLR3	folate receptor 3
220664_at	0.79968453	7.24e-01	-0.3588765	-6.62227	-0.01449353	SPRR2C	small proline rich protein 2C (pseudogene)
216220_s_at	0.79988786	7.24e-01	-0.3585018	-6.62241	-0.01450165	ADORA1	adenosine A1 receptor
207447_s_at	0.80025679	7.25e-01	0.357877	-6.62264	0.01793461	MGAT4C	MGAT4 family member C
202073_at	0.80025679	7.25e-01	0.3576782	-6.62271	0.02774081	OPTN	optineurin
204212_at	0.80025679	7.25e-01	0.3576745	-6.62271	0.01347534	ACOT8	acyl-CoA thioesterase 8
213136_at	0.80046639	7.25e-01	0.3571761	-6.6229	0.01999918	PTPN2	protein tyrosine phosphatase, non-receptor type 2
207558_s_at	0.80046639	7.25e-01	-0.3571676	-6.6229	-0.01665754	PITX2	paired like homeodomain 2
204636_at	0.80050103	7.25e-01	-0.3570006	-6.62296	-0.01572047	COL17A1	collagen type XVII alpha 1 chain
206346_at	0.80062547	7.25e-01	-0.356723	-6.62306	-0.02017142	PRLR	prolactin receptor
202390_s_at	0.80066301	7.26e-01	0.3565524	-6.62313	0.02119155	HTT	huntingtin
209884_s_at	0.80093353	7.26e-01	-0.3560948	-6.6233	-0.02520289	SLC4A7	solute carrier family 4 member 7
203963_at	0.80122992	7.26e-01	-0.3554744	-6.62352	-0.01719554	CA12	carbonic anhydrase 12
220198_s_at	0.80122992	7.26e-01	0.3553301	-6.62358	0.01714825	EIF5A2	eukaryotic translation initiation factor 5A2
208494_at	0.80122992	7.27e-01	-0.3552735	-6.6236	-0.01549878	SLC6A7	solute carrier family 6 member 7
206852_at	0.80122992	7.27e-01	-0.3551259	-6.62365	-0.02298069	EPHA7	EPH receptor A7
203652_at	0.80122992	7.27e-01	-0.3551077	-6.62366	-0.02264496	MAP3K11	mitogen-activated protein kinase kinase kinase 11
203330_s_at	0.8013214	7.27e-01	-0.3548706	-6.62374	-0.02194764	STX5	syntaxin 5
205890_s_at	0.80231486	7.28e-01	-0.3535227	-6.62424	-0.01383197	UBD///GABBR1	ubiquitin D///gamma-aminobutyric acid type B receptor subunit 1
207630_s_at	0.80298818	7.29e-01	0.3525692	-6.62459	0.03775967	CREM	cAMP responsive element modulator
218043_s_at	0.80315087	7.29e-01	0.3521576	-6.62473	0.02186744	AZI2	5-azacytidine induced 2
220004_at	0.80315087	7.29e-01	-0.3521198	-6.62475	-0.01906869	DDX43	DEAD-box helicase 43
203686_at	0.80371831	7.29e-01	-0.3512966	-6.62505	-0.02282046	MPG	N-methylpurine DNA glycosylase
219522_at	0.80405884	7.30e-01	-0.3507528	-6.62524	-0.01500103	FJX1	four jointed box 1
206133_at	0.80432758	7.30e-01	-0.3501772	-6.62545	-0.0237656	XAF1	XIAP associated factor 1
210056_at	0.80432758	7.30e-01	-0.3501728	-6.62545	-0.01882472	RND1	Rho family GTPase 1
206925_at	0.80529232	7.31e-01	0.3488608	-6.62593	0.02340924	ST8SIA4	ST8 alpha-N-acetyl-neuraminide alpha-2,8-sialyltransferase 4
214455_at	0.80540398	7.31e-01	0.3485986	-6.62602	0.04176665	HIST1H2BC///HIST1H2BI///HIST1H2BE///HIST1H2BF///HIST1H2BG	histone cluster 1, H2bc///histone cluster 1, H2bi///histone cluster 1, H2be///histone cluster 1, H2bf///histone cluster 1, H2bg
201231_s_at	0.8062894	7.32e-01	-0.3473594	-6.62647	-0.03404489	ENO1	enolase 1
37586_at	0.8062894	7.33e-01	-0.3471009	-6.62656	-0.01680816	ZNF142	zinc finger protein 142
204623_at	0.8062894	7.33e-01	-0.3470318	-6.62659	-0.01148492	TFF3	trefoil factor 3
208035_at	0.8062894	7.33e-01	-0.34701	-6.62659	-0.01503933	GRM6	glutamate metabotropic receptor 6
207498_s_at	0.80629478	7.33e-01	0.3468462	-6.62665	0.01222614	LOC101929829///CYP2D6///CYP2D7	cytochrome P450 family 2 subfamily D member 6 pseudogene///cytochrome P450 family 2 subfamily D member 6///cytochrome P450 family 2 subfamily D member 7 (gene/pseudogene)
220993_s_at	0.80629478	7.33e-01	0.3467537	-6.62668	0.01606193	GPR63	G protein-coupled receptor 63
220497_at	0.80634501	7.33e-01	0.3465671	-6.62675	0.02417753	ZNF214	zinc finger protein 214
202030_at	0.8065275	7.33e-01	-0.3462177	-6.62688	-0.01701365	BCKDK	branched chain ketoacid dehydrogenase kinase
211285_s_at	0.80690296	7.34e-01	0.3456308	-6.62709	0.04439217	UBE3A	ubiquitin protein ligase E3A
207077_at	0.80796238	7.35e-01	0.3442026	-6.6276	0.01403808	CELA2B	chymotrypsin like elastase family member 2B
202893_at	0.808358	7.35e-01	0.343515	-6.62784	0.02696828	UNC13B	unc-13 homolog B
207480_s_at	0.808358	7.35e-01	-0.343466	-6.62786	-0.01652116	MEIS2	Meis homeobox 2
221462_x_at	0.80869483	7.36e-01	-0.3429267	-6.62805	-0.01415518	KLK15	kallikrein related peptidase 15
207156_at	0.80905651	7.36e-01	-0.3423568	-6.62825	-0.01986194	HIST1H2AH///HIST1H2AG///HIST1H2AM///HIST1H2AL///HIST1H2AK///HIST1H2AI	histone cluster 1, H2ah///histone cluster 1, H2ag///histone cluster 1, H2am///histone cluster 1, H2al///histone cluster 1, H2ak///histone cluster 1, H2ai
214601_at	0.80945665	7.37e-01	-0.3417397	-6.62847	-0.01419676	TPH1	tryptophan hydroxylase 1
207529_at	0.8094971	7.37e-01	-0.3415648	-6.62853	-0.01608659	DEFA5	defensin alpha 5
206123_at	0.81076205	7.38e-01	-0.3398844	-6.62912	-0.02466847	LLGL1	LLGL1, scribble cell polarity complex component
220157_x_at	0.81123172	7.38e-01	-0.3391819	-6.62937	-0.01338281	PLEKHA8P1	pleckstrin homology domain containing A8 pseudogene 1
207202_s_at	0.81126141	7.39e-01	-0.3389931	-6.62943	-0.01774192	NR1I2	nuclear receptor subfamily 1 group I member 2
205571_at	0.81126141	7.39e-01	0.338895	-6.62947	0.03212899	LIPT1	lipoyltransferase 1
205318_at	0.81184189	7.39e-01	0.337994	-6.62978	0.01500188	KIF5A	kinesin family member 5A
220047_at	0.81184189	7.39e-01	0.3379309	-6.6298	0.0199406	SIRT4	sirtuin 4
207315_at	0.81252617	7.40e-01	-0.3369646	-6.63014	-0.01796536	CD226	CD226 molecule
203146_s_at	0.81268912	7.40e-01	-0.3365291	-6.63029	-0.02191131	GABBR1	gamma-aminobutyric acid type B receptor subunit 1
205037_at	0.81268912	7.40e-01	0.3365137	-6.6303	0.0284985	IFT27	intraflagellar transport 27
206814_at	0.81281989	7.41e-01	-0.3361803	-6.63041	-0.01615056	NGF	nerve growth factor
202725_at	0.81281989	7.41e-01	-0.3361023	-6.63044	-0.03398569	POLR2A	RNA polymerase II subunit A
212671_s_at	0.81289209	7.41e-01	0.3358882	-6.63052	0.14858578	LOC100509457///HLA-DQA2///HLA-DQA1	HLA class II histocompatibility antigen, DQ alpha 1 chain-like///major histocompatibility complex, class II, DQ alpha 2///major histocompatibility complex, class II, DQ alpha 1
204726_at	0.81306976	7.41e-01	-0.3355444	-6.63064	-0.01298181	CDH13	cadherin 13
208794_s_at	0.8147865	7.43e-01	0.333248	-6.63143	0.03508562	SMARCA4	SWI/SNF related, matrix associated, actin dependent regulator of chromatin, subfamily a, member 4
208208_at	0.8147865	7.43e-01	-0.333184	-6.63145	-0.02295171	MYH13	myosin heavy chain 13
205912_at	0.81499391	7.43e-01	0.3328037	-6.63158	0.01691221	PNLIP	pancreatic lipase
206828_at	0.81525323	7.43e-01	-0.3323595	-6.63173	-0.02041476	TXK	TXK tyrosine kinase
203332_s_at	0.81530389	7.44e-01	-0.3321717	-6.6318	-0.03741204	INPP5D	inositol polyphosphate-5-phosphatase D
208580_x_at	0.81550611	7.44e-01	0.3316975	-6.63196	0.01653098	HIST2H4B///HIST4H4///HIST2H4A///HIST1H4L///HIST1H4E///HIST1H4B///HIST1H4H///HIST1H4C///HIST1H4J///HIST1H4K///HIST1H4F///HIST1H4D///HIST1H4A///HIST1H4I	histone cluster 2, H4b///histone cluster 4, H4///histone cluster 2, H4a///histone cluster 1, H4l///histone cluster 1, H4e///histone cluster 1, H4b///histone cluster 1, H4h///histone cluster 1, H4c///histone cluster 1, H4j///histone cluster 1, H4k///histone cluster 1, H4f///histone cluster 1, H4d///histone cluster 1, H4a///histone cluster 1, H4i
207708_at	0.81550611	7.44e-01	-0.3316722	-6.63197	-0.01579941	ALOXE3	arachidonate lipoxygenase 3
219908_at	0.81581909	7.44e-01	-0.3310611	-6.63218	-0.01615033	DKK2	dickkopf WNT signaling pathway inhibitor 2
219992_at	0.81581909	7.44e-01	0.3310365	-6.63219	0.01389514	TAC3	tachykinin 3
207696_at	0.81624133	7.45e-01	-0.3302841	-6.63244	-0.01396546	FUT9	fucosyltransferase 9
210640_s_at	0.81624133	7.45e-01	-0.3302665	-6.63245	-0.01436113	GPER1	G protein-coupled estrogen receptor 1
205940_at	0.81683214	7.46e-01	0.3294151	-6.63274	0.01388002	MYH3	myosin, heavy chain 3, skeletal muscle, embryonic
221904_at	0.81713602	7.46e-01	0.3289161	-6.63291	0.02046874	FAM131A	family with sequence similarity 131 member A
205291_at	0.81715266	7.46e-01	-0.32877	-6.63296	-0.01075177	IL2RB	interleukin 2 receptor subunit beta
205630_at	0.81745389	7.47e-01	0.3282742	-6.63313	0.0193601	CRH	corticotropin releasing hormone
221402_at	0.81746556	7.47e-01	-0.3281342	-6.63318	-0.0159252	OR1F1	olfactory receptor family 1 subfamily F member 1
219393_s_at	0.81784459	7.47e-01	0.3275428	-6.63338	0.01526913	AKT3	AKT serine/threonine kinase 3
211298_s_at	0.817869	7.47e-01	0.3273871	-6.63343	0.01606302	ALB	albumin
205997_at	0.81792784	7.47e-01	-0.327189	-6.6335	-0.03957118	ADAM28	ADAM metallopeptidase domain 28
220762_s_at	0.81803463	7.48e-01	-0.3268167	-6.63362	-0.01175232	GNB1L	G protein subunit beta 1 like
204602_at	0.81803463	7.48e-01	0.3268064	-6.63363	0.01443362	DKK1	dickkopf WNT signaling pathway inhibitor 1
205921_s_at	0.819408	7.49e-01	0.3249935	-6.63424	0.01597918	SLC6A6	solute carrier family 6 member 6
210255_at	0.81977904	7.49e-01	0.324412	-6.63443	0.01401094	RAD51B	RAD51 paralog B
205624_at	0.82021744	7.50e-01	0.3237477	-6.63465	0.06600791	CPA3	carboxypeptidase A3
219195_at	0.82041896	7.50e-01	0.3233743	-6.63478	0.01494504	PPARGC1A	PPARG coactivator 1 alpha
208569_at	0.82170426	7.51e-01	-0.3216705	-6.63535	-0.01276054	HIST1H2AB	histone cluster 1, H2ab
206263_at	0.82189985	7.52e-01	-0.3212189	-6.6355	-0.01835592	FMO4	flavin containing monooxygenase 4
220393_at	0.82189985	7.52e-01	-0.3211783	-6.63551	-0.01143418	LGSN	lengsin, lens protein with glutamine synthetase domain
204081_at	0.82193303	7.52e-01	0.3208888	-6.63561	0.05034124	NRGN	neurogranin
209398_at	0.82193303	7.52e-01	0.3208854	-6.63561	0.09542285	HIST1H1C	histone cluster 1, H1c
211405_x_at	0.82248407	7.53e-01	0.3200828	-6.63587	0.01429262	IFNA17	interferon alpha 17
220281_at	0.82271343	7.53e-01	0.3196752	-6.63601	0.0250303	SLC12A1	solute carrier family 12 member 1
202671_s_at	0.82284104	7.53e-01	-0.3193924	-6.6361	-0.0206388	PDXK	pyridoxal (pyridoxine, vitamin B6) kinase
203476_at	0.8232353	7.54e-01	-0.3187823	-6.6363	-0.06032545	TPBG	trophoblast glycoprotein
208937_s_at	0.82356917	7.54e-01	-0.3182463	-6.63648	-0.05698645	ID1	inhibitor of DNA binding 1, HLH protein
208623_s_at	0.82390106	7.54e-01	0.3177127	-6.63666	0.03857941	EZR	ezrin
40093_at	0.82465136	7.55e-01	-0.3165786	-6.63703	-0.01325436	BCAM	basal cell adhesion molecule (Lutheran blood group)
221012_s_at	0.82465136	7.55e-01	0.3165395	-6.63704	0.03734228	TRIM8	tripartite motif containing 8
209701_at	0.82506793	7.56e-01	0.3158681	-6.63726	0.01069392	ERAP1	endoplasmic reticulum aminopeptidase 1
219482_at	0.82506793	7.56e-01	-0.3157427	-6.6373	-0.02104009	SETD4	SET domain containing 4
204864_s_at	0.82506793	7.56e-01	0.3156493	-6.63733	0.0137686	IL6ST	interleukin 6 signal transducer
206353_at	0.8251453	7.56e-01	0.315428	-6.6374	0.01372158	COX6A2	cytochrome c oxidase subunit 6A2
209726_at	0.82545829	7.57e-01	0.3148232	-6.6376	0.01393836	CA11	carbonic anhydrase 11
208441_at	0.82545829	7.57e-01	-0.3147911	-6.63761	-0.01269733	IGF1R	insulin like growth factor 1 receptor
219537_x_at	0.8273837	7.58e-01	-0.3123026	-6.63842	-0.01215631	DLL3	delta like canonical Notch ligand 3
218113_at	0.82776784	7.59e-01	0.3117049	-6.63861	0.017781	TMEM2	transmembrane protein 2
203296_s_at	0.82860474	7.60e-01	0.3105521	-6.63898	0.01651461	ATP1A2	ATPase Na+/K+ transporting subunit alpha 2
201058_s_at	0.82900202	7.60e-01	-0.3098859	-6.63919	-0.01913433	MYL9	myosin light chain 9
202045_s_at	0.82900202	7.60e-01	0.3098116	-6.63922	0.01312425	ARHGAP35	Rho GTPase activating protein 35
205073_at	0.82923601	7.61e-01	-0.309398	-6.63935	-0.0128373	CYP2J2	cytochrome P450 family 2 subfamily J member 2
209500_x_at	0.82929759	7.61e-01	0.3091278	-6.63944	0.03079765	TNFSF12-TNFSF13///TNFSF13	TNFSF12-TNFSF13 readthrough///tumor necrosis factor superfamily member 13
39966_at	0.82929759	7.61e-01	-0.3090691	-6.63946	-0.01798966	CSPG5	chondroitin sulfate proteoglycan 5
209457_at	0.82937476	7.61e-01	-0.3088477	-6.63953	-0.02587007	DUSP5	dual specificity phosphatase 5
207316_at	0.82961943	7.61e-01	-0.308421	-6.63966	-0.01628351	HAS1	hyaluronan synthase 1
208607_s_at	0.82972677	7.62e-01	0.3081626	-6.63975	0.01196992	SAA2-SAA4///SAA2///SAA1	SAA2-SAA4 readthrough///serum amyloid A2///serum amyloid A1
206110_at	0.83000518	7.62e-01	-0.3076944	-6.63989	-0.03994032	HIST1H3F///HIST1H3B///HIST1H3H///HIST1H3J///HIST1H3G///HIST1H3I///HIST1H3E///HIST1H3C///HIST1H3D///HIST1H3A	histone cluster 1, H3f///histone cluster 1, H3b///histone cluster 1, H3h///histone cluster 1, H3j///histone cluster 1, H3g///histone cluster 1, H3i///histone cluster 1, H3e///histone cluster 1, H3c///histone cluster 1, H3d///histone cluster 1, H3a
208124_s_at	0.83013135	7.62e-01	-0.3073833	-6.63999	-0.01221059	SEMA4F	ssemaphorin 4F
219764_at	0.83013135	7.62e-01	-0.3072862	-6.64002	-0.01060915	FZD10	frizzled class receptor 10
203273_s_at	0.83029077	7.62e-01	0.3069292	-6.64014	0.01205932	TUSC2	tumor suppressor candidate 2
208491_s_at	0.83029077	7.63e-01	-0.3067043	-6.64021	-0.0128087	PGM5	phosphoglucomutase 5
200768_s_at	0.83029077	7.63e-01	0.3066255	-6.64023	0.06361303	MAT2A	methionine adenosyltransferase 2A
220048_at	0.83029077	7.63e-01	-0.3065769	-6.64025	-0.01104478	EDAR	ectodysplasin A receptor
203304_at	0.83029077	7.63e-01	-0.3064567	-6.64029	-0.03300813	BAMBI	BMP and activin membrane bound inhibitor
205215_at	0.8305425	7.63e-01	0.3060211	-6.64043	0.01484508	RNF2	ring finger protein 2
203780_at	0.83205844	7.65e-01	0.3039762	-6.64107	0.01918705	MPZL2	myelin protein zero like 2
205847_at	0.83205844	7.65e-01	-0.3037274	-6.64115	-0.01455103	PRSS22	protease, serine 22
200878_at	0.83205844	7.65e-01	0.3037078	-6.64116	0.02431098	EPAS1	endothelial PAS domain protein 1
209978_s_at	0.83205844	7.65e-01	-0.3033495	-6.64127	-0.01341702	PLG///LPA	plasminogen///lipoprotein(a)
204928_s_at	0.83205844	7.65e-01	0.3033324	-6.64127	0.01522612	SLC10A3	solute carrier family 10 member 3
201318_s_at	0.83205844	7.65e-01	0.303284	-6.64129	0.02043456	MYL12B///MYL12A	myosin light chain 12B///myosin light chain 12A
206502_s_at	0.83205844	7.65e-01	-0.3032734	-6.64129	-0.00951073	INSM1	INSM transcriptional repressor 1
220336_s_at	0.8332985	7.66e-01	-0.3016255	-6.64181	-0.02162799	GP6	glycoprotein VI platelet
208547_at	0.83380793	7.67e-01	-0.3008738	-6.64204	-0.01475639	HIST1H2BB	histone cluster 1, H2bb
219375_at	0.83441279	7.68e-01	0.3000051	-6.64231	0.03007242	CEPT1	choline/ethanolamine phosphotransferase 1
205282_at	0.83469322	7.68e-01	-0.2995341	-6.64246	-0.01435103	LRP8	LDL receptor related protein 8
221029_s_at	0.83512984	7.68e-01	0.2988717	-6.64266	0.0135377	WNT5B	Wnt family member 5B
34210_at	0.83531343	7.69e-01	-0.2984511	-6.64279	-0.06015664	CD52	CD52 molecule
206529_x_at	0.83531343	7.69e-01	-0.2983922	-6.64281	-0.01256819	SLC26A4	solute carrier family 26 member 4
204986_s_at	0.83598602	7.70e-01	-0.2974405	-6.6431	-0.0227592	TAOK2	TAO kinase 2
202017_at	0.83613129	7.70e-01	-0.296943	-6.64326	-0.02674828	EPHX1	epoxide hydrolase 1
207995_s_at	0.83613129	7.70e-01	0.296924	-6.64326	0.01435917	CLEC4M	C-type lectin domain family 4 member M
205833_s_at	0.83613129	7.70e-01	-0.2968806	-6.64328	-0.01097516	PART1	prostate androgen-regulated transcript 1 (non-protein coding)
202735_at	0.83620597	7.70e-01	-0.2964228	-6.64342	-0.02231762	EBP	emopamil binding protein (sterol isomerase)
206270_at	0.83620597	7.70e-01	-0.2963985	-6.64342	-0.01526906	PRKCG	protein kinase C gamma
208577_at	0.83620597	7.70e-01	0.29636	-6.64344	0.01444741	HIST1H3C	histone cluster 1, H3c
201170_s_at	0.83620597	7.70e-01	0.29628	-6.64346	0.07293741	BHLHE40	basic helix-loop-helix family member e40
211838_x_at	0.83674549	7.71e-01	-0.2954911	-6.6437	-0.01113275	PCDHA5	protocadherin alpha 5
214462_at	0.83678011	7.71e-01	-0.2953213	-6.64375	-0.01585082	SOCS6	suppressor of cytokine signaling 6
214209_s_at	0.83684282	7.71e-01	0.2951171	-6.64382	0.0098269	ABCB9	ATP binding cassette subfamily B member 9
219864_s_at	0.83749273	7.72e-01	0.2941928	-6.6441	0.01565289	RCAN3	RCAN family member 3
210355_at	0.83786924	7.72e-01	-0.2935523	-6.64429	-0.01393631	PTHLH	parathyroid hormone like hormone
207709_at	0.83786924	7.73e-01	0.2934763	-6.64432	0.0097318	PRKAA2	protein kinase AMP-activated catalytic subunit alpha 2
202159_at	0.83844294	7.73e-01	-0.2924469	-6.64463	-0.01883732	FARSA	phenylalanyl-tRNA synthetase alpha subunit
219494_at	0.83844294	7.73e-01	0.2924146	-6.64464	0.02076214	RAD54B	RAD54 homolog B (S. cerevisiae)
206217_at	0.83844294	7.73e-01	0.292309	-6.64467	0.01256917	EDA	ectodysplasin A
201468_s_at	0.83844294	7.73e-01	0.2922593	-6.64468	0.012786	NQO1	NAD(P)H quinone dehydrogenase 1
206278_at	0.83844294	7.74e-01	-0.2921357	-6.64472	-0.01006557	PTAFR	platelet activating factor receptor
212843_at	0.83857279	7.74e-01	-0.2918489	-6.64481	-0.01766279	NCAM1	neural cell adhesion molecule 1
203228_at	0.83857788	7.74e-01	-0.2916181	-6.64488	-0.0225406	PAFAH1B3	platelet activating factor acetylhydrolase 1b catalytic subunit 3
218696_at	0.83857788	7.74e-01	0.2915878	-6.64489	0.03217994	EIF2AK3	eukaryotic translation initiation factor 2 alpha kinase 3
214088_s_at	0.83865714	7.74e-01	0.2913631	-6.64496	0.01710944	FUT3	fucosyltransferase 3 (Lewis blood group)
220812_s_at	0.83926666	7.75e-01	-0.290488	-6.64522	-0.01150276	HHLA2	HERV-H LTR-associating 2
205047_s_at	0.84014554	7.76e-01	0.2892825	-6.64558	0.02437837	ASNS	asparagine synthetase (glutamine-hydrolyzing)
209694_at	0.84036332	7.76e-01	0.2888879	-6.6457	0.02183007	PTS	6-pyruvoyltetrahydropterin synthase
216973_s_at	0.84056983	7.76e-01	0.288507	-6.64581	0.01788419	HOXB7	homeobox B7
205469_s_at	0.84078157	7.77e-01	0.2881197	-6.64593	0.0326676	IRF5	interferon regulatory factor 5
221367_at	0.84142635	7.77e-01	-0.2872014	-6.6462	-0.01530642	MOS	v-mos Moloney murine sarcoma viral oncogene homolog
211496_s_at	0.84144568	7.77e-01	-0.28705	-6.64625	-0.01439428	PDC	phosducin
204326_x_at	0.84170956	7.78e-01	-0.2865987	-6.64638	-0.03806354	MT1X	metallothionein 1X
221362_at	0.84196098	7.78e-01	-0.2861627	-6.64651	-0.01421667	HTR5A	5-hydroxytryptamine receptor 5A
207932_at	0.84343193	7.79e-01	-0.2842316	-6.64708	-0.01083393	IFNA8	interferon alpha 8
205122_at	0.84368505	7.80e-01	0.2837934	-6.64721	0.02491694	MSANTD3-TMEFF1///TMEFF1	MSANTD3-TMEFF1 readthrough///transmembrane protein with EGF like and two follistatin like domains 1
214684_at	0.84372422	7.80e-01	-0.2836175	-6.64726	-0.02334654	MEF2A	myocyte enhancer factor 2A
206437_at	0.84372518	7.80e-01	-0.2834646	-6.64731	-0.0218226	S1PR4	sphingosine-1-phosphate receptor 4
207158_at	0.84372518	7.80e-01	0.2833605	-6.64734	0.01271049	APOBEC1	apolipoprotein B mRNA editing enzyme catalytic subunit 1
220414_at	0.84476521	7.81e-01	-0.2819577	-6.64775	-0.00910463	CALML5	calmodulin like 5
217175_at	0.84535736	7.82e-01	0.2810447	-6.64801	0.01312365	UGT2B15	UDP glucuronosyltransferase family 2 member B15
211155_s_at	0.84535736	7.82e-01	0.2809503	-6.64804	0.01221166	THPO	thrombopoietin
200078_s_at	0.84535736	7.82e-01	-0.2806787	-6.64812	-0.02570666	ATP6V0B	ATPase H+ transporting V0 subunit b
213520_at	0.84535736	7.82e-01	0.2806136	-6.64814	0.01569588	RECQL4	RecQ like helicase 4
205145_s_at	0.84535736	7.82e-01	0.2805918	-6.64814	0.01485037	MYL5	myosin light chain 5
220482_s_at	0.84572116	7.83e-01	0.2799665	-6.64833	0.01161397	SERGEF	secretion regulating guanine nucleotide exchange factor
206624_at	0.84572116	7.83e-01	-0.2798897	-6.64835	-0.04731791	USP9Y	ubiquitin specific peptidase 9, Y-linked
204154_at	0.84573501	7.83e-01	-0.2797447	-6.64839	-0.01312908	CDO1	cysteine dioxygenase type 1
208550_x_at	0.84584711	7.83e-01	-0.2794792	-6.64847	-0.01474484	KCNG2	potassium voltage-gated channel modifier subfamily G member 2
204379_s_at	0.84700844	7.84e-01	0.2779274	-6.64891	0.01482668	FGFR3	fibroblast growth factor receptor 3
220108_at	0.84741705	7.85e-01	-0.2772984	-6.64909	-0.01272998	GNA14	G protein subunit alpha 14
207347_at	0.84901541	7.86e-01	-0.2752117	-6.64969	-0.01227031	ERCC6	ERCC excision repair 6, chromatin remodeling factor
200006_at	0.84945184	7.87e-01	-0.2745487	-6.64988	-0.02403905	PARK7	Parkinsonism associated deglycase
215705_at	0.8495509	7.87e-01	0.2742989	-6.64995	0.01189472	PPP5C	protein phosphatase 5 catalytic subunit
209717_at	0.85024895	7.88e-01	-0.2733154	-6.65023	-0.01806381	EVI5	ecotropic viral integration site 5
200747_s_at	0.85026295	7.88e-01	0.2731697	-6.65027	0.01907059	NUMA1	nuclear mitotic apparatus protein 1
204974_at	0.85103711	7.89e-01	-0.272093	-6.65058	-0.01881346	RAB3A	RAB3A, member RAS oncogene family
205406_s_at	0.85118737	7.89e-01	0.2717804	-6.65066	0.01311769	SPA17	sperm autoantigenic protein 17
206915_at	0.85226404	7.90e-01	0.2703334	-6.65107	0.01019279	NKX2-2	NK2 homeobox 2
219148_at	0.8526168	7.90e-01	-0.2697424	-6.65123	-0.03743188	PBK	PDZ binding kinase
208520_at	0.8526168	7.91e-01	-0.2695815	-6.65128	-0.00915916	OR10H3	olfactory receptor family 10 subfamily H member 3
200808_s_at	0.8526168	7.91e-01	-0.2694417	-6.65132	-0.04609217	ZYX	zyxin
209047_at	0.8526168	7.91e-01	-0.2693866	-6.65133	-0.01590432	AQP1	aquaporin 1 (Colton blood group)
203569_s_at	0.85313175	7.91e-01	0.2686272	-6.65155	0.02291465	OFD1	OFD1, centriole and centriolar satellite protein
208532_x_at	0.85335095	7.92e-01	-0.26823	-6.65166	-0.01035432	KRTAP5-8	keratin associated protein 5-8
203592_s_at	0.85399293	7.92e-01	-0.2673152	-6.65191	-0.0100262	FSTL3	follistatin like 3
205279_s_at	0.85448474	7.93e-01	0.2664697	-6.65214	0.01732505	GLRB	glycine receptor beta
208322_s_at	0.85448474	7.93e-01	-0.2664124	-6.65216	-0.02002886	ST3GAL1	ST3 beta-galactoside alpha-2,3-sialyltransferase 1
214218_s_at	0.85448474	7.93e-01	0.2663264	-6.65218	0.14590394	XIST	X inactive specific transcript (non-protein coding)
222030_at	0.85479552	7.93e-01	-0.2658169	-6.65232	-0.020817	SIVA1	SIVA1 apoptosis inducing factor
212552_at	0.85490634	7.94e-01	-0.2655523	-6.6524	-0.01996597	HPCAL1	hippocalcin like 1
209806_at	0.85495905	7.94e-01	0.2653588	-6.65245	0.06606666	HIST1H2BK	histone cluster 1, H2bk
206902_s_at	0.85531739	7.94e-01	-0.2647911	-6.65261	-0.00859198	EXOG	endo/exonuclease (5'-3'), endonuclease G-like
206552_s_at	0.85553228	7.94e-01	0.2643989	-6.65271	0.01222183	TAC1	tachykinin precursor 1
204483_at	0.85553968	7.95e-01	-0.2642609	-6.65275	-0.01195331	ENO3	enolase 3
210300_at	0.85589802	7.95e-01	0.2636931	-6.65291	0.01339416	REM1	RRAD and GEM like GTPase 1
202009_at	0.85605441	7.95e-01	-0.2633373	-6.653	-0.01677878	TWF2	twinfilin actin binding protein 2
201968_s_at	0.85605441	7.95e-01	-0.2631973	-6.65304	-0.02211221	PGM1	phosphoglucomutase 1
205617_at	0.85605441	7.95e-01	0.2630923	-6.65307	0.01511046	PRRG2	proline rich and Gla domain 2
206107_at	0.85605441	7.96e-01	-0.2629336	-6.65311	-0.01025415	RGS11	regulator of G-protein signaling 11
203688_at	0.85605441	7.96e-01	0.2628564	-6.65313	0.02733931	PKD2	polycystin 2, transient receptor potential cation channel
204550_x_at	0.8565642	7.96e-01	-0.2620424	-6.65336	-0.0333018	GSTM1	glutathione S-transferase mu 1
204409_s_at	0.8565642	7.96e-01	-0.2619739	-6.65337	-0.14064486	EIF1AY	eukaryotic translation initiation factor 1A, Y-linked
221125_s_at	0.85730044	7.97e-01	-0.2609366	-6.65365	-0.01026104	KCNMB3	potassium calcium-activated channel subfamily M regulatory beta subunit 3
206064_s_at	0.85730044	7.97e-01	0.2608138	-6.65369	0.01391474	PPIL2	peptidylprolyl isomerase like 2
221170_at	0.85732008	7.97e-01	-0.2606606	-6.65373	-0.01336604	HRH4	histamine receptor H4
205050_s_at	0.8574869	7.98e-01	-0.2602576	-6.65384	-0.01273793	MAPK8IP2	mitogen-activated protein kinase 8 interacting protein 2
204189_at	0.8574869	7.98e-01	-0.2601979	-6.65385	-0.0129597	RARG	retinoic acid receptor gamma
214806_at	0.85781155	7.98e-01	0.259671	-6.654	0.01445911	BICD1	BICD cargo adaptor 1
207395_at	0.85848028	7.99e-01	-0.2587226	-6.65425	-0.00933031	BTN1A1	butyrophilin subfamily 1 member A1
220866_at	0.85852381	7.99e-01	-0.2584766	-6.65432	-0.00991608	ADAMTS6	ADAM metallopeptidase with thrombospondin type 1 motif 6
209464_at	0.85852381	7.99e-01	0.2583746	-6.65434	0.03342504	AURKB	aurora kinase B
221346_at	0.85852381	7.99e-01	-0.2582815	-6.65437	-0.00921643	OR10J1	olfactory receptor family 10 subfamily J member 1
203006_at	0.85906134	8.00e-01	0.2574937	-6.65458	0.01501941	INPP5A	inositol polyphosphate-5-phosphatase A
208583_x_at	0.85926107	8.00e-01	0.2571197	-6.65468	0.0188254	HIST1H2AJ	histone cluster 1, H2aj
220997_s_at	0.85934435	8.00e-01	-0.2568883	-6.65474	-0.01357623	DIAPH3	diaphanous related formin 3
205729_at	0.85963154	8.01e-01	-0.2564071	-6.65487	-0.01030047	OSMR	oncostatin M receptor
204734_at	0.86005486	8.01e-01	-0.2557591	-6.65504	-0.01566966	KRT15	keratin 15
221680_s_at	0.86034349	8.01e-01	0.2552734	-6.65517	0.0116419	ETV7	ETS variant 7
218861_at	0.86034349	8.02e-01	-0.2551467	-6.6552	-0.01088674	RNF25	ring finger protein 25
203898_at	0.86060629	8.02e-01	0.2546953	-6.65532	0.01329508	CRCP	CGRP receptor component
219786_at	0.86093907	8.02e-01	-0.2541581	-6.65546	-0.01718229	TESMIN	testis expressed metallothionein like protein
209575_at	0.86095086	8.02e-01	-0.2540142	-6.6555	-0.02145384	IL10RB	interleukin 10 receptor subunit beta
204749_at	0.86144045	8.03e-01	-0.2532848	-6.65569	-0.0443454	NAP1L3	nucleosome assembly protein 1 like 3
208807_s_at	0.86183382	8.03e-01	0.2526733	-6.65585	0.01634976	CHD3	chromodomain helicase DNA binding protein 3
218825_at	0.86207556	8.04e-01	-0.2522475	-6.65596	-0.0206592	EGFL7	EGF like domain multiple 7
209088_s_at	0.86209098	8.04e-01	-0.2519885	-6.65603	-0.01987535	UBN1	ubinuclein 1
210380_s_at	0.86209098	8.04e-01	-0.2519696	-6.65604	-0.01068167	CACNA1G	calcium voltage-gated channel subunit alpha1 G
204805_s_at	0.86213062	8.04e-01	-0.251588	-6.65614	-0.05988399	H1FX	H1 histone family member X
219317_at	0.86213062	8.04e-01	0.2515347	-6.65615	0.01875622	POLI	DNA polymerase iota
206964_at	0.86213062	8.04e-01	-0.2515324	-6.65615	-0.01062158	NAT8B	N-acetyltransferase 8B (putative, gene/pseudogene)
211340_s_at	0.86246061	8.05e-01	0.2509983	-6.65629	0.00958772	MIR6756///MCAM	microRNA 6756///melanoma cell adhesion molecule
207415_at	0.86276196	8.05e-01	0.2504494	-6.65643	0.01662729	PLA2R1	phospholipase A2 receptor 1
205575_at	0.86276196	8.05e-01	-0.2503698	-6.65645	-0.00967459	C1QL1	complement C1q like 1
219591_at	0.86279845	8.05e-01	0.2501954	-6.6565	0.00874829	CEND1	cell cycle exit and neuronal differentiation 1
205742_at	0.86287112	8.05e-01	-0.2499768	-6.65656	-0.01177442	TNNI3	troponin I3, cardiac type
220779_at	0.86348672	8.06e-01	-0.2489475	-6.65682	-0.01071581	PADI3	peptidyl arginine deiminase 3
211161_s_at	0.86348672	8.06e-01	-0.2489075	-6.65683	-0.01657339	COL3A1	collagen type III alpha 1 chain
202193_at	0.86348672	8.06e-01	0.2488331	-6.65685	0.0169138	LIMK2	LIM domain kinase 2
203366_at	0.86430116	8.07e-01	-0.2476463	-6.65716	-0.01453201	POLG	DNA polymerase gamma, catalytic subunit
207212_at	0.86430116	8.07e-01	0.2475752	-6.65717	0.01506539	SLC9A3	solute carrier family 9 member A3
203187_at	0.8646325	8.08e-01	-0.2470392	-6.65731	-0.02696636	DOCK1	dedicator of cytokinesis 1
202969_at	0.86469738	8.08e-01	0.2468299	-6.65737	0.01751084	DYRK2	dual specificity tyrosine phosphorylation regulated kinase 2
204747_at	0.86478363	8.08e-01	0.2465944	-6.65743	0.013116	IFIT3	interferon induced protein with tetratricopeptide repeats 3
203616_at	0.8651304	8.08e-01	-0.2459923	-6.65758	-0.01629328	POLB	DNA polymerase beta
206694_at	0.8651304	8.09e-01	0.2459096	-6.6576	0.01181606	PNLIPRP1	pancreatic lipase related protein 1
208560_at	0.86553868	8.09e-01	-0.2452792	-6.65776	-0.00894318	KCNA10	potassium voltage-gated channel subfamily A member 10
204429_s_at	0.86554056	8.09e-01	-0.245147	-6.65779	-0.0341603	SLC2A5	solute carrier family 2 member 5
206490_at	0.8655615	8.09e-01	-0.2449431	-6.65785	-0.00995057	DLGAP1	DLG associated protein 1
205100_at	0.8655615	8.09e-01	0.2448617	-6.65787	0.00726135	GFPT2	glutamine-fructose-6-phosphate transaminase 2
216250_s_at	0.86645182	8.11e-01	0.2433036	-6.65826	0.02587608	LPXN	leupaxin
207140_at	0.86645182	8.11e-01	-0.2432717	-6.65827	-0.01167045	ALPI	alkaline phosphatase, intestinal
207513_s_at	0.86645182	8.11e-01	0.2432696	-6.65827	0.02596111	ZNF189	zinc finger protein 189
205320_at	0.86645182	8.11e-01	-0.2431597	-6.6583	-0.01069528	APC2	APC2, WNT signaling pathway regulator
209094_at	0.86645182	8.11e-01	0.2431203	-6.65831	0.04957024	DDAH1	dimethylarginine dimethylaminohydrolase 1
205253_at	0.86704078	8.11e-01	-0.2422679	-6.65852	-0.01405428	PBX1	PBX homeobox 1
217983_s_at	0.86782007	8.12e-01	0.2410665	-6.65882	0.05013261	RNASET2	ribonuclease T2
204241_at	0.86782007	8.12e-01	0.2410521	-6.65883	0.01348367	ACOX3	acyl-CoA oxidase 3, pristanoyl
221521_s_at	0.86787863	8.12e-01	-0.2408502	-6.65888	-0.02860915	GINS2	GINS complex subunit 2
213650_at	0.86816732	8.13e-01	0.240366	-6.659	0.01530929	LOC101930583///GOLGA8B///GOLGA8A	uncharacterized LOC101930583///golgin A8 family member B///golgin A8 family member A
218436_at	0.86843294	8.13e-01	0.2399101	-6.65911	0.01507129	SIL1	SIL1 nucleotide exchange factor
37028_at	0.86864092	8.13e-01	0.2395249	-6.65921	0.05718107	PPP1R15A	protein phosphatase 1 regulatory subunit 15A
221416_at	0.86868475	8.14e-01	0.2393411	-6.65925	0.01160911	PLA2G2F	phospholipase A2 group IIF
209758_s_at	0.86877129	8.14e-01	-0.2391048	-6.65931	-0.01292874	MFAP5	microfibrillar associated protein 5
203754_s_at	0.86940327	8.14e-01	-0.2381993	-6.65953	-0.01197868	BRF1	BRF1, RNA polymerase III transcription initiation factor 90 kDa subunit
206439_at	0.86945149	8.15e-01	-0.23801	-6.65958	-0.01516685	EPYC	epiphycan
213976_at	0.86945273	8.15e-01	-0.2378783	-6.65961	-0.01050518	CIZ1	CDKN1A interacting zinc finger protein 1
205102_at	0.86952482	8.15e-01	0.2376597	-6.65967	0.00830469	TMPRSS2	transmembrane protease, serine 2
206443_at	0.86962766	8.15e-01	-0.2374033	-6.65973	-0.01023769	RORB	RAR related orphan receptor B
204078_at	0.8707128	8.16e-01	0.2358608	-6.66011	0.01591724	P3H4	prolyl 3-hydroxylase family member 4 (non-enzymatic)
209468_at	0.8707128	8.16e-01	0.2358114	-6.66012	0.01487527	LRP5	LDL receptor related protein 5
207715_at	0.87117589	8.17e-01	-0.235113	-6.66029	-0.01116294	CRYGB	crystallin gamma B
35254_at	0.87135609	8.17e-01	-0.2347615	-6.66038	-0.00685867	TRAFD1	TRAF-type zinc finger domain containing 1
219532_at	0.87204304	8.18e-01	-0.2337884	-6.66061	-0.00917478	ELOVL4	ELOVL fatty acid elongase 4
38766_at	0.8724728	8.18e-01	0.2331308	-6.66077	0.00667514	TMEM265///SRCAP	transmembrane protein 265///Snf2-related CREBBP activator protein
206008_at	0.87259358	8.19e-01	-0.2328521	-6.66084	-0.00860769	TGM1	transglutaminase 1
220460_at	0.87351936	8.20e-01	0.2314869	-6.66117	0.00931908	SLCO1C1	solute carrier organic anion transporter family member 1C1
207683_at	0.87351936	8.20e-01	-0.2314555	-6.66118	-0.00806483	FOXN1	forkhead box N1
206290_s_at	0.87389956	8.20e-01	-0.2308585	-6.66132	-0.01114196	RGS7	regulator of G-protein signaling 7
221873_at	0.87400945	8.20e-01	0.2305931	-6.66138	0.01415665	ZNF143	zinc finger protein 143
210366_at	0.87457231	8.21e-01	-0.229772	-6.66158	-0.01242123	SLCO1B1	solute carrier organic anion transporter family member 1B1
209462_at	0.8759494	8.22e-01	-0.2279525	-6.66201	-0.01019457	APLP1	amyloid beta precursor like protein 1
204804_at	0.87631231	8.23e-01	0.2273767	-6.66215	0.01138477	TRIM21	tripartite motif containing 21
215446_s_at	0.87642842	8.23e-01	0.2271034	-6.66221	0.02701204	LOX	lysyl oxidase
203950_s_at	0.87646484	8.23e-01	0.2269279	-6.66225	0.01287021	CLCN6	chloride voltage-gated channel 6
203149_at	0.87647284	8.23e-01	0.2267872	-6.66229	0.01239076	NECTIN2	nectin cell adhesion molecule 2
219216_at	0.87683257	8.24e-01	0.2262151	-6.66242	0.01417493	ETAA1	Ewing tumor associated antigen 1
210690_at	0.87711721	8.24e-01	-0.2257351	-6.66253	-0.01629742	KLRC4	killer cell lectin like receptor C4
221262_s_at	0.87730095	8.24e-01	-0.2252809	-6.66264	-0.00782099	SLC2A11	solute carrier family 2 member 11
206111_at	0.87730095	8.24e-01	-0.2252479	-6.66265	-0.06416043	RNASE2	ribonuclease A family member 2
218204_s_at	0.87849971	8.26e-01	-0.2236467	-6.66302	-0.01423056	FYCO1	FYVE and coiled-coil domain containing 1
206603_at	0.87850901	8.26e-01	-0.2233938	-6.66308	-0.01059184	SLC2A4	solute carrier family 2 member 4
210962_s_at	0.87850901	8.26e-01	0.2233732	-6.66308	0.02150539	AKAP9	A-kinase anchoring protein 9
219807_x_at	0.87859436	8.26e-01	0.2231374	-6.66314	0.01141866	MIA-RAB4B///RAB4B	MIA-RAB4B readthrough (NMD candidate)///RAB4B, member RAS oncogene family
220067_at	0.87867118	8.26e-01	0.2229121	-6.66319	0.00873707	SPTBN5	spectrin beta, non-erythrocytic 5
218996_at	0.87873388	8.26e-01	-0.2227041	-6.66324	-0.01156697	TFPT	TCF3 fusion partner
207050_at	0.87908156	8.27e-01	0.2221465	-6.66337	0.00830474	CACNA2D1	calcium voltage-gated channel auxiliary subunit alpha2delta 1
202423_at	0.87915314	8.27e-01	0.2219276	-6.66342	0.02263117	KAT6A	lysine acetyltransferase 6A
206167_s_at	0.87927701	8.27e-01	-0.2216445	-6.66348	-0.024647	ARHGAP6	Rho GTPase activating protein 6
204011_at	0.87970314	8.28e-01	0.2209476	-6.66364	0.02346858	SPRY2	sprouty RTK signaling antagonist 2
220190_s_at	0.87970314	8.28e-01	-0.2208594	-6.66366	-0.01018712	STON1-GTF2A1L///GTF2A1L	STON1-GTF2A1L readthrough///general transcription factor IIA subunit 1 like
204810_s_at	0.87977379	8.28e-01	-0.2206415	-6.66371	-0.00932709	CKM	creatine kinase, M-type
218662_s_at	0.87990331	8.28e-01	0.2203514	-6.66378	0.02409798	NCAPG	non-SMC condensin I complex subunit G
219280_at	0.8811849	8.29e-01	-0.2186478	-6.66416	-0.01022695	BRWD1	bromodomain and WD repeat domain containing 1
207864_at	0.88119394	8.30e-01	-0.2185054	-6.6642	-0.01026875	SCN7A	sodium voltage-gated channel alpha subunit 7
208245_at	0.88143301	8.30e-01	-0.2180807	-6.66429	-0.01315157	RAB9BP1	RAB9B, member RAS oncogene family pseudogene 1
204954_s_at	0.88163881	8.30e-01	-0.2176969	-6.66438	-0.0094451	DYRK1B	dual specificity tyrosine phosphorylation regulated kinase 1B
206411_s_at	0.88223604	8.31e-01	0.2168327	-6.66457	0.00786306	ABL2	ABL proto-oncogene 2, non-receptor tyrosine kinase
220892_s_at	0.88282869	8.31e-01	-0.2159742	-6.66477	-0.01115633	PSAT1	phosphoserine aminotransferase 1
206370_at	0.88354127	8.32e-01	0.2149686	-6.66499	0.01513881	PIK3CG	phosphatidylinositol-4,5-bisphosphate 3-kinase catalytic subunit gamma
206939_at	0.88369732	8.32e-01	-0.2146456	-6.66506	-0.00729172	DCC	DCC netrin 1 receptor
203757_s_at	0.88424701	8.33e-01	-0.2138397	-6.66524	-0.03399384	CEACAM6	carcinoembryonic antigen related cell adhesion molecule 6
210202_s_at	0.8845968	8.34e-01	-0.213279	-6.66537	-0.03006018	BIN1	bridging integrator 1
208174_x_at	0.8857919	8.35e-01	-0.2115135	-6.66576	-0.01195494	ZRSR2	zinc finger CCCH-type, RNA binding motif and serine/arginine rich 2
218763_at	0.8857919	8.35e-01	-0.2115092	-6.66576	-0.00826756	STX18	syntaxin 18
204690_at	0.8857919	8.35e-01	0.2114179	-6.66578	0.01702808	STX8	syntaxin 8
201810_s_at	0.88702097	8.36e-01	-0.2096962	-6.66615	-0.01668665	SH3BP5	SH3 domain binding protein 5
211499_s_at	0.88702097	8.36e-01	0.2096468	-6.66616	0.00958673	MAPK11	mitogen-activated protein kinase 11
200858_s_at	0.88735399	8.37e-01	-0.2090311	-6.6663	-0.01467889	SNORD38B///SNORD55///RPS8	small nucleolar RNA, C/D box 38B///small nucleolar RNA, C/D box 55///ribosomal protein S8
207500_at	0.88735399	8.37e-01	-0.2089745	-6.66631	-0.00818391	CASP5	caspase 5
203446_s_at	0.88780129	8.37e-01	-0.2082939	-6.66646	-0.01173778	OCRL	OCRL, inositol polyphosphate-5-phosphatase
40489_at	0.88835461	8.38e-01	-0.2073939	-6.66665	-0.0100234	ATN1	atrophin 1
221065_s_at	0.88835461	8.38e-01	0.2073512	-6.66666	0.00966984	CHST8	carbohydrate sulfotransferase 8
210910_s_at	0.888804	8.39e-01	0.206668	-6.66681	0.02872534	POMZP3	POM121 and ZP3 fusion
202397_at	0.88905178	8.39e-01	-0.206232	-6.6669	-0.02277946	NUTF2P4///NUTF2	nuclear transport factor 2 pseudogene 4///nuclear transport factor 2
205991_s_at	0.88923065	8.39e-01	-0.2058805	-6.66698	-0.00809145	PRRX1	paired related homeobox 1
219333_s_at	0.88979201	8.40e-01	-0.2050598	-6.66715	-0.00880716	CAPN10	calpain 10
206877_at	0.88979203	8.40e-01	-0.2049276	-6.66718	-0.03132742	MXD1	MAX dimerization protein 1
206365_at	0.88983267	8.40e-01	0.2047455	-6.66722	0.01136207	XCL1	X-C motif chemokine ligand 1
212501_at	0.89052079	8.41e-01	0.2037692	-6.66742	0.02813199	CEBPB	CCAAT/enhancer binding protein beta
200837_at	0.89115738	8.42e-01	0.2028561	-6.66762	0.01389128	BCAP31	B-cell receptor-associated protein 31
216247_at	0.8914538	8.42e-01	-0.2023602	-6.66772	-0.00995963	SNORD54///RPS20	small nucleolar RNA, C/D box 54///ribosomal protein S20
220162_s_at	0.89184382	8.42e-01	0.2017494	-6.66785	0.01611721	DNLZ///CARD9	DNL-type zinc finger///caspase recruitment domain family member 9
208083_s_at	0.89246505	8.43e-01	-0.2008551	-6.66804	-0.00999884	LOC100505984///ITGB6	uncharacterized LOC100505984///integrin subunit beta 6
214559_at	0.89382662	8.44e-01	-0.1990529	-6.66841	-0.00651219	DRD3	dopamine receptor D3
206873_at	0.89393673	8.45e-01	0.1987853	-6.66846	0.01128146	CA6	carbonic anhydrase 6
209652_s_at	0.89395535	8.45e-01	-0.1986298	-6.6685	-0.00540539	PGF	placental growth factor
219712_s_at	0.89446741	8.45e-01	-0.1978692	-6.66865	-0.00789806	SHPK///TRPV1	sedoheptulokinase///transient receptor potential cation channel subfamily V member 1
221053_s_at	0.89495987	8.46e-01	-0.1970656	-6.66882	-0.00822573	TDRKH	tudor and KH domain containing
208201_at	0.89495987	8.46e-01	-0.1969999	-6.66883	-0.00757624	DUX4L24///DBET///LOC100291626///DUX4///LOC100288289///LOC100287823///LOC100133400///DUX4L2///DUX4L3///DUX4L5///DUX4L6///DUX4L7///LOC652301///DUX4L4///DUX4L8///DUX3///DUX4L1	double homeobox 4 like 24///D4Z4 binding element transcript (non-protein coding)///double homeobox protein 4-like///double homeobox 4///double homeobox protein 4-like protein 2-like///double homeobox protein 4-like protein 4///double homeobox protein 4-like protein 4-like///double homeobox 4 like 2///double homeobox 4 like 3///double homeobox 4 like 5///double homeobox 4 like 6///double homeobox 4 like 7///double homeobox protein 4-like protein 4-like///double homeobox 4 like 4///double homeobox 4 like 8///double homeobox 3///double homeobox 4 like 1
218801_at	0.89535431	8.47e-01	0.1963834	-6.66896	0.00926392	UGGT2	UDP-glucose glycoprotein glucosyltransferase 2
201163_s_at	0.89594899	8.47e-01	0.1955214	-6.66913	0.02755269	IGFBP7	insulin like growth factor binding protein 7
210683_at	0.89600443	8.47e-01	0.1953205	-6.66917	0.0084073	NRTN	neurturin
209821_at	0.89709284	8.49e-01	-0.1936101	-6.66952	-0.01666639	IL33	interleukin 33
220319_s_at	0.89709284	8.49e-01	-0.1935609	-6.66953	-0.01866652	MYLIP	myosin regulatory light chain interacting protein
220440_at	0.89709284	8.49e-01	0.1934285	-6.66955	0.00701848	LGALS13	galectin 13
221630_s_at	0.89709284	8.49e-01	0.1934213	-6.66956	0.0104059	DDX4	DEAD-box helicase 4
204268_at	0.89709284	8.49e-01	-0.1933211	-6.66958	-0.00734115	S100A2	S100 calcium binding protein A2
209848_s_at	0.89712951	8.49e-01	-0.1931432	-6.66961	-0.00963891	PMEL	premelanosome protein
219398_at	0.89713726	8.49e-01	0.1930007	-6.66964	0.00648939	CIDEC	cell death inducing DFFA like effector c
215698_at	0.89715764	8.49e-01	-0.1928428	-6.66967	-0.01563191	KDM5A	lysine demethylase 5A
209333_at	0.89796293	8.50e-01	0.1915999	-6.66992	0.0085911	ULK1	unc-51 like autophagy activating kinase 1
204592_at	0.89796293	8.50e-01	-0.1915888	-6.66992	-0.00659475	DLG4	discs large MAGUK scaffold protein 4
204919_at	0.89814591	8.50e-01	0.1912312	-6.66999	0.00861859	PRH1-PRR4///PRR4	PRH1-PRR4 readthrough///proline rich 4 (lacrimal)
206099_at	0.89851965	8.51e-01	-0.1906396	-6.67011	-0.01248577	PRKCH	protein kinase C eta
204418_x_at	0.89859746	8.51e-01	-0.190411	-6.67016	-0.02917908	GSTM2	glutathione S-transferase mu 2 (muscle)
209310_s_at	0.89885764	8.51e-01	-0.1899587	-6.67025	-0.01338184	CASP4	caspase 4
210265_x_at	0.89887483	8.52e-01	-0.1898044	-6.67028	-0.00954833	POU5F1P3	POU class 5 homeobox 1 pseudogene 3
207065_at	0.8989903	8.52e-01	-0.1895296	-6.67033	-0.00725015	KRT75	keratin 75
204490_s_at	0.89919282	8.52e-01	0.1891479	-6.6704	0.02155431	CD44	CD44 molecule (Indian blood group)
51176_at	0.90050674	8.54e-01	0.1872761	-6.67077	0.00917194	MED27	mediator complex subunit 27
206139_at	0.90050674	8.54e-01	0.1872689	-6.67077	0.0068483	PI4KB	phosphatidylinositol 4-kinase beta
205598_at	0.9010003	8.54e-01	-0.1864948	-6.67092	-0.01045558	TRAIP	TRAF interacting protein
214910_s_at	0.9010003	8.54e-01	0.186362	-6.67095	0.00922619	APOM	apolipoprotein M
204828_at	0.9010003	8.54e-01	-0.1861769	-6.67098	-0.00992232	RAD9A	RAD9 checkpoint clamp component A
208588_at	0.9010003	8.54e-01	0.1861299	-6.67099	0.01176438	TPT1P8	tumor protein, translationally-controlled 1 pseudogene 8
204390_at	0.90110533	8.55e-01	0.1858676	-6.67104	0.00937837	TRIM24	tripartite motif containing 24
208349_at	0.90116364	8.55e-01	0.1856627	-6.67108	0.00741675	TRPA1	transient receptor potential cation channel subfamily A member 1
210237_at	0.90123232	8.55e-01	0.185435	-6.67113	0.01125152	ARTN	artemin
219704_at	0.90123232	8.55e-01	0.1852763	-6.67116	0.01250739	YBX2	Y-box binding protein 2
202088_at	0.90123232	8.55e-01	0.1851165	-6.67119	0.02034147	SLC39A6	solute carrier family 39 member 6
200030_s_at	0.90123232	8.55e-01	0.185045	-6.6712	0.0126975	SLC25A3	solute carrier family 25 member 3
218773_s_at	0.90128187	8.55e-01	-0.1848507	-6.67124	-0.0174849	MSRB2	methionine sulfoxide reductase B2
203918_at	0.90128827	8.56e-01	-0.1847095	-6.67127	-0.00837951	PCDH1	protocadherin 1
222020_s_at	0.90174039	8.56e-01	-0.1839692	-6.67141	-0.00901194	LOC102725271///NTM	neurotrimin-like///neurotrimin
201050_at	0.90174039	8.56e-01	0.1838874	-6.67142	0.01608606	PLD3	phospholipase D family member 3
216030_s_at	0.90200617	8.57e-01	-0.1834275	-6.67151	-0.01198639	SEMG2	semenogelin II
204880_at	0.90261965	8.57e-01	-0.1825405	-6.67168	-0.01339718	MGMT	O-6-methylguanine-DNA methyltransferase
214406_s_at	0.90271225	8.58e-01	-0.1821614	-6.67175	-0.00763201	SLC7A4	solute carrier family 7 member 4
220158_at	0.90271225	8.58e-01	0.1821597	-6.67175	0.00785681	LGALS14	galectin 14
203499_at	0.90280261	8.58e-01	-0.1818039	-6.67182	-0.00876277	EPHA2	EPH receptor A2
206813_at	0.90280261	8.58e-01	0.1816805	-6.67184	0.00831504	CTF1	cardiotrophin 1
216696_s_at	0.90280261	8.58e-01	-0.1816419	-6.67185	-0.00830086	PRODH2	proline dehydrogenase 2
208013_s_at	0.90280261	8.58e-01	-0.1815147	-6.67187	-0.0071881	ACRV1	acrosomal vesicle protein 1
221999_at	0.9032571	8.59e-01	0.1808226	-6.672	0.00770994	VRK3	vaccinia related kinase 3
203245_s_at	0.90334831	8.59e-01	0.180577	-6.67205	0.0112674	LINC00094	long intergenic non-protein coding RNA 94
204039_at	0.90397167	8.59e-01	-0.1796772	-6.67222	-0.04125677	CEBPA	CCAAT/enhancer binding protein alpha
205509_at	0.90437051	8.60e-01	0.1790408	-6.67234	0.00847146	CPB1	carboxypeptidase B1
214463_x_at	0.90437051	8.60e-01	0.1789197	-6.67236	0.01110791	HIST1H4J	histone cluster 1, H4j
213296_at	0.90442676	8.60e-01	0.178527	-6.67243	0.0078817	RER1	retention in endoplasmic reticulum sorting receptor 1
208536_s_at	0.90442676	8.60e-01	0.1785216	-6.67243	0.00724701	BCL2L11	BCL2 like 11
213592_at	0.90442676	8.60e-01	-0.1784496	-6.67245	-0.00694493	APLNR	apelin receptor
220627_at	0.90445369	8.61e-01	-0.1782828	-6.67248	-0.00727123	CST8	cystatin 8
219845_at	0.90548717	8.62e-01	0.1768784	-6.67274	0.00897421	BARX1	BARX homeobox 1
218486_at	0.90591151	8.62e-01	-0.1762229	-6.67286	-0.02426211	KLF11	Kruppel like factor 11
47571_at	0.90592788	8.62e-01	-0.176069	-6.67288	-0.00701876	ZNF236	zinc finger protein 236
207593_at	0.90633515	8.63e-01	-0.1751097	-6.67306	-0.00617644	ABCG4	ATP binding cassette subfamily G member 4
208924_at	0.90633515	8.63e-01	0.1750715	-6.67307	0.01252035	RNF11	ring finger protein 11
207457_s_at	0.90633515	8.63e-01	0.1749419	-6.67309	0.00734741	LY6G6F///LY6G6D	lymphocyte antigen 6 complex, locus G6F///lymphocyte antigen 6 complex, locus G6D
200974_at	0.90633515	8.63e-01	-0.1749011	-6.6731	-0.02111547	ACTA2	actin, alpha 2, smooth muscle, aorta
204981_at	0.90633515	8.63e-01	0.174885	-6.6731	0.00760939	SLC22A18	solute carrier family 22 member 18
218990_s_at	0.90633515	8.63e-01	0.1747651	-6.67312	0.0084872	SPRR3	small proline rich protein 3
207280_at	0.90664421	8.64e-01	-0.1742511	-6.67321	-0.00698043	RNF185-AS1	RNF185 antisense RNA 1
203307_at	0.90666948	8.64e-01	0.1739894	-6.67326	0.0080548	GNL1	G protein nucleolar 1 (putative)
213014_at	0.90666948	8.64e-01	0.1739522	-6.67327	0.00866352	MAPK8IP1	mitogen-activated protein kinase 8 interacting protein 1
216856_s_at	0.90766055	8.65e-01	-0.172599	-6.67351	-0.00875418	DLEU2	deleted in lymphocytic leukemia 2 (non-protein coding)
214549_x_at	0.90778265	8.65e-01	-0.1723148	-6.67356	-0.01001294	SPRR1A	small proline rich protein 1A
202441_at	0.90787744	8.65e-01	0.1719786	-6.67362	0.01756495	ERLIN1	ER lipid raft associated 1
207109_at	0.90787744	8.65e-01	-0.1719301	-6.67363	-0.00859446	POU2F3	POU class 2 homeobox 3
200887_s_at	0.90813024	8.66e-01	-0.171485	-6.67371	-0.02379449	STAT1	signal transducer and activator of transcription 1
201827_at	0.90833686	8.66e-01	0.1710967	-6.67378	0.01696679	SMARCD2	SWI/SNF related, matrix associated, actin dependent regulator of chromatin, subfamily d, member 2
117_at	0.90859848	8.66e-01	-0.1706407	-6.67386	-0.00771297	HSPA6	heat shock protein family A (Hsp70) member 6
207299_s_at	0.9087267	8.67e-01	0.1702648	-6.67393	0.01345904	GRM1	glutamate metabotropic receptor 1
202106_at	0.9087267	8.67e-01	-0.170207	-6.67394	-0.01379356	GOLGA3	golgin A3
204475_at	0.9087267	8.67e-01	-0.1700806	-6.67396	-0.01221664	MMP1	matrix metallopeptidase 1
218275_at	0.90890826	8.67e-01	-0.1695966	-6.67404	-0.00690765	SLC25A10	solute carrier family 25 member 10
207113_s_at	0.90890826	8.67e-01	-0.1695889	-6.67405	-0.00697911	TNF	tumor necrosis factor
208021_s_at	0.90901074	8.67e-01	0.1693287	-6.67409	0.01030583	RFC1	replication factor C subunit 1
206894_at	0.90910165	8.68e-01	0.1690826	-6.67413	0.00778311	APOA4	apolipoprotein A4
206579_at	0.90978046	8.68e-01	0.1681126	-6.6743	0.00797496	ZKSCAN8	zinc finger with KRAB and SCAN domains 8
208601_s_at	0.91079535	8.69e-01	-0.1667288	-6.67455	-0.0207157	TUBB1	tubulin beta 1 class VI
206558_at	0.91107687	8.70e-01	-0.1662479	-6.67463	-0.00797542	SIM2	single-minded family bHLH transcription factor 2
207146_at	0.91152819	8.70e-01	0.1655578	-6.67475	0.00701005	KRT32	keratin 32
206700_s_at	0.91164453	8.71e-01	-0.1652802	-6.67479	-0.06443382	KDM5D	lysine demethylase 5D
209487_at	0.91212273	8.71e-01	-0.1645395	-6.67492	-0.02002387	RBPMS	RNA binding protein with multiple splicing
219229_at	0.91212273	8.71e-01	-0.1644225	-6.67494	-0.01651935	SLCO3A1	solute carrier organic anion transporter family member 3A1
204567_s_at	0.91264681	8.72e-01	-0.1636427	-6.67507	-0.01637887	ABCG1	ATP binding cassette subfamily G member 1
207177_at	0.91311622	8.72e-01	-0.1628178	-6.67521	-0.00991561	PTGFR	prostaglandin F receptor
210657_s_at	0.91311622	8.73e-01	0.1627956	-6.67522	0.00907198	SEPT4	septin 4
214270_s_at	0.91312041	8.73e-01	-0.1626558	-6.67524	-0.00555011	MAPRE3	microtubule associated protein RP/EB family member 3
202474_s_at	0.9133618	8.73e-01	0.162224	-6.67531	0.01401378	HCFC1	host cell factor C1
209370_s_at	0.91343612	8.73e-01	-0.1619062	-6.67537	-0.00563076	SH3BP2	SH3 domain binding protein 2
213844_at	0.91343612	8.73e-01	0.1617668	-6.67539	0.03656298	HOXA5	homeobox A5
207935_s_at	0.91343612	8.73e-01	0.1617287	-6.6754	0.01024652	KRT13	keratin 13
218854_at	0.91350344	8.74e-01	0.1612619	-6.67548	0.01732725	DSE	dermatan sulfate epimerase
200814_at	0.91350344	8.74e-01	0.1609519	-6.67553	0.01066354	PSME1	proteasome activator subunit 1
220040_x_at	0.91350344	8.74e-01	0.1609434	-6.67553	0.00940601	ZC4H2	zinc finger C4H2-type containing
214581_x_at	0.91350344	8.74e-01	-0.1608873	-6.67554	-0.01149798	TNFRSF21	TNF receptor superfamily member 21
213622_at	0.91350344	8.74e-01	-0.1608736	-6.67554	-0.00626141	COL9A2	collagen type IX alpha 2 chain
220802_at	0.91350344	8.74e-01	-0.160767	-6.67556	-0.00761537	KCNH4	potassium voltage-gated channel subfamily H member 4
207530_s_at	0.91350344	8.74e-01	-0.1607037	-6.67557	-0.00753317	CDKN2B	cyclin dependent kinase inhibitor 2B
218869_at	0.91392379	8.75e-01	0.1598585	-6.67571	0.01217596	MLYCD	malonyl-CoA decarboxylase
221456_at	0.91392379	8.75e-01	0.1597955	-6.67572	0.00760629	TAS2R3	taste 2 receptor member 3
206161_s_at	0.91392379	8.75e-01	0.1597337	-6.67573	0.00698112	SYT5	synaptotagmin 5
216083_s_at	0.91392379	8.75e-01	0.1595847	-6.67576	0.00657521	NEU3	neuraminidase 3
204398_s_at	0.91392379	8.75e-01	-0.1593264	-6.6758	-0.00617178	EML2	echinoderm microtubule associated protein like 2
210340_s_at	0.91392379	8.75e-01	-0.1592312	-6.67581	-0.00923296	CSF2RA	colony stimulating factor 2 receptor alpha subunit
217813_s_at	0.91392379	8.75e-01	-0.1591694	-6.67582	-0.01838389	SPIN1	spindlin 1
207126_x_at	0.91392379	8.76e-01	0.1588662	-6.67587	0.00713501	UGT1A1///UGT1A4///UGT1A9///UGT1A6///UGT1A8///UGT1A10	UDP glucuronosyltransferase family 1 member A1///UDP glucuronosyltransferase family 1 member A4///UDP glucuronosyltransferase family 1 member A9///UDP glucuronosyltransferase family 1 member A6///UDP glucuronosyltransferase family 1 member A8///UDP glucuronosyltransferase family 1 member A10
205916_at	0.91392379	8.76e-01	0.1586603	-6.67591	0.0086408	S100A7	S100 calcium binding protein A7
204824_at	0.91392379	8.76e-01	0.158599	-6.67592	0.01208772	ENDOG	endonuclease G
207772_s_at	0.91392379	8.76e-01	-0.15855	-6.67593	-0.00588822	PRMT8	protein arginine methyltransferase 8
204936_at	0.91392379	8.76e-01	0.1584731	-6.67594	0.00784047	MAP4K2	mitogen-activated protein kinase kinase kinase kinase 2
215001_s_at	0.91392379	8.76e-01	-0.1582956	-6.67597	-0.01529609	GLUL	glutamate-ammonia ligase
211421_s_at	0.91392379	8.76e-01	0.1582394	-6.67598	0.00623494	RET	ret proto-oncogene
202621_at	0.91392379	8.76e-01	0.1581666	-6.67599	0.01486128	IRF3	interferon regulatory factor 3
220257_x_at	0.91425111	8.77e-01	-0.1576279	-6.67608	-0.00818977	NXF2B///NXF2	nuclear RNA export factor 2B///nuclear RNA export factor 2
221210_s_at	0.91429294	8.77e-01	0.1574416	-6.67611	0.01959487	NPL	N-acetylneuraminate pyruvate lyase
221406_s_at	0.91535897	8.78e-01	0.1559909	-6.67634	0.00683401	MSH5-SAPCD1///SAPCD1	MSH5-SAPCD1 readthrough (NMD candidate)///suppressor APC domain containing 1
206305_s_at	0.91552502	8.78e-01	-0.1556511	-6.6764	-0.00723191	C8A	complement component 8 alpha subunit
33850_at	0.9160489	8.79e-01	0.1548696	-6.67653	0.00696915	MAP4	microtubule associated protein 4
218901_at	0.91658394	8.79e-01	-0.1540742	-6.67665	-0.01342646	PLSCR4	phospholipid scramblase 4
214804_at	0.91666311	8.79e-01	0.1538416	-6.67669	0.00754213	CENPI	centromere protein I
205066_s_at	0.91687484	8.80e-01	-0.1534452	-6.67675	-0.00678566	ENPP1	ectonucleotide pyrophosphatase/phosphodiesterase 1
215783_s_at	0.91711674	8.80e-01	0.1530116	-6.67682	0.00771242	ALPL	alkaline phosphatase, liver/bone/kidney
221240_s_at	0.91718281	8.80e-01	0.1526833	-6.67687	0.00605252	B3GNT4	UDP-GlcNAc:betaGal beta-1,3-N-acetylglucosaminyltransferase 4
214580_x_at	0.91718281	8.80e-01	0.1525865	-6.67689	0.00773313	KRT6C///KRT6B///KRT6A	keratin 6C///keratin 6B///keratin 6A
208281_x_at	0.91718281	8.80e-01	-0.1525253	-6.6769	-0.0067882	DAZ4///DAZ2///DAZ3///DAZ1	deleted in azoospermia 4///deleted in azoospermia 2///deleted in azoospermia 3///deleted in azoospermia 1
206469_x_at	0.91726533	8.81e-01	-0.1522884	-6.67694	-0.00782562	AKR7A3	aldo-keto reductase family 7 member A3
204613_at	0.91809034	8.82e-01	-0.1511344	-6.67712	-0.00728408	PLCG2	phospholipase C gamma 2
207893_at	0.91852841	8.82e-01	-0.1503971	-6.67723	-0.00654253	SRY	sex determining region Y
205548_s_at	0.91852841	8.82e-01	0.1503232	-6.67725	0.02185568	BTG3	BTG anti-proliferation factor 3
202439_s_at	0.91923677	8.83e-01	0.149313	-6.6774	0.01362961	IDS	iduronate 2-sulfatase
207414_s_at	0.91948797	8.83e-01	-0.1488675	-6.67747	-0.00775366	LOC100507472///PCSK6	uncharacterized LOC100507472///proprotein convertase subtilisin/kexin type 6
207501_s_at	0.91954528	8.84e-01	0.1486312	-6.67751	0.00637434	FGF12	fibroblast growth factor 12
221488_s_at	0.91954528	8.84e-01	0.1482979	-6.67756	0.01187689	CUTA	cutA divalent cation tolerance homolog
209846_s_at	0.91954528	8.84e-01	-0.1482814	-6.67756	-0.02164094	BTN3A2	butyrophilin subfamily 3 member A2
206807_s_at	0.91954528	8.84e-01	-0.1481849	-6.67758	-0.0050699	ADD2	adducin 2
221323_at	0.91954528	8.84e-01	-0.1480361	-6.6776	-0.00640052	ULBP1	UL16 binding protein 1
219827_at	0.91954528	8.84e-01	-0.147817	-6.67763	-0.00655088	UCP3	uncoupling protein 3
202105_at	0.91954528	8.84e-01	0.1477941	-6.67764	0.00968143	IGBP1	immunoglobulin (CD79A) binding protein 1
207927_at	0.91954528	8.84e-01	-0.1477153	-6.67765	-0.00778161	HTR7	5-hydroxytryptamine receptor 7
203752_s_at	0.91991348	8.85e-01	0.1471249	-6.67774	0.03551797	JUND	JunD proto-oncogene, AP-1 transcription factor subunit
204830_x_at	0.91993895	8.85e-01	0.1469582	-6.67777	0.00527642	PSG5	pregnancy specific beta-1-glycoprotein 5
208292_at	0.92045562	8.85e-01	-0.1460881	-6.6779	-0.00548863	BMP10	bone morphogenetic protein 10
60528_at	0.92045562	8.86e-01	-0.1460489	-6.6779	-0.00491631	PLA2G4B///JMJD7-PLA2G4B	phospholipase A2 group IVB///JMJD7-PLA2G4B readthrough
202066_at	0.92059657	8.86e-01	-0.1457393	-6.67795	-0.01188244	PPFIA1	PTPRF interacting protein alpha 1
200623_s_at	0.92117526	8.86e-01	0.1448884	-6.67808	0.02174521	CALM3///CALM2///CALM1	calmodulin 3///calmodulin 2///calmodulin 1
35148_at	0.92161743	8.87e-01	-0.1442013	-6.67818	-0.00684577	TJP3	tight junction protein 3
220625_s_at	0.92161743	8.87e-01	-0.1440708	-6.6782	-0.00730431	ELF5	E74 like ETS transcription factor 5
221010_s_at	0.92170048	8.87e-01	0.1438327	-6.67824	0.00718703	SIRT5	sirtuin 5
208504_x_at	0.9218455	8.87e-01	0.1435179	-6.67828	0.00680344	PCDHB11	protocadherin beta 11
214114_x_at	0.92219619	8.88e-01	0.1428382	-6.67839	0.00764472	FASTK	Fas activated serine/threonine kinase
218308_at	0.92219619	8.88e-01	-0.1428132	-6.67839	-0.01636213	TACC3	transforming acidic coiled-coil containing protein 3
206224_at	0.92230003	8.88e-01	0.1425493	-6.67843	0.00489777	CST1	cystatin SN
204737_s_at	0.92246027	8.88e-01	0.1422155	-6.67848	0.00682177	MYH7///MYH6	myosin, heavy chain 7, cardiac muscle, beta///myosin heavy chain 6
208597_at	0.9227954	8.89e-01	0.1416654	-6.67856	0.00603839	CNTF	ciliary neurotrophic factor
207688_s_at	0.92289702	8.89e-01	0.141295	-6.67861	0.01570197	INHBC	inhibin beta C subunit
221153_s_at	0.92289702	8.89e-01	0.1412475	-6.67862	0.00690158		
208849_at	0.92289702	8.89e-01	0.1410535	-6.67865	0.00591619		
200998_s_at	0.92289702	8.89e-01	-0.1409975	-6.67866	-0.01166961	CKAP4	cytoskeleton associated protein 4
221309_at	0.92352266	8.90e-01	0.1400876	-6.67879	0.00747815	RBM17	RNA binding motif protein 17
202785_at	0.92360497	8.90e-01	0.1398501	-6.67882	0.0096848	NDUFA7	NADH:ubiquinone oxidoreductase subunit A7
206578_at	0.92415998	8.91e-01	0.1388933	-6.67896	0.00510661	NKX2-5	NK2 homeobox 5
207634_at	0.92415998	8.91e-01	0.1388917	-6.67896	0.00628963	PDCD1	programmed cell death 1
219831_at	0.92440371	8.91e-01	0.1383801	-6.67904	0.00635127	CDKL3	cyclin dependent kinase like 3
208490_x_at	0.92440371	8.92e-01	0.1383186	-6.67905	0.01962254	HIST1H2BC///HIST1H2BI///HIST1H2BE///HIST1H2BF///HIST1H2BG	histone cluster 1, H2bc///histone cluster 1, H2bi///histone cluster 1, H2be///histone cluster 1, H2bf///histone cluster 1, H2bg
200982_s_at	0.92453421	8.92e-01	0.1380213	-6.67909	0.02519472	ANXA6	annexin A6
49327_at	0.92524582	8.93e-01	0.1370044	-6.67923	0.00506858	SIRT3	sirtuin 3
220357_s_at	0.92584562	8.93e-01	-0.1361259	-6.67936	-0.00751718	SGK2	SGK2, serine/threonine kinase 2
221136_at	0.92616352	8.94e-01	0.1355964	-6.67943	0.00554339	GDF2	growth differentiation factor 2
219027_s_at	0.92624937	8.94e-01	-0.1353542	-6.67947	-0.007324	MYO9A	myosin IXA
208256_at	0.92733909	8.95e-01	0.1338688	-6.67967	0.00762563	EFNA2	ephrin A2
218183_at	0.92764677	8.96e-01	0.1331914	-6.67977	0.00670589	CDIP1	cell death inducing p53 target 1
201059_at	0.92764677	8.96e-01	-0.1331789	-6.67977	-0.01423118	CTTN	cortactin
206406_at	0.92764677	8.96e-01	-0.1329981	-6.67979	-0.00612832	SMCP	sperm mitochondria associated cysteine rich protein
221409_at	0.92764677	8.96e-01	-0.1328079	-6.67982	-0.00544418	OR2S2	olfactory receptor family 2 subfamily S member 2 (gene/pseudogene)
220496_at	0.92764677	8.96e-01	-0.1328075	-6.67982	-0.02076765	CLEC1B	C-type lectin domain family 1 member B
207502_at	0.92775942	8.96e-01	-0.1325318	-6.67986	-0.00670768	GUCA2B	guanylate cyclase activator 2B
207209_at	0.92794308	8.96e-01	0.1321682	-6.67991	0.00508607	CETN1	centrin 1
205080_at	0.92798438	8.96e-01	-0.1319809	-6.67993	-0.00463433	RARB	retinoic acid receptor beta
210550_s_at	0.92815279	8.97e-01	0.1315726	-6.67999	0.00576639	RASGRF1	Ras protein specific guanine nucleotide releasing factor 1
207179_at	0.92815279	8.97e-01	-0.1315	-6.68	-0.0056681	TLX1	T-cell leukemia homeobox 1
205124_at	0.9284648	8.97e-01	0.1309772	-6.68007	0.00596417	MEF2B///BORCS8///BORCS8-MEF2B	myocyte enhancer factor 2B///BLOC-1 related complex subunit 8///BORCS8-MEF2B readthrough
201256_at	0.9289776	8.98e-01	0.1302055	-6.68018	0.00945964	COX7A2L	cytochrome c oxidase subunit 7A2 like
220247_at	0.92902805	8.98e-01	0.1300067	-6.6802	0.00547603	KNL1	kinetochore scaffold 1
208830_s_at	0.92913107	8.98e-01	-0.1296921	-6.68025	-0.00676062	SUPT6H	SPT6 homolog, histone chaperone
205046_at	0.92913107	8.98e-01	0.1296066	-6.68026	0.01371077	CENPE	centromere protein E
207352_s_at	0.92945567	8.99e-01	-0.1290679	-6.68033	-0.00472782	GABRB2	gamma-aminobutyric acid type A receptor beta2 subunit
35150_at	0.92951197	8.99e-01	0.1288619	-6.68036	0.00439857	CD40	CD40 molecule
207581_s_at	0.93012887	9.00e-01	0.1279607	-6.68048	0.00852664	MAGEB4	MAGE family member B4
207187_at	0.93054789	9.00e-01	-0.1273048	-6.68056	-0.00577968	JAK3	Janus kinase 3
207546_at	0.93069912	9.00e-01	-0.1269809	-6.68061	-0.00472226	ATP4B	ATPase H+/K+ transporting beta subunit
220605_s_at	0.93113819	9.01e-01	0.1263	-6.6807	0.00485549	SIRT2	sirtuin 2
220474_at	0.9311939	9.01e-01	0.1260944	-6.68072	0.0078042	SLC25A21	solute carrier family 25 member 21
219461_at	0.93155256	9.02e-01	-0.1255131	-6.6808	-0.00825927	PAK6	p21 (RAC1) activated kinase 6
202957_at	0.9321225	9.02e-01	0.1246698	-6.68091	0.01285519	HCLS1	hematopoietic cell-specific Lyn substrate 1
204888_s_at	0.93256884	9.03e-01	0.1238653	-6.68101	0.00511894	NEURL1	neuralized E3 ubiquitin protein ligase 1
207944_at	0.93256884	9.03e-01	0.123843	-6.68102	0.00471548	OCM2	oncomodulin 2
207771_at	0.93301802	9.03e-01	0.1231492	-6.68111	0.00614589	SLC5A2	solute carrier family 5 member 2
202338_at	0.93359026	9.04e-01	0.1222398	-6.68122	0.01193096	TK1	thymidine kinase 1
207192_at	0.93359026	9.04e-01	-0.1221659	-6.68123	-0.00674216	DNASE1L2	deoxyribonuclease 1 like 2
202087_s_at	0.93395662	9.05e-01	-0.1215746	-6.68131	-0.01592629	CTSL	cathepsin L
219191_s_at	0.93440194	9.05e-01	0.1208853	-6.68139	0.01277461	BIN2	bridging integrator 2
209277_at	0.93527427	9.06e-01	0.1196662	-6.68154	0.00491114	TFPI2	tissue factor pathway inhibitor 2
207248_at	0.93566257	9.07e-01	-0.1190475	-6.68162	-0.00467003	KCNA4	potassium voltage-gated channel subfamily A member 4
200924_s_at	0.93574066	9.07e-01	0.1186916	-6.68167	0.0132378	SLC3A2	solute carrier family 3 member 2
202702_at	0.93574066	9.07e-01	0.1184658	-6.68169	0.00513829	TRIM26	tripartite motif containing 26
206527_at	0.93574066	9.07e-01	0.1183086	-6.68171	0.00479113	ABAT	4-aminobutyrate aminotransferase
210165_at	0.93574066	9.07e-01	-0.1182907	-6.68171	-0.00449542	DNASE1	deoxyribonuclease 1
220964_s_at	0.93574066	9.07e-01	-0.1182657	-6.68172	-0.00693162	RAB1B	RAB1B, member RAS oncogene family
221459_at	0.93693128	9.08e-01	0.1166508	-6.68191	0.00556382	TAAR5	trace amine associated receptor 5
208372_s_at	0.93693201	9.09e-01	-0.1165128	-6.68193	-0.00521929	LIMK1	LIM domain kinase 1
205152_at	0.93754095	9.09e-01	-0.1156197	-6.68204	-0.00518395	SLC6A1	solute carrier family 6 member 1
204220_at	0.9376971	9.09e-01	0.1152887	-6.68208	0.01149186	GMFG	glia maturation factor gamma
207044_at	0.93820946	9.10e-01	-0.1145154	-6.68217	-0.0046402	THRB	thyroid hormone receptor beta
205116_at	0.9393617	9.11e-01	-0.1129407	-6.68236	-0.00450599	LAMA2	laminin subunit alpha 2
203844_at	0.9393617	9.11e-01	-0.1128103	-6.68237	-0.00616857	VHL	von Hippel-Lindau tumor suppressor
213845_at	0.93965668	9.12e-01	0.1122826	-6.68243	0.00648058	GRIK2	glutamate ionotropic receptor kainate type subunit 2
204061_at	0.93965668	9.12e-01	-0.1121692	-6.68245	-0.01140317	PRKX	protein kinase, X-linked
218548_x_at	0.94009377	9.12e-01	0.1114889	-6.68253	0.00744779	TEX264	testis expressed 264
209678_s_at	0.94029393	9.13e-01	0.1111029	-6.68257	0.0153734	PRKCI	protein kinase C iota
220705_s_at	0.94030084	9.13e-01	0.1109568	-6.68259	0.00568129	ADAMTS7	ADAM metallopeptidase with thrombospondin type 1 motif 7
221446_at	0.94173386	9.14e-01	0.1089839	-6.68281	0.00483225	ADAM30	ADAM metallopeptidase domain 30
207766_at	0.94173386	9.14e-01	-0.1089018	-6.68282	-0.00490171	CDKL1	cyclin dependent kinase like 1
219612_s_at	0.94178657	9.15e-01	-0.1086987	-6.68285	-0.00610665	FGG	fibrinogen gamma chain
201871_s_at	0.94214665	9.15e-01	0.1080526	-6.68292	0.00559977	UBXN1	UBX domain protein 1
206023_at	0.94214665	9.15e-01	-0.1079759	-6.68293	-0.01048943	NMU	neuromedin U
220548_at	0.94215255	9.15e-01	-0.1078308	-6.68294	-0.00314928	PKDREJ	polycystin (PKD) family receptor for egg jelly
206882_at	0.94271032	9.16e-01	0.1070001	-6.68304	0.0054819	SLC1A6	solute carrier family 1 member 6
632_at	0.94293885	9.16e-01	0.1065783	-6.68308	0.00591704	GSK3A	glycogen synthase kinase 3 alpha
205187_at	0.94308465	9.17e-01	-0.1062593	-6.68312	-0.00737869	SMAD5	SMAD family member 5
211992_at	0.94322809	9.17e-01	0.1059432	-6.68315	0.01217541	WNK1	WNK lysine deficient protein kinase 1
214542_x_at	0.94350142	9.17e-01	0.1054656	-6.68321	0.00714524	HIST1H2AH///HIST1H2AG///HIST1H2AM///HIST1H2AL///HIST1H2AK///HIST1H2AI	histone cluster 1, H2ah///histone cluster 1, H2ag///histone cluster 1, H2am///histone cluster 1, H2al///histone cluster 1, H2ak///histone cluster 1, H2ai
208700_s_at	0.9436583	9.18e-01	-0.1049741	-6.68326	-0.01236987	TKT	transketolase
210908_s_at	0.9436583	9.18e-01	0.104903	-6.68327	0.01521263	PFDN5	prefoldin subunit 5
201438_at	0.9436583	9.18e-01	0.1048569	-6.68327	0.00661611	COL6A3	collagen type VI alpha 3 chain
203083_at	0.94385646	9.18e-01	0.1043804	-6.68332	0.00574195	THBS2	thrombospondin 2
209911_x_at	0.94385646	9.18e-01	-0.1042347	-6.68334	-0.01316574	HIST1H2BD	histone cluster 1, H2bd
204464_s_at	0.94385646	9.18e-01	-0.1041967	-6.68334	-0.00582942	EDNRA	endothelin receptor type A
206142_at	0.94445176	9.19e-01	0.1033185	-6.68344	0.00635623	ZNF135	zinc finger protein 135
218021_at	0.94454692	9.19e-01	-0.1029455	-6.68348	-0.0061072	DHRS4L2///DHRS4	dehydrogenase/reductase 4 like 2///dehydrogenase/reductase 4
206787_at	0.94454692	9.19e-01	-0.1029241	-6.68348	-0.00382779	BRDT	bromodomain testis associated
209067_s_at	0.9445933	9.19e-01	-0.1027284	-6.6835	-0.01132349	HNRNPDL	heterogeneous nuclear ribonucleoprotein D like
221112_at	0.94587457	9.21e-01	-0.1009966	-6.68368	-0.00497381	IL1RAPL2	interleukin 1 receptor accessory protein like 2
221450_x_at	0.9460087	9.21e-01	0.1006916	-6.68372	0.00429763	PCDHB13	protocadherin beta 13
213068_at	0.94643908	9.21e-01	-0.100018	-6.68379	-0.0037327	DPT	dermatopontin
203365_s_at	0.94654808	9.22e-01	-0.0997442	-6.68382	-0.00690082	MMP15	matrix metallopeptidase 15
203133_at	0.94655648	9.22e-01	-0.0995955	-6.68383	-0.00705242	SEC61B	Sec61 translocon beta subunit
210601_at	0.94666861	9.22e-01	-0.0992941	-6.68386	-0.00455847	CDH6	cadherin 6
219105_x_at	0.94666861	9.22e-01	-0.0991794	-6.68387	-0.00757724	ORC6	origin recognition complex subunit 6
201556_s_at	0.94907783	9.25e-01	0.0960433	-6.68419	0.01095827	VAMP2	vesicle associated membrane protein 2
212320_at	0.94943212	9.25e-01	0.0954638	-6.68425	0.0118464	TUBB	tubulin beta class I
202152_x_at	0.94948474	9.25e-01	0.0952597	-6.68427	0.00657353	USF2	upstream transcription factor 2, c-fos interacting
208565_at	0.94965172	9.25e-01	-0.0949133	-6.6843	-0.00409818	MC5R	melanocortin 5 receptor
205791_x_at	0.9498759	9.26e-01	-0.0944956	-6.68435	-0.00472013	ZNF230	zinc finger protein 230
219106_s_at	0.95022933	9.26e-01	-0.0936642	-6.68443	-0.00358274	KLHL41	kelch like family member 41
219114_at	0.95022933	9.27e-01	0.093511	-6.68444	0.00538435	C3orf18	chromosome 3 open reading frame 18
200080_s_at	0.95022933	9.27e-01	-0.0935025	-6.68444	-0.00871086	H3F3AP4///H3F3B///H3F3A	H3 histone, family 3A, pseudogene 4///H3 histone, family 3B///H3 histone, family 3A
201534_s_at	0.95022933	9.27e-01	-0.0935009	-6.68444	-0.00785307	UBL3	ubiquitin like 3
214642_x_at	0.95057984	9.27e-01	-0.0929258	-6.6845	-0.00312105	MAGEA10-MAGEA5///MAGEA5	MAGEA10-MAGEA5 readthrough///MAGE family member A5
210884_s_at	0.95096047	9.27e-01	-0.0923131	-6.68456	-0.0045499	SPAG11A	sperm associated antigen 11A
203934_at	0.95096115	9.28e-01	0.0921734	-6.68457	0.00488502	KDR	kinase insert domain receptor
209154_at	0.95105273	9.28e-01	0.0919205	-6.68459	0.0104914	P2RX5-TAX1BP3///TAX1BP3	P2RX5-TAX1BP3 readthrough (NMD candidate)///Tax1 binding protein 3
204129_at	0.95117707	9.28e-01	0.0915106	-6.68463	0.00411413	BCL9	B-cell CLL/lymphoma 9
215071_s_at	0.95117707	9.28e-01	-0.091488	-6.68464	-0.02437991	HIST1H2AC	histone cluster 1, H2ac
219550_at	0.95135078	9.28e-01	-0.0910527	-6.68468	-0.00568817	ROBO3	roundabout guidance receptor 3
203271_s_at	0.95135078	9.29e-01	-0.0909939	-6.68468	-0.00383786	UNC119	unc-119 lipid binding chaperone
214730_s_at	0.95189987	9.29e-01	-0.090171	-6.68476	-0.00644056	GLG1	golgi glycoprotein 1
202674_s_at	0.95263619	9.30e-01	0.0891146	-6.68486	0.00572702	LMO7	LIM domain 7
219020_at	0.9528617	9.30e-01	-0.0886946	-6.6849	-0.00397898	HS1BP3	HCLS1 binding protein 3
210740_s_at	0.95360131	9.31e-01	-0.0876339	-6.68499	-0.00305086	ITPK1	inositol-tetrakisphosphate 1-kinase
203675_at	0.95394513	9.32e-01	-0.0870663	-6.68505	-0.01231091	NUCB2	nucleobindin 2
216889_s_at	0.95398919	9.32e-01	-0.0867568	-6.68507	-0.00377029	HNF4A	hepatocyte nuclear factor 4 alpha
219274_at	0.95398919	9.32e-01	-0.0867331	-6.68508	-0.00445408	TSPAN12	tetraspanin 12
205610_at	0.95434513	9.32e-01	0.0861502	-6.68513	0.00320432	MYOM1	myomesin 1
221317_x_at	0.95435439	9.32e-01	0.0859995	-6.68514	0.00329416	PCDHB6	protocadherin beta 6
220504_at	0.95534463	9.33e-01	-0.0846258	-6.68526	-0.00543269	KERA	keratocan
221871_s_at	0.95564206	9.34e-01	-0.0841156	-6.68531	-0.00422018	TFG	TRK-fused gene
219508_at	0.95614625	9.35e-01	0.0833044	-6.68538	0.00277352	GCNT3	glucosaminyl (N-acetyl) transferase 3, mucin type
214398_s_at	0.95614625	9.35e-01	-0.0831341	-6.68539	-0.00396682	IKBKE	inhibitor of kappa light polypeptide gene enhancer in B-cells, kinase epsilon
220091_at	0.95614625	9.35e-01	-0.0830687	-6.6854	-0.00347562	SLC2A6	solute carrier family 2 member 6
221328_at	0.95656019	9.35e-01	-0.0823348	-6.68546	-0.00350908	CLDN17	claudin 17
221295_at	0.95656019	9.35e-01	0.0822735	-6.68547	0.00283211	CIDEA	cell death-inducing DFFA-like effector a
210108_at	0.95777711	9.37e-01	-0.0806163	-6.68561	-0.00298763	CACNA1D	calcium voltage-gated channel subunit alpha1 D
204952_at	0.95862384	9.38e-01	-0.0794205	-6.68571	-0.00364669	LYPD3	LY6/PLAUR domain containing 3
202870_s_at	0.95980827	9.39e-01	0.0778035	-6.68584	0.01554598	CDC20	cell division cycle 20
206486_at	0.95992027	9.39e-01	0.0775239	-6.68586	0.00502612	LAG3	lymphocyte activating 3
214279_s_at	0.96001613	9.39e-01	0.0772644	-6.68588	0.00361529	NDRG2	NDRG family member 2
202727_s_at	0.96019819	9.40e-01	-0.0768413	-6.68592	-0.00806605	IFNGR1	interferon gamma receptor 1
220923_s_at	0.96019819	9.40e-01	-0.0767573	-6.68592	-0.00370474	PNMA3	paraneoplastic Ma antigen 3
206923_at	0.96024181	9.40e-01	0.076531	-6.68594	0.00301081	PRKCA	protein kinase C alpha
218217_at	0.96024181	9.40e-01	0.076423	-6.68595	0.01406993	SCPEP1	serine carboxypeptidase 1
205569_at	0.96040349	9.40e-01	0.0759906	-6.68598	0.00456229	LAMP3	lysosomal associated membrane protein 3
208558_at	0.96040349	9.40e-01	-0.0758804	-6.68599	-0.00385534	OR10H1	olfactory receptor family 10 subfamily H member 1
220031_at	0.96040349	9.40e-01	0.0758013	-6.686	0.00243723	OTUD7B	OTU deubiquitinase 7B
214479_at	0.9612381	9.41e-01	-0.0746194	-6.68609	-0.0032207	GFRA3	GDNF family receptor alpha 3
204310_s_at	0.96164815	9.42e-01	0.0739187	-6.68615	0.00360127	NPR2	natriuretic peptide receptor 2
209124_at	0.96164815	9.42e-01	0.0738119	-6.68615	0.00469775	MYD88	myeloid differentiation primary response 88
206498_at	0.96164815	9.42e-01	0.0736871	-6.68616	0.00250485	OCA2	OCA2 melanosomal transmembrane protein
205601_s_at	0.9618083	9.42e-01	0.073347	-6.68619	0.00526589	HOXB5	homeobox B5
219568_x_at	0.96213191	9.43e-01	0.0728027	-6.68623	0.00508931	SOX18	SRY-box 18
210247_at	0.96222309	9.43e-01	-0.0723595	-6.68626	-0.00270228	SYN2	synapsin II
206280_at	0.96222309	9.43e-01	-0.0722183	-6.68628	-0.00347575	CDH18	cadherin 18
211877_s_at	0.96222309	9.43e-01	0.0721296	-6.68628	0.00395052	PCDHGA11///PCDHGC3	protocadherin gamma subfamily A, 11///protocadherin gamma subfamily C, 3
206476_s_at	0.96222309	9.43e-01	-0.0721279	-6.68628	-0.00375734	NOVA2	NOVA alternative splicing regulator 2
218625_at	0.96294766	9.44e-01	-0.0710824	-6.68636	-0.0094611	NRN1	neuritin 1
221293_s_at	0.96335522	9.45e-01	0.0704329	-6.68641	0.00381759	DEF6	DEF6, guanine nucleotide exchange factor
220315_at	0.96578226	9.47e-01	-0.0672599	-6.68663	-0.00370389	PARP11	poly(ADP-ribose) polymerase family member 11
217903_at	0.96607211	9.48e-01	0.0667571	-6.68667	0.00498047	STRN4	striatin 4
221370_at	0.96647014	9.48e-01	-0.066119	-6.68671	-0.00321259	ZNF717	zinc finger protein 717
204685_s_at	0.9665348	9.48e-01	-0.0658975	-6.68673	-0.00298196	ATP2B2	ATPase plasma membrane Ca2+ transporting 2
203835_at	0.96685533	9.49e-01	-0.0653561	-6.68677	-0.00253402	LRRC32	leucine rich repeat containing 32
202769_at	0.96717868	9.49e-01	0.0648111	-6.6868	0.00907412	CCNG2	cyclin G2
204642_at	0.96720172	9.49e-01	-0.0646415	-6.68681	-0.00413925	S1PR1	sphingosine-1-phosphate receptor 1
215531_s_at	0.9678508	9.50e-01	-0.0636892	-6.68688	-0.00377914	GABRA5	gamma-aminobutyric acid type A receptor alpha5 subunit
209114_at	0.96819096	9.50e-01	0.0630664	-6.68692	0.00199467	TSPAN1	tetraspanin 1
220784_s_at	0.96819096	9.51e-01	-0.0627784	-6.68694	-0.00287774	UTS2	urotensin 2
210429_at	0.96819096	9.51e-01	-0.0627384	-6.68694	-0.00481275	RHD	Rh blood group D antigen
221417_x_at	0.96819096	9.51e-01	0.0626175	-6.68695	0.00221775	S1PR5	sphingosine-1-phosphate receptor 5
203287_at	0.96819096	9.51e-01	-0.0625322	-6.68695	-0.00201875	LAD1	ladinin 1
211095_at	0.96819096	9.51e-01	0.0624181	-6.68696	0.00293235	NF1	neurofibromin 1
201792_at	0.96828547	9.51e-01	-0.0621588	-6.68698	-0.0060833	AEBP1	AE binding protein 1
202679_at	0.96867771	9.52e-01	0.0613011	-6.68703	0.00499471	NPC1	NPC intracellular cholesterol transporter 1
204440_at	0.96867771	9.52e-01	-0.0612733	-6.68703	-0.00346188	CD83	CD83 molecule
200925_at	0.96867771	9.52e-01	0.061245	-6.68704	0.00446043	COX6A1	cytochrome c oxidase subunit 6A1
207555_s_at	0.96873714	9.52e-01	-0.0610296	-6.68705	-0.0032962	TBXA2R	thromboxane A2 receptor
220302_at	0.96904507	9.52e-01	-0.0605032	-6.68708	-0.00228891	MAK	male germ cell associated kinase
208658_at	0.96920339	9.53e-01	-0.0600922	-6.68711	-0.00492139	PDIA4	protein disulfide isomerase family A member 4
207138_at	0.96920339	9.53e-01	-0.0600228	-6.68711	-0.00278023	PHF2	PHD finger protein 2
203874_s_at	0.96945341	9.53e-01	-0.0595687	-6.68714	-0.00408567	SMARCA1	SWI/SNF related, matrix associated, actin dependent regulator of chromatin, subfamily a, member 1
207917_at	0.9697473	9.54e-01	-0.0590562	-6.68717	-0.00265861	NUDT13	nudix hydrolase 13
203110_at	0.9697473	9.54e-01	0.0589184	-6.68718	0.00626852	PTK2B	protein tyrosine kinase 2 beta
202111_at	0.96983415	9.54e-01	0.0586685	-6.6872	0.00468735	SLC4A2	solute carrier family 4 member 2
204731_at	0.97014171	9.54e-01	-0.0581421	-6.68723	-0.0025109	TGFBR3	transforming growth factor beta receptor 3
202023_at	0.97047565	9.55e-01	-0.0574429	-6.68727	-0.00560274	EFNA1	ephrin A1
221375_at	0.97047565	9.55e-01	-0.0574413	-6.68727	-0.00209834	OR1G1	olfactory receptor family 1 subfamily G member 1
222106_at	0.97080509	9.55e-01	0.0568874	-6.6873	0.00258684	PRND	prion protein 2 (dublet)
205132_at	0.97126183	9.56e-01	0.0561738	-6.68735	0.00297575	ACTC1	actin, alpha, cardiac muscle 1
200675_at	0.97127314	9.56e-01	-0.0560183	-6.68736	-0.00789206	CD81	CD81 molecule
207679_at	0.97131399	9.56e-01	0.0558257	-6.68737	0.00219869	PAX3	paired box 3
201853_s_at	0.97140313	9.56e-01	-0.0555726	-6.68738	-0.00538035	CDC25B	cell division cycle 25B
214276_at	0.97211469	9.57e-01	0.0545394	-6.68744	0.00279592	KLF12	Kruppel like factor 12
206983_at	0.97214599	9.57e-01	-0.0543587	-6.68745	-0.00204579	CCR6	C-C motif chemokine receptor 6
205806_at	0.97215122	9.57e-01	-0.0542107	-6.68746	-0.00228735	ROM1	retinal outer segment membrane protein 1
207289_at	0.9725574	9.58e-01	0.05356	-6.6875	0.00263367	MMP25	matrix metallopeptidase 25
219026_s_at	0.97343016	9.59e-01	0.0523242	-6.68756	0.00238531	RASAL2	RAS protein activator like 2
209990_s_at	0.97355188	9.59e-01	-0.0519154	-6.68759	-0.00244627	GABBR2	gamma-aminobutyric acid type B receptor subunit 2
205826_at	0.97355188	9.59e-01	0.0518883	-6.68759	0.00264109	MYOM2	myomesin 2
218369_s_at	0.97366123	9.59e-01	0.0516095	-6.6876	0.00322346	EXOSC1	exosome component 1
204519_s_at	0.97383781	9.60e-01	0.0511401	-6.68763	0.00231441	PLLP	plasmolipin
206271_at	0.97383781	9.60e-01	0.0511046	-6.68763	0.00218227	TLR3	toll like receptor 3
216299_s_at	0.97436077	9.60e-01	-0.0503069	-6.68767	-0.00296311	XRCC3	X-ray repair cross complementing 3
212881_at	0.97488152	9.61e-01	-0.0495118	-6.68771	-0.00336156	PIAS4	protein inhibitor of activated STAT 4
221377_s_at	0.97652174	9.63e-01	-0.0472076	-6.68783	-0.00194357	RBPJL	recombination signal binding protein for immunoglobulin kappa J region like
205236_x_at	0.97652174	9.63e-01	-0.04717	-6.68783	-0.00291784	SOD3	superoxide dismutase 3, extracellular
203241_at	0.97676861	9.63e-01	0.0467182	-6.68785	0.00363151	UVRAG	UV radiation resistance associated
208527_x_at	0.97705001	9.64e-01	-0.0462229	-6.68788	-0.00544817	HIST1H2BE	histone cluster 1, H2be
205051_s_at	0.97746677	9.64e-01	-0.0454519	-6.68791	-0.00713234	KIT	KIT proto-oncogene receptor tyrosine kinase
214635_at	0.97746677	9.64e-01	-0.0452837	-6.68792	-0.00209436	CLDN9	claudin 9
218683_at	0.97746677	9.64e-01	-0.0451617	-6.68793	-0.00476392	PTBP2	polypyrimidine tract binding protein 2
220130_x_at	0.97746677	9.65e-01	0.0451312	-6.68793	0.00250596	LTB4R2	leukotriene B4 receptor 2
205388_at	0.97802887	9.65e-01	-0.0442832	-6.68797	-0.002248	TNNC2	troponin C2, fast skeletal type
218959_at	0.97837387	9.66e-01	-0.0437078	-6.68799	-0.00184369	HOXC10	homeobox C10
202584_at	0.97857615	9.66e-01	-0.0431735	-6.68802	-0.00269196	NFX1	nuclear transcription factor, X-box binding 1
200986_at	0.97857615	9.66e-01	0.0431691	-6.68802	0.00587123	SERPING1	serpin family G member 1
213396_s_at	0.97912349	9.67e-01	0.0423393	-6.68805	0.00252842	AKAP10	A-kinase anchoring protein 10
206048_at	0.97929528	9.67e-01	-0.0419811	-6.68807	-0.001769	OVOL2	ovo like zinc finger 2
59705_at	0.98007404	9.68e-01	0.0408603	-6.68812	0.00164717	SCLY	selenocysteine lyase
203649_s_at	0.98055188	9.68e-01	-0.0400498	-6.68815	-0.00190452	PLA2G2A	phospholipase A2 group IIA
210608_s_at	0.98055188	9.69e-01	0.0399749	-6.68816	0.00142171	FUT2	fucosyltransferase 2
205186_at	0.98063329	9.69e-01	0.03973	-6.68817	0.00157691	DNALI1	dynein axonemal light intermediate chain 1
210001_s_at	0.98080741	9.69e-01	0.0393685	-6.68818	0.00238415	SOCS1	suppressor of cytokine signaling 1
204646_at	0.98122264	9.70e-01	-0.0385014	-6.68822	-0.00446055	DPYD	dihydropyrimidine dehydrogenase
208261_x_at	0.98122264	9.70e-01	0.0384457	-6.68822	0.00117443	IFNA10	interferon alpha 10
207599_at	0.98122264	9.70e-01	-0.0384186	-6.68822	-0.00139665	MMP20	matrix metallopeptidase 20
208088_s_at	0.98156907	9.70e-01	0.0378404	-6.68824	0.002079	CFHR5	complement factor H related 5
209083_at	0.9821283	9.71e-01	-0.0369945	-6.68828	-0.00546138	CORO1A	coronin 1A
204413_at	0.98222132	9.71e-01	0.0367347	-6.68829	0.00136141	TRAF2	TNF receptor associated factor 2
220755_s_at	0.98241	9.71e-01	0.036353	-6.6883	0.00395007	C6orf48	chromosome 6 open reading frame 48
207066_at	0.98241	9.72e-01	0.0362117	-6.6883	0.00134301	HRC	histidine rich calcium binding protein
220750_s_at	0.98247239	9.72e-01	0.0359904	-6.68831	0.00222326	P3H1	prolyl 3-hydroxylase 1
205924_at	0.98255042	9.72e-01	-0.0357494	-6.68832	-0.00135508	RAB3B	RAB3B, member RAS oncogene family
205387_s_at	0.98265264	9.72e-01	-0.0354779	-6.68833	-0.00177027	CGB1///CGB8///CGB7///CGB5///CGB3	chorionic gonadotropin beta subunit 1///chorionic gonadotropin beta subunit 8///chorionic gonadotropin beta subunit 7///chorionic gonadotropin beta subunit 5///chorionic gonadotropin beta subunit 3
206718_at	0.98268986	9.72e-01	-0.0351504	-6.68834	-0.0018852	LMO1	LIM domain only 1
205582_s_at	0.98268986	9.72e-01	0.0351453	-6.68834	0.00132593	GGT5	gamma-glutamyltransferase 5
203845_at	0.98295133	9.73e-01	0.0346733	-6.68836	0.0026331	KAT2B	lysine acetyltransferase 2B
34187_at	0.98304214	9.73e-01	-0.0344161	-6.68837	-0.00118226	RBMS2	RNA binding motif single stranded interacting protein 2
200944_s_at	0.98322085	9.73e-01	0.0340482	-6.68838	0.00299523	LOC101927733///HMGN1	uncharacterized LOC101927733///high mobility group nucleosome binding domain 1
207952_at	0.98322378	9.73e-01	0.0339015	-6.68839	0.00222942	IL5	interleukin 5
202273_at	0.98344796	9.74e-01	-0.0334763	-6.6884	-0.00216925	PDGFRB	platelet derived growth factor receptor beta
205540_s_at	0.98352168	9.74e-01	-0.0332405	-6.68841	-0.00238824	RRAGB	Ras related GTP binding B
204534_at	0.98375492	9.74e-01	-0.0328038	-6.68843	-0.00134752	SEBOX///VTN	SEBOX homeobox///vitronectin
212716_s_at	0.98382712	9.74e-01	0.0325698	-6.68844	0.00225274	EIF3K	eukaryotic translation initiation factor 3 subunit K
219084_at	0.98401096	9.75e-01	0.0321952	-6.68845	0.00123757	NSD1	nuclear receptor binding SET domain protein 1
208250_s_at	0.98414736	9.75e-01	-0.0318803	-6.68846	-0.00111495	DMBT1	deleted in malignant brain tumors 1
213791_at	0.98548859	9.76e-01	0.0300476	-6.68852	0.0014771	PENK	proenkephalin
220629_at	0.98604286	9.77e-01	0.029206	-6.68854	0.00137246	KCNQ1DN	KCNQ1 downstream neighbor (non-protein coding)
205986_at	0.9862547	9.78e-01	0.0285615	-6.68856	0.00160494	AATK	apoptosis associated tyrosine kinase
206109_at	0.9862547	9.78e-01	0.028536	-6.68856	0.00110987	FUT1	fucosyltransferase 1 (H blood group)
218943_s_at	0.9862547	9.78e-01	-0.0284499	-6.68857	-0.00195568	DDX58	DEXD/H-box helicase 58
221139_s_at	0.9862547	9.78e-01	-0.0283281	-6.68857	-0.0015854	CSAD	cysteine sulfinic acid decarboxylase
219789_at	0.9862547	9.78e-01	-0.0282222	-6.68857	-0.00286072	NPR3	natriuretic peptide receptor 3
221358_at	0.98673361	9.78e-01	0.027475	-6.68859	0.00138838	NPBWR2	neuropeptides B/W receptor 2
217977_at	0.9869336	9.79e-01	-0.0270794	-6.68861	-0.00160427	MSRB1	methionine sulfoxide reductase B1
217296_at	0.98736086	9.79e-01	0.0263972	-6.68862	0.00119251	KIR2DS1	killer cell immunoglobulin like receptor, two Ig domains and short cytoplasmic tail 1
219707_at	0.98762467	9.80e-01	0.025921	-6.68864	0.00182838	CPNE7	copine 7
210671_x_at	0.98814668	9.80e-01	0.0251191	-6.68866	0.00130927	MAPK8	mitogen-activated protein kinase 8
208546_x_at	0.98815623	9.80e-01	0.0249634	-6.68866	0.00264347	HIST1H2BH	histone cluster 1, H2bh
211532_x_at	0.98850429	9.81e-01	0.0243807	-6.68868	0.00121709	KIR2DS2	killer cell immunoglobulin like receptor, two Ig domains and short cytoplasmic tail 2
214478_at	0.9886435	9.81e-01	0.0240614	-6.68869	0.00105209	SPP2	secreted phosphoprotein 2
210925_at	0.98906432	9.82e-01	-0.0233867	-6.6887	-0.00106481	CIITA	class II major histocompatibility complex transactivator
205698_s_at	0.98906548	9.82e-01	-0.0232415	-6.68871	-0.00122229	MAP2K6	mitogen-activated protein kinase kinase 6
217004_s_at	0.98909571	9.82e-01	-0.0230596	-6.68871	-0.00093124	MCF2	MCF.2 cell line derived transforming sequence
220069_at	0.98915914	9.82e-01	0.0225501	-6.68872	0.00089373	TUBA8	tubulin alpha 8
209761_s_at	0.98915914	9.82e-01	-0.0224833	-6.68872	-0.00170681	SP110	SP110 nuclear body protein
210437_at	0.98915914	9.82e-01	0.022428	-6.68873	0.00096311	MAGEA9B///MAGEA9	MAGE family member A9B///MAGE family member A9
206259_at	0.98915914	9.82e-01	0.0224044	-6.68873	0.00100867	PROC	protein C, inactivator of coagulation factors Va and VIIIa
205655_at	0.99033534	9.84e-01	0.0207755	-6.68876	0.00137831	MDM4	MDM4, p53 regulator
220055_at	0.99034947	9.84e-01	0.0206137	-6.68877	0.00095362	ZNF287	zinc finger protein 287
201864_at	0.9905791	9.84e-01	-0.0201446	-6.68878	-0.00145896	GDI1	GDP dissociation inhibitor 1
218459_at	0.9905791	9.84e-01	0.0200357	-6.68878	0.00140423	TOR3A	torsin family 3 member A
210845_s_at	0.99064999	9.84e-01	-0.0197743	-6.68878	-0.00783763	PLAUR	plasminogen activator, urokinase receptor
204321_at	0.99064999	9.85e-01	-0.0196582	-6.68879	-0.00127191	NEO1	neogenin 1
220081_x_at	0.99120629	9.85e-01	0.0188114	-6.6888	0.00140997	HSD17B7	hydroxysteroid 17-beta dehydrogenase 7
214636_at	0.99128417	9.85e-01	0.0185101	-6.68881	0.00088903	CALCB	calcitonin related polypeptide beta
217751_at	0.99128417	9.86e-01	-0.0183301	-6.68881	-0.00137532	GSTK1	glutathione S-transferase kappa 1
207084_at	0.99128417	9.86e-01	0.0182506	-6.68881	0.0007308	POU3F2	POU class 3 homeobox 2
210058_at	0.99128417	9.86e-01	0.0181367	-6.68882	0.00097787	MAPK13	mitogen-activated protein kinase 13
203563_at	0.99149062	9.86e-01	0.0177316	-6.68882	0.00094428	AFAP1	actin filament associated protein 1
204206_at	0.99202609	9.87e-01	-0.0168942	-6.68884	-0.00092914	MNT	MAX network transcriptional repressor
208061_at	0.99202609	9.87e-01	-0.0166435	-6.68884	-0.00063556		
209546_s_at	0.99202609	9.87e-01	-0.0166222	-6.68884	-0.00091881	APOL1	apolipoprotein L1
221336_at	0.9922121	9.87e-01	-0.0161953	-6.68885	-0.00091113	ATOH1	atonal bHLH transcription factor 1
202996_at	0.9922121	9.87e-01	0.0160985	-6.68885	0.00071063	POLD4	DNA polymerase delta 4, accessory subunit
206727_at	0.99222391	9.87e-01	-0.0159394	-6.68885	-0.00084786	C9	complement component 9
209800_at	0.99297124	9.88e-01	0.0147772	-6.68887	0.00068154	KRT16	keratin 16
205647_at	0.99297124	9.88e-01	-0.0147054	-6.68887	-0.00075348	RAD52	RAD52 homolog, DNA repair protein
203168_at	0.99313565	9.89e-01	-0.0143531	-6.68888	-0.00063754	ATF6B	activating transcription factor 6 beta
219554_at	0.99331075	9.89e-01	-0.0139871	-6.68889	-0.00074479	RHCG	Rh family C glycoprotein
201439_at	0.99401636	9.90e-01	0.0129497	-6.6889	0.00111694	GBF1	golgi brefeldin A resistant guanine nucleotide exchange factor 1
207058_s_at	0.99529329	9.91e-01	0.011119	-6.68892	0.00048275	PARK2	parkin RBR E3 ubiquitin protein ligase
204175_at	0.99529329	9.91e-01	0.0110443	-6.68892	0.00096927	ZNF593	zinc finger protein 593
204735_at	0.99545406	9.92e-01	-0.0106961	-6.68893	-0.00060088	PDE4A	phosphodiesterase 4A
204506_at	0.99546524	9.92e-01	-0.0105372	-6.68893	-0.00058864	PPP3R1	protein phosphatase 3 regulatory subunit B, alpha
219866_at	0.99552021	9.92e-01	0.010323	-6.68893	0.00036941	CLIC5	chloride intracellular channel 5
207908_at	0.9955452	9.92e-01	0.0100533	-6.68893	0.00039655	KRT2	keratin 2
210078_s_at	0.9955452	9.92e-01	0.010002	-6.68893	0.00054447	KCNAB1	potassium voltage-gated channel subfamily A member regulatory beta subunit 1
220778_x_at	0.99570563	9.92e-01	-0.0096541	-6.68894	-0.00045132	SEMA6B	semaphorin 6B
207451_at	0.9957596	9.93e-01	-0.0093665	-6.68894	-0.00042203	NKX2-8	NK2 homeobox 8
217901_at	0.9957596	9.93e-01	-0.0091127	-6.68894	-0.00125692	DSG2	desmoglein 2
217349_s_at	0.9957596	9.93e-01	0.0089418	-6.68895	0.00045887	PRICKLE3	prickle planar cell polarity protein 3
221385_s_at	0.9957596	9.93e-01	-0.0089219	-6.68895	-0.00036049	GPR42///FFAR3	G protein-coupled receptor 42 (gene/pseudogene)///free fatty acid receptor 3
201105_at	0.9957596	9.93e-01	0.0088622	-6.68895	0.00319671	LGALS1	galectin 1
209667_at	0.99621422	9.94e-01	-0.0081412	-6.68895	-0.00044128	CES2	carboxylesterase 2
218667_at	0.99659904	9.94e-01	0.0075085	-6.68896	0.00046701	PJA1	praja ring finger ubiquitin ligase 1
204595_s_at	0.9969853	9.95e-01	0.006874	-6.68896	0.00022667	STC1	stanniocalcin 1
210160_at	0.99744769	9.95e-01	0.0061428	-6.68897	0.00022919	PAFAH1B2	platelet activating factor acetylhydrolase 1b catalytic subunit 2
209735_at	0.99775191	9.96e-01	0.005612	-6.68897	0.00033068	ABCG2	ATP binding cassette subfamily G member 2 (Junior blood group)
204191_at	0.9979747	9.96e-01	0.0051844	-6.68897	0.00015935	IFNAR1	interferon alpha and beta receptor subunit 1
206049_at	0.99847232	9.97e-01	-0.0044082	-6.68898	-0.00058589	SELP	selectin P
204359_at	0.99860138	9.97e-01	-0.0040994	-6.68898	-0.00015309	LOC100506718///FLRT2	uncharacterized LOC100506718///fibronectin leucine rich transmembrane protein 2
205523_at	0.99862932	9.97e-01	0.0038074	-6.68898	0.00021624	HAPLN1	hyaluronan and proteoglycan link protein 1
205169_at	0.99862932	9.97e-01	-0.0036938	-6.68898	-0.00029784	RBBP5	RB binding protein 5, histone lysine methyltransferase complex subunit
218673_s_at	0.99862932	9.97e-01	0.0036286	-6.68898	0.00025443	ATG7	autophagy related 7
201349_at	0.99872748	9.97e-01	-0.0033589	-6.68898	-0.00016752	SLC9A3R1	SLC9A3 regulator 1
205691_at	0.99889995	9.98e-01	-0.0029948	-6.68898	-0.00028913	SYNGR3	synaptogyrin 3
201850_at	0.99915361	9.98e-01	0.0023653	-6.68898	0.0003572	CAPG	capping actin protein, gelsolin like
208243_s_at	0.99915361	9.98e-01	0.002275	-6.68898	0.00008581	CNR1	cannabinoid receptor 1
203717_at	0.99915361	9.98e-01	0.0022372	-6.68898	0.00011193	DPP4	dipeptidyl peptidase 4
204404_at	0.99944372	9.99e-01	0.0017236	-6.68899	0.00006459	SLC12A2	solute carrier family 12 member 2
37462_i_at	0.99958447	9.99e-01	-0.0013996	-6.68899	-0.00017383	SF3A2	splicing factor 3a subunit 2
208771_s_at	0.99958949	9.99e-01	-0.001248	-6.68899	-0.00011339	LOC101928830///LTA4H	uncharacterized LOC101928830///leukotriene A4 hydrolase
205696_s_at	0.99975932	9.99e-01	0.000887	-6.68899	0.00003394	GFRA1	GDNF family receptor alpha 1
206942_s_at	0.9997696	9.99e-01	0.0007287	-6.68899	0.00003383	PMCH	pro-melanin concentrating hormone
218063_s_at	0.99992723	1.00	0.0003831	-6.68899	0.00001669	CDC42EP4	CDC42 effector protein 4
205957_at	0.99997669	1.00	-0.0001749	-6.68899	-0.00000737	PLXNB3	plexin B3
219664_s_at	0.99997931	1.00	-0.0000263	-6.68899	-0.00000141	DECR2	2,4-dienoyl-CoA reductase 2, peroxisomal
